{
    "clk_freq": 1536000,
    "input_freq0": 104,
    "freq0": 104.64982559467092,
    "lf": 4,
    "lp": 145,
    "chosen_bias": [
        -3.512,
        -9.746,
        -9.3,
        -9.848
    ],
    "chosen_weights": [
        27.396,
        20.27,
        19.597,
        18.477,
        19.634
    ],
    "mse": [
        10.469073982650398,
        18.799139572607377,
        81.6373510120601,
        67.2728683263982,
        44.544608223429016
    ],
    "mse_mean": 44.544608223429016,
    "weight_results": [
        27.533,
        20.43,
        19.662,
        18.7,
        20.884
    ],
    "theta_results": [
        -3.512,
        -9.747,
        -9.382,
        -10.468
    ],
    "iterations": "15"
}