{
    "clk_freq": 1536000,
    "input_freq0": 102,
    "freq0": 102.54278212632182,
    "lf": 4,
    "lp": 148,
    "chosen_bias": [
        -3.677,
        -10.151,
        -9.348,
        -9.831
    ],
    "chosen_weights": [
        24.724,
        17.573,
        20.542,
        18.76,
        19.907
    ],
    "mse": [
        19.010634624680616,
        32.42262274704785,
        16.033699330156757,
        24.35018299841171,
        22.954284925074237
    ],
    "mse_mean": 22.954284925074237,
    "weight_results": [
        25.304,
        18.157,
        20.361,
        19.067,
        20.164
    ],
    "theta_results": [
        -3.676,
        -10.09,
        -9.575,
        -10.03
    ],
    "iterations": "27"
}