{
    "clk_freq": 1536000,
    "input_freq0": 103,
    "freq0": 103.23563876231049,
    "lf": 4,
    "lp": 147,
    "chosen_bias": [
        -3.676,
        -10.09,
        -9.575,
        -10.03
    ],
    "chosen_weights": [
        25.304,
        18.157,
        20.361,
        19.067,
        20.164
    ],
    "mse": [
        57.55431154381085,
        39.3481223922114,
        27.86077885952712,
        29.955424200278163,
        38.67965924895688
    ],
    "mse_mean": 38.67965924895688,
    "weight_results": [
        27.396,
        20.27,
        19.597,
        18.477,
        19.634
    ],
    "theta_results": [
        -3.512,
        -9.746,
        -9.3,
        -9.848
    ],
    "iterations": "76"
}