{
    "clk_freq": 1536000,
    "input_freq0": 106,
    "freq0": 106.1032953945969,
    "lf": 4,
    "lp": 143,
    "chosen_bias": [
        -3.512,
        -9.747,
        -9.425,
        -10.468
    ],
    "chosen_weights": [
        27.533,
        20.43,
        19.662,
        18.786,
        20.884
    ],
    "mse": [
        66.72621261983116,
        75.23350980111604,
        105.34032050364858,
        73.64100729718129,
        80.23526255544428
    ],
    "mse_mean": 80.23526255544428,
    "weight_results": [
        26.663,
        19.644,
        19.955,
        19.63,
        21.508
    ],
    "theta_results": [
        -3.154,
        -10.055,
        -9.933,
        -10.832
    ],
    "iterations": "7"
}