{
    "clk_freq": 1536000,
    "input_freq0": 107,
    "freq0": 107.59770800578839,
    "lf": 4,
    "lp": 141,
    "chosen_bias": [
        -3.154,
        -10.055,
        -9.933,
        -10.832
    ],
    "chosen_weights": [
        26.663,
        19.644,
        19.955,
        19.63,
        21.508
    ],
    "mse": [
        62.165565798069245,
        50.0145895332801,
        42.27458808158525,
        20.339261087319446,
        43.69850112506351
    ],
    "mse_mean": 43.69850112506351,
    "weight_results": [
        26.663,
        19.644,
        19.955,
        19.854,
        22.052
    ],
    "theta_results": [
        -3.155,
        -10.056,
        -10.046,
        -11.105
    ],
    "iterations": "4"
}