{
    "clk_freq": 1536000,
    "input_freq0": 113,
    "freq0": 113.17684842090335,
    "lf": 4,
    "lp": 134,
    "chosen_bias": [
        -2.817,
        -10.696,
        -11.42,
        -11.089
    ],
    "chosen_weights": [
        24.683,
        19.356,
        21.618,
        22.582,
        22.049
    ],
    "mse": [
        139.18985695708713,
        137.8381396771973,
        88.33343532471505,
        85.37344144419797,
        112.68371835079935
    ],
    "mse_mean": 112.68371835079935,
    "weight_results": [
        24.961,
        19.634,
        21.892,
        22.758,
        22.219
    ],
    "theta_results": [
        -2.956,
        -10.833,
        -11.508,
        -11.174
    ],
    "iterations": "2"
}