{
    "clk_freq": 1536000,
    "input_freq0": 117,
    "freq0": 117.52980412939964,
    "lf": 4,
    "lp": 129,
    "chosen_bias": [
        -3.26,
        -11.102,
        -11.707,
        -11.551
    ],
    "chosen_weights": [
        25.635,
        20.245,
        22.477,
        23.227,
        23.077
    ],
    "mse": [
        54.92092912258372,
        40.866677273088854,
        104.71084241508233,
        177.6961260042956,
        94.54864370376262
    ],
    "mse_mean": 94.54864370376262,
    "weight_results": [
        25.881,
        20.491,
        22.685,
        23.227,
        23.077
    ],
    "theta_results": [
        -3.383,
        -11.206,
        -11.707,
        -11.55
    ],
    "iterations": "3"
}