{
    "clk_freq": 1536000,
    "input_freq0": 118,
    "freq0": 118.44088788234072,
    "lf": 4,
    "lp": 128,
    "chosen_bias": [
        -3.383,
        -11.206,
        -11.707,
        -11.55
    ],
    "chosen_weights": [
        25.881,
        20.491,
        22.685,
        23.227,
        23.077
    ],
    "mse": [
        101.8113071371291,
        54.60882117080995,
        25.095829991980754,
        18.449879711307137,
        49.99145950280674
    ],
    "mse_mean": 49.99145950280674,
    "weight_results": [
        26.808,
        20.117,
        23.144,
        23.907,
        22.573
    ],
    "theta_results": [
        -3.589,
        -11.391,
        -11.916,
        -11.172
    ],
    "iterations": "12"
}