{
    "clk_freq": 1536000,
    "input_freq0": 119,
    "freq0": 119.36620731892151,
    "lf": 4,
    "lp": 127,
    "chosen_bias": [
        -3.589,
        -11.391,
        -11.916,
        -11.172
    ],
    "chosen_weights": [
        26.808,
        20.117,
        23.144,
        23.907,
        22.573
    ],
    "mse": [
        74.25919637804188,
        53.885439404964025,
        86.39372625111164,
        81.61452017139624,
        74.03822055137844
    ],
    "mse_mean": 74.03822055137844,
    "weight_results": [
        27.146,
        20.455,
        23.39,
        23.907,
        23.199
    ],
    "theta_results": [
        -3.757,
        -11.514,
        -11.916,
        -11.485
    ],
    "iterations": "4"
}