{
    "clk_freq": 1536000,
    "input_freq0": 115,
    "freq0": 115.74904952137842,
    "lf": 4,
    "lp": 131,
    "chosen_bias": [
        -3.014,
        -10.882,
        -11.508,
        -11.174
    ],
    "chosen_weights": [
        25.077,
        19.75,
        21.99,
        22.758,
        22.219
    ],
    "mse": [
        113.9699342311306,
        103.88373003445037,
        88.53601628562481,
        75.55903538991544,
        95.4871789852803
    ],
    "mse_mean": 95.4871789852803,
    "weight_results": [
        25.369,
        19.979,
        22.243,
        23.005,
        23.077
    ],
    "theta_results": [
        -3.127,
        -10.985,
        -11.596,
        -11.551
    ],
    "iterations": "10"
}