{
    "clk_freq": 1536000,
    "input_freq0": 126,
    "freq0": 126.27169038695828,
    "lf": 4,
    "lp": 120,
    "chosen_bias": [
        -5.212,
        -12.758,
        -12.64,
        -11.874
    ],
    "chosen_weights": [
        30.22,
        20.552,
        25.462,
        25.222,
        23.763
    ],
    "mse": [
        46.12609291959541,
        37.825561460654896,
        60.93142465283731,
        95.79118806788959,
        60.1685667752443
    ],
    "mse_mean": 60.1685667752443,
    "weight_results": [
        30.476,
        20.808,
        25.462,
        25.222,
        24.253
    ],
    "theta_results": [
        -5.34,
        -12.758,
        -12.64,
        -12.119
    ],
    "iterations": "4"
}