{
    "clk_freq": 1536000,
    "input_freq0": 121,
    "freq0": 121.26090902239645,
    "lf": 4,
    "lp": 125,
    "chosen_bias": [
        -3.756,
        -11.638,
        -11.916,
        -11.56
    ],
    "chosen_weights": [
        27.146,
        20.455,
        23.638,
        23.907,
        23.349
    ],
    "mse": [
        129.7878862590401,
        60.964003944773175,
        35.19551282051282,
        24.39061472715319,
        62.58450443786982
    ],
    "mse_mean": 62.58450443786982,
    "weight_results": [
        27.235,
        20.392,
        24.221,
        24.395,
        22.962
    ],
    "theta_results": [
        -3.755,
        -11.899,
        -12.135,
        -11.346
    ],
    "iterations": "7"
}