{
    "clk_freq": 1536000,
    "input_freq0": 128,
    "freq0": 128.39390367077272,
    "lf": 4,
    "lp": 118,
    "chosen_bias": [
        -5.339,
        -12.758,
        -12.64,
        -12.118
    ],
    "chosen_weights": [
        30.66,
        20.735,
        25.721,
        25.479,
        24.489
    ],
    "mse": [
        73.97121674662014,
        40.812647187091144,
        29.053205407762757,
        16.21901439162669,
        40.014020933275184
    ],
    "mse_mean": 40.014020933275184,
    "weight_results": [
        31.704,
        21.255,
        25.791,
        25.167,
        24.932
    ],
    "theta_results": [
        -5.336,
        -12.763,
        -12.648,
        -12.412
    ],
    "iterations": "49"
}