{
    "clk_freq": 1536000,
    "input_freq0": 124,
    "freq0": 124.21849216928418,
    "lf": 4,
    "lp": 122,
    "chosen_bias": [
        -5.103,
        -12.549,
        -12.64,
        -11.874
    ],
    "chosen_weights": [
        30.002,
        20.334,
        25.044,
        25.222,
        23.763
    ],
    "mse": [
        16.45883542597118,
        13.483778545546473,
        37.630487907643044,
        41.06277913541754,
        27.15897025364456
    ],
    "mse_mean": 27.15897025364456,
    "weight_results": [
        30.002,
        20.334,
        25.044,
        25.222,
        23.763
    ],
    "theta_results": [
        -5.103,
        -12.549,
        -12.64,
        -11.874
    ],
    "iterations": "2"
}