{
    "clk_freq": 1536000,
    "input_freq0": 123,
    "freq0": 123.21673013566091,
    "lf": 4,
    "lp": 123,
    "chosen_bias": [
        -4.919,
        -12.426,
        -12.574,
        -11.8
    ],
    "chosen_weights": [
        29.634,
        19.966,
        24.798,
        25.09,
        23.615
    ],
    "mse": [
        184.7240745383137,
        123.72123339182752,
        66.27325144146403,
        74.43486253864795,
        112.2883554775633
    ],
    "mse_mean": 112.2883554775633,
    "weight_results": [
        30.002,
        20.334,
        25.044,
        25.222,
        23.763
    ],
    "theta_results": [
        -5.103,
        -12.549,
        -12.64,
        -11.874
    ],
    "iterations": "2"
}