{
    "clk_freq": 1536000,
    "input_freq0": 125,
    "freq0": 125.23667653132748,
    "lf": 4,
    "lp": 121,
    "chosen_bias": [
        -5.103,
        -12.549,
        -12.64,
        -11.874
    ],
    "chosen_weights": [
        30.002,
        20.334,
        25.044,
        25.222,
        23.763
    ],
    "mse": [
        41.83222845486996,
        28.31990481047085,
        44.8958014618392,
        57.68765935747068,
        43.183898521162675
    ],
    "mse_mean": 43.183898521162675,
    "weight_results": [
        30.22,
        20.552,
        25.462,
        25.222,
        23.763
    ],
    "theta_results": [
        -5.212,
        -12.758,
        -12.64,
        -11.874
    ],
    "iterations": "5"
}