{
    "clk_freq": 1536000,
    "input_freq0": 120,
    "freq0": 120.30609871513349,
    "lf": 4,
    "lp": 126,
    "chosen_bias": [
        -3.757,
        -11.514,
        -11.916,
        -11.485
    ],
    "chosen_weights": [
        27.146,
        20.455,
        23.39,
        23.907,
        23.199
    ],
    "mse": [
        79.90023636808216,
        37.31314695574211,
        36.13098052000978,
        23.31029423750917,
        44.16366452033581
    ],
    "mse_mean": 44.16366452033581,
    "weight_results": [
        27.146,
        20.455,
        23.638,
        23.907,
        23.349
    ],
    "theta_results": [
        -3.756,
        -11.638,
        -11.916,
        -11.56
    ],
    "iterations": "3"
}