{
    "clk_freq": 1536000,
    "input_freq0": 135,
    "freq0": 135.21127908691994,
    "lf": 4,
    "lp": 112,
    "chosen_bias": [
        -5.674,
        -13.018,
        -13.242,
        -13.237
    ],
    "chosen_weights": [
        33.312,
        22.42,
        26.256,
        26.293,
        26.464
    ],
    "mse": [
        25.245097136543595,
        19.319675904612836,
        39.99732989595802,
        70.97992818340853,
        38.885507780130744
    ],
    "mse_mean": 38.885507780130744,
    "weight_results": [
        33.67,
        22.755,
        26.556,
        26.556,
        26.882
    ],
    "theta_results": [
        -5.834,
        -13.149,
        -13.348,
        -13.425
    ],
    "iterations": "7"
}