{
    "clk_freq": 1536000,
    "input_freq0": 133,
    "freq0": 134.02521523528029,
    "lf": 4,
    "lp": 113,
    "chosen_bias": [
        -5.674,
        -13.018,
        -13.075,
        -13.097
    ],
    "chosen_weights": [
        33.279,
        22.408,
        26.234,
        25.909,
        26.131
    ],
    "mse": [
        51.258347016967704,
        29.655537310709725,
        21.525725232621784,
        18.961412151067325,
        30.350255427841635
    ],
    "mse_mean": 30.35025542784164,
    "weight_results": [
        33.312,
        22.42,
        26.256,
        26.293,
        26.464
    ],
    "theta_results": [
        -5.674,
        -13.018,
        -13.242,
        -13.237
    ],
    "iterations": "6"
}