{
    "clk_freq": 1536000,
    "input_freq0": 130,
    "freq0": 130.58867125488848,
    "lf": 4,
    "lp": 116,
    "chosen_bias": [
        -5.336,
        -12.885,
        -12.742,
        -12.589
    ],
    "chosen_weights": [
        31.794,
        21.257,
        26.104,
        25.419,
        25.316
    ],
    "mse": [
        32.18829900568182,
        39.21102627840909,
        55.42950994318182,
        72.50044389204545,
        49.83231977982955
    ],
    "mse_mean": 49.83231977982955,
    "weight_results": [
        32.205,
        21.629,
        26.389,
        25.421,
        25.393
    ],
    "theta_results": [
        -5.519,
        -13.013,
        -12.731,
        -12.629
    ],
    "iterations": "8"
}