{
    "clk_freq": 1536000,
    "input_freq0": 132,
    "freq0": 132.85977858106045,
    "lf": 4,
    "lp": 114,
    "chosen_bias": [
        -5.518,
        -13.017,
        -12.978,
        -12.929
    ],
    "chosen_weights": [
        32.941,
        22.035,
        26.231,
        25.667,
        25.731
    ],
    "mse": [
        25.172647563951912,
        14.291421856639248,
        12.962577962577962,
        23.931031365813975,
        19.089419687245773
    ],
    "mse_mean": 19.089419687245773,
    "weight_results": [
        33.279,
        22.408,
        26.234,
        25.909,
        26.131
    ],
    "theta_results": [
        -5.674,
        -13.018,
        -13.075,
        -13.097
    ],
    "iterations": "11"
}