{
    "clk_freq": 1536000,
    "input_freq0": 134,
    "freq0": 134.02521523528029,
    "lf": 4,
    "lp": 113,
    "chosen_bias": [
        -5.674,
        -13.018,
        -13.242,
        -13.237
    ],
    "chosen_weights": [
        33.312,
        22.42,
        26.256,
        26.293,
        26.464
    ],
    "mse": [
        52.50136836343733,
        30.934957124612296,
        22.824575807334426,
        20.346195949644226,
        31.651774311257068
    ],
    "mse_mean": 31.651774311257064,
    "weight_results": [
        33.312,
        22.42,
        26.256,
        26.293,
        26.464
    ],
    "theta_results": [
        -5.674,
        -13.018,
        -13.242,
        -13.237
    ],
    "iterations": "3"
}