{
    "clk_freq": 1536000,
    "input_freq0": 14.9,
    "freq0": 14.9062190603141,
    "lf": 4,
    "lp": 1024,
    "chosen_bias": [
        -0.75,
        -1.588,
        -1.399,
        -1.266
    ],
    "chosen_weights": [
        3.371,
        2.027,
        3.082,
        2.824,
        2.723
    ],
    "weight_and_bias_owner": 15.5,
    "x_epsilon_correction": 1,
    "y_epsilon_correction": 4,
    "chosen_amplitude_size": 1e-05,
    "chosen_window_size": "5 / 180",
    "mse": [
        234.7578160045248,
        706.108322118854,
        572.2750472958477,
        96.17125972734188,
        402.3281112866421
    ],
    "mse_mean": 402.3281112866421,
    "weight_results": [
        4.004,
        2.436,
        3.19,
        2.882,
        2.634
    ],
    "theta_results": [
        -0.75,
        -1.577,
        -1.39,
        -1.289
    ],
    "iterations": "54"
}