{
    "clk_freq": 1536000,
    "input_freq0": 149,
    "freq0": 149.7928876159015,
    "lf": 4,
    "lp": 101,
    "chosen_bias": [
        -6.44,
        -14.186,
        -14.797,
        -15.521
    ],
    "chosen_weights": [
        37.113,
        24.588,
        28.552,
        29.331,
        30.876
    ],
    "mse": [
        68.64862648626486,
        60.763222632226324,
        38.40744157441574,
        25.170049200492006,
        48.24733497334973
    ],
    "mse_mean": 48.24733497334973,
    "weight_results": [
        37.125,
        24.591,
        28.557,
        29.356,
        30.899
    ],
    "theta_results": [
        -6.44,
        -14.186,
        -14.797,
        -15.521
    ],
    "iterations": "5"
}