{
    "clk_freq": 1536000,
    "input_freq0": 143,
    "freq0": 144.14032581907503,
    "lf": 4,
    "lp": 105,
    "chosen_bias": [
        -6.217,
        -13.799,
        -13.853,
        -14.637
    ],
    "chosen_weights": [
        35.756,
        23.441,
        27.693,
        27.632,
        29.271
    ],
    "mse": [
        36.6371332939555,
        19.490647765308132,
        9.904016538688719,
        20.9467414845442,
        21.74463477062414
    ],
    "mse_mean": 21.74463477062414,
    "weight_results": [
        35.84,
        23.499,
        28.14,
        28.014,
        29.661
    ],
    "theta_results": [
        -6.217,
        -13.969,
        -13.999,
        -14.807
    ],
    "iterations": "14"
}