{
    "clk_freq": 1536000,
    "input_freq0": 148,
    "freq0": 148.33858773613548,
    "lf": 4,
    "lp": 102,
    "chosen_bias": [
        -6.44,
        -14.185,
        -14.796,
        -15.521
    ],
    "chosen_weights": [
        37.021,
        24.635,
        28.701,
        29.332,
        30.764
    ],
    "mse": [
        31.77262581168831,
        44.94592126623377,
        54.935166396103895,
        66.27130681818181,
        49.48125507305195
    ],
    "mse_mean": 49.48125507305195,
    "weight_results": [
        37.113,
        24.588,
        28.552,
        29.331,
        30.876
    ],
    "theta_results": [
        -6.44,
        -14.186,
        -14.797,
        -15.521
    ],
    "iterations": "21"
}