{
    "clk_freq": 1536000,
    "input_freq0": 147,
    "freq0": 148.33858773613548,
    "lf": 4,
    "lp": 102,
    "chosen_bias": [
        -6.393,
        -14.133,
        -14.275,
        -15.118
    ],
    "chosen_weights": [
        36.927,
        24.541,
        28.597,
        28.29,
        29.958
    ],
    "mse": [
        47.54494724025974,
        52.59648944805195,
        51.53997564935065,
        45.520089285714285,
        49.30037540584415
    ],
    "mse_mean": 49.30037540584415,
    "weight_results": [
        37.021,
        24.635,
        28.701,
        29.332,
        30.764
    ],
    "theta_results": [
        -6.44,
        -14.185,
        -14.796,
        -15.521
    ],
    "iterations": "3"
}