{
    "clk_freq": 1536000,
    "input_freq0": 146,
    "freq0": 146.91225516174953,
    "lf": 4,
    "lp": 103,
    "chosen_bias": [
        -6.217,
        -14.127,
        -14.131,
        -14.948
    ],
    "chosen_weights": [
        35.935,
        23.532,
        28.552,
        28.343,
        29.935
    ],
    "mse": [
        26.91282514813699,
        20.433664758461383,
        6.606608416189616,
        25.061363864617856,
        19.75361554685146
    ],
    "mse_mean": 19.75361554685146,
    "weight_results": [
        36.927,
        24.541,
        28.597,
        28.29,
        29.958
    ],
    "theta_results": [
        -6.393,
        -14.133,
        -14.275,
        -15.118
    ],
    "iterations": "52"
}