{
    "clk_freq": 1536000,
    "input_freq0": 15.7,
    "freq0": 15.702851528080116,
    "lf": 4,
    "lp": 972,
    "chosen_bias": [
        -0.75,
        -1.57,
        -1.702,
        -1.193
    ],
    "chosen_weights": [
        4.192,
        2.774,
        3.146,
        3.459,
        2.565
    ],
    "weight_and_bias_owner": 16.3,
    "chosen_amplitude_size": 1e-05,
    "chosen_window_size": "1 / 180",
    "mse": [
        154.5661028792207,
        257.01105653630367,
        490.6763291477425,
        9.786093014652993,
        228.00989539447997
    ],
    "mse_mean": 228.00989539447997,
    "weight_results": [
        4.192,
        2.774,
        3.146,
        3.459,
        2.565
    ],
    "theta_results": [
        -0.75,
        -1.569,
        -1.7,
        -1.193
    ],
    "iterations": "2"
}