{
    "clk_freq": 1536000,
    "input_freq0": 153,
    "freq0": 154.33206602850456,
    "lf": 4,
    "lp": 98,
    "chosen_bias": [
        -6.44,
        -14.567,
        -15.101,
        -15.866
    ],
    "chosen_weights": [
        37.265,
        24.669,
        29.473,
        30.137,
        31.749
    ],
    "mse": [
        21.643219801142372,
        4.198434525068754,
        1.4463719060715041,
        38.10482335519357,
        16.34821239686905
    ],
    "mse_mean": 16.34821239686905,
    "weight_results": [
        37.299,
        24.676,
        29.933,
        30.503,
        32.141
    ],
    "theta_results": [
        -6.44,
        -14.78,
        -15.27,
        -16.055
    ],
    "iterations": "9"
}