{
    "clk_freq": 1536000,
    "input_freq0": 151,
    "freq0": 151.27598551308864,
    "lf": 4,
    "lp": 100,
    "chosen_bias": [
        -6.44,
        -14.375,
        -14.949,
        -15.689
    ],
    "chosen_weights": [
        37.199,
        24.648,
        29.019,
        29.769,
        31.354
    ],
    "mse": [
        30.888555152770586,
        17.15173485240808,
        7.1813568099430345,
        18.276851372345934,
        18.374624546866908
    ],
    "mse_mean": 18.374624546866908,
    "weight_results": [
        37.199,
        24.648,
        29.019,
        29.769,
        31.354
    ],
    "theta_results": [
        -6.44,
        -14.375,
        -14.949,
        -15.689
    ],
    "iterations": "2"
}