{
    "clk_freq": 1536000,
    "input_freq0": 15.0,
    "freq0": 15.00871761966793,
    "lf": 4,
    "lp": 1017,
    "chosen_bias": [
        -0.75,
        -1.588,
        -1.399,
        -1.266
    ],
    "chosen_weights": [
        3.371,
        2.027,
        3.082,
        2.824,
        2.723
    ],
    "weight_and_bias_owner": 15.5,
    "x_epsilon_correction": 1,
    "y_epsilon_correction": 4,
    "chosen_amplitude_size": 1e-05,
    "chosen_window_size": "5 / 180",
    "mse": [
        97.05141297303666,
        249.00453643879734,
        139.61652363464975,
        13.996651676125763,
        124.91728118065238
    ],
    "mse_mean": 124.9172811806524,
    "weight_results": [
        4.42,
        2.837,
        3.09,
        2.726,
        2.62
    ],
    "theta_results": [
        -0.749,
        -1.537,
        -1.353,
        -1.303
    ],
    "iterations": "121"
}