{
    "clk_freq": 1536000,
    "input_freq0": 15.5,
    "freq0": 15.511547753118734,
    "lf": 4,
    "lp": 984,
    "chosen_bias": [
        -0.75,
        -1.579,
        -1.387,
        -1.24
    ],
    "chosen_weights": [
        4.694,
        2.901,
        3.262,
        2.78,
        2.374
    ],
    "weight_and_bias_owner": 16.4,
    "chosen_amplitude_size": 1e-05,
    "chosen_window_size": "1 / 180",
    "mse": [
        285.27763511799037,
        866.7501852321745,
        885.6189495052017,
        74.64733823902563,
        528.073527023598
    ],
    "mse_mean": 528.073527023598,
    "weight_results": [
        3.371,
        2.027,
        3.082,
        2.824,
        2.723
    ],
    "theta_results": [
        -0.75,
        -1.588,
        -1.399,
        -1.266
    ],
    "iterations": "8"
}