{
    "clk_freq": 1536000,
    "input_freq0": 157,
    "freq0": 157.51417048270056,
    "lf": 4,
    "lp": 96,
    "chosen_bias": [
        -7.673,
        -15.428,
        -15.791,
        -16.744
    ],
    "chosen_weights": [
        40.006,
        24.907,
        30.845,
        31.519,
        33.408
    ],
    "mse": [
        29.277639684426674,
        34.07910947800713,
        46.450988868475086,
        80.12255484707663,
        47.48257321949638
    ],
    "mse_mean": 47.48257321949638,
    "weight_results": [
        40.048,
        24.872,
        30.845,
        31.534,
        33.39
    ],
    "theta_results": [
        -7.704,
        -15.43,
        -15.795,
        -16.745
    ],
    "iterations": "78"
}