{
    "clk_freq": 1536000,
    "input_freq0": 167,
    "freq0": 167.89972018485662,
    "lf": 4,
    "lp": 90,
    "chosen_bias": [
        -7.84,
        -15.746,
        -16.414,
        -17.085
    ],
    "chosen_weights": [
        43.017,
        27.487,
        31.616,
        32.608,
        34.029
    ],
    "mse": [
        51.22913294797688,
        36.26,
        21.530404624277455,
        26.02820809248555,
        33.76193641618497
    ],
    "mse_mean": 33.76193641618497,
    "weight_results": [
        43.116,
        27.609,
        32.081,
        33.015,
        34.413
    ],
    "theta_results": [
        -7.84,
        -15.915,
        -16.547,
        -17.212
    ],
    "iterations": "31"
}