{
    "clk_freq": 1536000,
    "input_freq0": 16.1,
    "freq0": 16.116956262470413,
    "lf": 4,
    "lp": 947,
    "chosen_bias": [
        -0.75,
        -1.571,
        -1.703,
        -1.434
    ],
    "chosen_weights": [
        4.097,
        2.649,
        3.15,
        3.417,
        2.933
    ],
    "weight_and_bias_owner": 16.3,
    "chosen_amplitude_size": 1e-05,
    "chosen_window_size": "1 / 180",
    "mse": [
        257.46276040293236,
        441.4653762987184,
        137.25639997890406,
        105.02932334792469,
        235.30346500711988
    ],
    "mse_mean": 235.30346500711988,
    "weight_results": [
        4.694,
        2.901,
        3.262,
        2.78,
        2.374
    ],
    "theta_results": [
        -0.75,
        -1.579,
        -1.387,
        -1.24
    ],
    "iterations": "32"
}