{
    "clk_freq": 1536000,
    "input_freq0": 164,
    "freq0": 164.28897351421455,
    "lf": 4,
    "lp": 92,
    "chosen_bias": [
        -7.84,
        -15.627,
        -16.263,
        -16.938
    ],
    "chosen_weights": [
        42.33,
        26.781,
        31.495,
        32.301,
        33.791
    ],
    "mse": [
        53.43362331939894,
        40.96316800361541,
        23.838436334877414,
        34.82702519489323,
        38.26556321319625
    ],
    "mse_mean": 38.26556321319625,
    "weight_results": [
        42.429,
        26.814,
        31.463,
        32.329,
        33.774
    ],
    "theta_results": [
        -7.84,
        -15.629,
        -16.265,
        -16.939
    ],
    "iterations": "22"
}