{
    "clk_freq": 1536000,
    "input_freq0": 16.5,
    "freq0": 16.51770220196968,
    "lf": 4,
    "lp": 924,
    "chosen_bias": [
        -0.75,
        -1.585,
        -1.715,
        -1.707
    ],
    "chosen_weights": [
        4.314,
        2.913,
        3.072,
        3.417,
        3.418
    ],
    "weight_and_bias_owner": 17.8,
    "chosen_amplitude_size": 1e-05,
    "chosen_window_size": "5 / 180",
    "mse": [
        15.646351615797952,
        24.611667910004,
        91.08572540624697,
        129.62702042316715,
        65.24269133880402
    ],
    "mse_mean": 65.24269133880402,
    "weight_results": [
        4.097,
        2.649,
        3.15,
        3.417,
        2.933
    ],
    "theta_results": [
        -0.75,
        -1.571,
        -1.703,
        -1.434
    ],
    "iterations": "34"
}