{
    "clk_freq": 1536000,
    "input_freq0": 160,
    "freq0": 160.83025828233633,
    "lf": 4,
    "lp": 94,
    "chosen_bias": [
        -7.704,
        -15.43,
        -15.796,
        -16.745
    ],
    "chosen_weights": [
        40.072,
        24.908,
        30.894,
        31.573,
        33.425
    ],
    "mse": [
        83.86544410075122,
        56.329098541758725,
        37.40930181175431,
        51.11356606274856,
        57.1793526292532
    ],
    "mse_mean": 57.17935262925321,
    "weight_results": [
        40.34,
        24.966,
        31.519,
        31.955,
        33.508
    ],
    "theta_results": [
        -7.704,
        -15.6,
        -15.923,
        -16.783
    ],
    "iterations": "26"
}