{
    "clk_freq": 1536000,
    "input_freq0": 16.0,
    "freq0": 16.015591757675004,
    "lf": 4,
    "lp": 953,
    "chosen_bias": [
        -0.75,
        -1.571,
        -1.703,
        -1.434
    ],
    "chosen_weights": [
        4.097,
        2.649,
        3.15,
        3.417,
        2.933
    ],
    "weight_and_bias_owner": 16.5,
    "chosen_amplitude_size": 1e-05,
    "chosen_window_size": "5 / 180",
    "mse": [
        64.64042847559953,
        53.14174911957068,
        90.45005659902733,
        13.031328609760187,
        55.315890700989435
    ],
    "mse_mean": 55.31589070098944,
    "weight_results": [
        4.097,
        2.649,
        3.15,
        3.417,
        2.933
    ],
    "theta_results": [
        -0.75,
        -1.571,
        -1.703,
        -1.434
    ],
    "iterations": "2"
}