{
    "clk_freq": 1536000,
    "input_freq0": 165,
    "freq0": 166.07472322632557,
    "lf": 4,
    "lp": 91,
    "chosen_bias": [
        -7.84,
        -15.629,
        -16.265,
        -16.939
    ],
    "chosen_weights": [
        42.429,
        26.814,
        31.463,
        32.329,
        33.774
    ],
    "mse": [
        51.19702857142857,
        40.608914285714285,
        23.30457142857143,
        31.232457142857143,
        36.58574285714286
    ],
    "mse_mean": 36.58574285714286,
    "weight_results": [
        43.017,
        27.487,
        31.616,
        32.608,
        34.029
    ],
    "theta_results": [
        -7.84,
        -15.746,
        -16.414,
        -17.085
    ],
    "iterations": "86"
}