{
    "clk_freq": 1536000,
    "input_freq0": 168,
    "freq0": 169.76527263135503,
    "lf": 4,
    "lp": 89,
    "chosen_bias": [
        -7.84,
        -15.915,
        -16.547,
        -17.212
    ],
    "chosen_weights": [
        43.116,
        27.609,
        32.081,
        33.015,
        34.413
    ],
    "mse": [
        58.03251842320739,
        48.11662182711428,
        28.496666276757516,
        32.04538542519593,
        41.67279798806878
    ],
    "mse_mean": 41.67279798806878,
    "weight_results": [
        44.011,
        28.368,
        32.333,
        33.157,
        34.593
    ],
    "theta_results": [
        -7.992,
        -16.039,
        -16.714,
        -17.401
    ],
    "iterations": "75"
}