{
    "clk_freq": 1536000,
    "input_freq0": 163,
    "freq0": 164.28897351421455,
    "lf": 4,
    "lp": 92,
    "chosen_bias": [
        -7.841,
        -15.613,
        -16.111,
        -16.791
    ],
    "chosen_weights": [
        41.398,
        26.159,
        31.637,
        31.961,
        33.341
    ],
    "mse": [
        59.797311038300755,
        48.825330471133206,
        28.70444017625127,
        32.678567393514854,
        42.50141226980003
    ],
    "mse_mean": 42.50141226980003,
    "weight_results": [
        42.33,
        26.781,
        31.495,
        32.301,
        33.791
    ],
    "theta_results": [
        -7.84,
        -15.627,
        -16.263,
        -16.938
    ],
    "iterations": "113"
}