{
    "clk_freq": 1536000,
    "input_freq0": 161,
    "freq0": 162.54121847682927,
    "lf": 4,
    "lp": 93,
    "chosen_bias": [
        -7.704,
        -15.6,
        -15.923,
        -16.783
    ],
    "chosen_weights": [
        40.34,
        24.966,
        31.519,
        31.955,
        33.508
    ],
    "mse": [
        66.70975310021227,
        50.745615015082116,
        30.005809406770194,
        39.10132946039548,
        46.640626745615016
    ],
    "mse_mean": 46.640626745615016,
    "weight_results": [
        41.398,
        26.159,
        31.637,
        31.961,
        33.341
    ],
    "theta_results": [
        -7.841,
        -15.613,
        -16.111,
        -16.791
    ],
    "iterations": "95"
}