{
    "clk_freq": 1536000,
    "input_freq0": 16.3,
    "freq0": 16.306162792766226,
    "lf": 4,
    "lp": 936,
    "chosen_bias": [
        -0.75,
        -1.571,
        -1.703,
        -1.435
    ],
    "chosen_weights": [
        4.192,
        2.774,
        3.146,
        3.459,
        3.049
    ],
    "weight_and_bias_owner": 16.4,
    "chosen_amplitude_size": 1e-05,
    "chosen_window_size": "5 / 180",
    "mse": [
        138.4512107920042,
        223.6746069862005,
        366.8812794160023,
        121.70247281187633,
        212.67739250152084
    ],
    "mse_mean": 212.67739250152084,
    "weight_results": [
        4.192,
        2.774,
        3.146,
        3.459,
        2.565
    ],
    "theta_results": [
        -0.75,
        -1.57,
        -1.702,
        -1.193
    ],
    "iterations": "2"
}