{
    "clk_freq": 1536000,
    "input_freq0": 16.8,
    "freq0": 16.808442834787627,
    "lf": 4,
    "lp": 908,
    "chosen_bias": [
        -0.75,
        -1.585,
        -1.715,
        -1.707
    ],
    "chosen_weights": [
        4.314,
        2.913,
        3.072,
        3.417,
        3.418
    ],
    "weight_and_bias_owner": 17.8,
    "chosen_amplitude_size": 1e-05,
    "chosen_window_size": "5 / 180",
    "mse": [
        99.08961973504687,
        71.5445402931209,
        177.615718938427,
        321.3866467144932,
        167.409131420272
    ],
    "mse_mean": 167.409131420272,
    "weight_results": [
        3.918,
        2.517,
        3.072,
        3.417,
        2.134
    ],
    "theta_results": [
        -0.75,
        -1.585,
        -1.716,
        -1.065
    ],
    "iterations": "2"
}