{
    "clk_freq": 1536000,
    "input_freq0": 172,
    "freq0": 173.62357428206766,
    "lf": 4,
    "lp": 87,
    "chosen_bias": [
        -7.992,
        -16.159,
        -16.877,
        -17.57
    ],
    "chosen_weights": [
        44.598,
        28.737,
        32.548,
        33.554,
        35.014
    ],
    "mse": [
        65.57390991854336,
        55.441782462865355,
        34.02096310493531,
        24.607690464781985,
        44.9110864877815
    ],
    "mse_mean": 44.9110864877815,
    "weight_results": [
        45.21,
        29.354,
        32.76,
        33.804,
        35.31
    ],
    "theta_results": [
        -7.992,
        -16.273,
        -17.026,
        -17.729
    ],
    "iterations": "90"
}