{
    "clk_freq": 1536000,
    "input_freq0": 174,
    "freq0": 175.61924754967762,
    "lf": 4,
    "lp": 86,
    "chosen_bias": [
        -7.992,
        -16.273,
        -17.026,
        -17.729
    ],
    "chosen_weights": [
        45.21,
        29.354,
        32.76,
        33.804,
        35.31
    ],
    "mse": [
        29.528370514064015,
        52.006062075654704,
        78.52849175557711,
        97.85838991270612,
        64.48032856450048
    ],
    "mse_mean": 64.48032856450048,
    "weight_results": [
        46.045,
        29.702,
        33.312,
        34.499,
        36.775
    ],
    "theta_results": [
        -8.304,
        -16.621,
        -17.339,
        -18.416
    ],
    "iterations": "80"
}