{
    "clk_freq": 1536000,
    "input_freq0": 171,
    "freq0": 171.67274760474103,
    "lf": 4,
    "lp": 88,
    "chosen_bias": [
        -7.992,
        -16.158,
        -16.876,
        -17.57
    ],
    "chosen_weights": [
        44.591,
        28.723,
        32.551,
        33.553,
        35.006
    ],
    "mse": [
        54.423126997277784,
        44.32228666114333,
        25.9950289975145,
        23.826014913007455,
        37.141614392235766
    ],
    "mse_mean": 37.141614392235766,
    "weight_results": [
        44.598,
        28.737,
        32.548,
        33.554,
        35.014
    ],
    "theta_results": [
        -7.992,
        -16.159,
        -16.877,
        -17.57
    ],
    "iterations": "8"
}