{
    "clk_freq": 1536000,
    "input_freq0": 173,
    "freq0": 173.62357428206766,
    "lf": 4,
    "lp": 87,
    "chosen_bias": [
        -7.992,
        -16.273,
        -17.026,
        -17.729
    ],
    "chosen_weights": [
        45.21,
        29.354,
        32.76,
        33.804,
        35.31
    ],
    "mse": [
        63.19789171058936,
        55.807019645424056,
        33.97759942501198,
        23.376617153809296,
        44.089781983708676
    ],
    "mse_mean": 44.089781983708676,
    "weight_results": [
        45.21,
        29.354,
        32.76,
        33.804,
        35.31
    ],
    "theta_results": [
        -7.992,
        -16.273,
        -17.026,
        -17.729
    ],
    "iterations": "2"
}