{
    "clk_freq": 1536000,
    "input_freq0": 17.8,
    "freq0": 17.807546080212067,
    "lf": 4,
    "lp": 857,
    "chosen_bias": [
        -0.75,
        -1.853,
        -1.715,
        -1.707
    ],
    "chosen_weights": [
        4.629,
        3.072,
        3.744,
        3.479,
        3.407
    ],
    "weight_and_bias_owner": 18.8,
    "chosen_amplitude_size": 1e-05,
    "chosen_window_size": "5 / 180",
    "mse": [
        49.314913068320955,
        134.6290448593118,
        167.1367468544842,
        202.45440022388843,
        138.38377625150133
    ],
    "mse_mean": 138.38377625150133,
    "weight_results": [
        4.314,
        2.913,
        3.072,
        3.417,
        3.418
    ],
    "theta_results": [
        -0.75,
        -1.585,
        -1.715,
        -1.707
    ],
    "iterations": "5"
}