{
    "clk_freq": 1536000,
    "input_freq0": 17.6,
    "freq0": 17.60239001938013,
    "lf": 4,
    "lp": 867,
    "chosen_bias": [
        -0.75,
        -1.585,
        -1.715,
        -1.707
    ],
    "chosen_weights": [
        4.314,
        2.913,
        3.072,
        3.417,
        3.418
    ],
    "weight_and_bias_owner": 17.8,
    "chosen_amplitude_size": 1e-05,
    "chosen_window_size": "5 / 180",
    "mse": [
        110.90053249118277,
        129.55180839538048,
        105.05586547105875,
        28.848170858209816,
        93.58909430395796
    ],
    "mse_mean": 93.58909430395796,
    "weight_results": [
        4.569,
        3.124,
        3.188,
        3.46,
        3.522
    ],
    "theta_results": [
        -0.75,
        -1.587,
        -1.716,
        -1.708
    ],
    "iterations": "23"
}