{
    "clk_freq": 1536000,
    "input_freq0": 178,
    "freq0": 179.7514651390818,
    "lf": 4,
    "lp": 84,
    "chosen_bias": [
        -8.974,
        -17.392,
        -17.769,
        -18.632
    ],
    "chosen_weights": [
        46.213,
        28.546,
        34.777,
        35.486,
        37.181
    ],
    "mse": [
        61.47197713433578,
        44.786628557226294,
        29.732695414440165,
        46.89126382502796,
        45.72064123275756
    ],
    "mse_mean": 45.72064123275756,
    "weight_results": [
        46.254,
        28.584,
        34.858,
        35.554,
        37.23
    ],
    "theta_results": [
        -8.974,
        -17.393,
        -17.77,
        -18.632
    ],
    "iterations": "16"
}