{
    "clk_freq": 1536000,
    "input_freq0": 17.2,
    "freq0": 17.205939793718414,
    "lf": 4,
    "lp": 887,
    "chosen_bias": [
        -0.75,
        -1.587,
        -1.716,
        -1.6
    ],
    "chosen_weights": [
        4.569,
        3.124,
        3.188,
        3.46,
        3.306
    ],
    "weight_and_bias_owner": 17.5,
    "chosen_amplitude_size": 1e-05,
    "chosen_window_size": "5 / 180",
    "mse": [
        137.51718427900374,
        107.00075473398444,
        156.43455780473792,
        99.22964189562141,
        125.04553467833688
    ],
    "mse_mean": 125.04553467833689,
    "weight_results": [
        4.021,
        2.576,
        3.188,
        3.46,
        2.91
    ],
    "theta_results": [
        -0.75,
        -1.587,
        -1.718,
        -1.407
    ],
    "iterations": "2"
}