{
    "clk_freq": 1536000,
    "input_freq0": 176,
    "freq0": 177.6613318235111,
    "lf": 4,
    "lp": 85,
    "chosen_bias": [
        -8.546,
        -17.094,
        -17.517,
        -18.475
    ],
    "chosen_weights": [
        45.344,
        28.481,
        34.117,
        34.962,
        36.843
    ],
    "mse": [
        30.04234687615073,
        35.51233582913956,
        50.340616177734134,
        74.15527187921934,
        47.51264269056094
    ],
    "mse_mean": 47.51264269056094,
    "weight_results": [
        46.156,
        28.523,
        34.782,
        35.482,
        37.183
    ],
    "theta_results": [
        -8.943,
        -17.392,
        -17.768,
        -18.632
    ],
    "iterations": "231"
}