{
    "clk_freq": 1536000,
    "input_freq0": 17.1,
    "freq0": 17.1096019449294,
    "lf": 4,
    "lp": 892,
    "chosen_bias": [
        -0.75,
        -1.587,
        -1.716,
        -1.708
    ],
    "chosen_weights": [
        4.569,
        3.124,
        3.188,
        3.46,
        3.522
    ],
    "weight_and_bias_owner": 17.2,
    "chosen_amplitude_size": 1e-05,
    "chosen_window_size": "5 / 180",
    "mse": [
        471.0172834804427,
        489.1984183879206,
        53.956539271472735,
        255.9936825126574,
        317.54148091312334
    ],
    "mse_mean": 317.54148091312334,
    "weight_results": [
        5.195,
        3.289,
        3.344,
        2.767,
        2.976
    ],
    "theta_results": [
        -0.75,
        -1.594,
        -1.34,
        -1.544
    ],
    "iterations": "76"
}