{
    "clk_freq": 1536000,
    "input_freq0": 170,
    "freq0": 171.67274760474103,
    "lf": 4,
    "lp": 88,
    "chosen_bias": [
        -7.992,
        -16.039,
        -16.714,
        -17.401
    ],
    "chosen_weights": [
        44.011,
        28.368,
        32.333,
        33.157,
        34.593
    ],
    "mse": [
        56.05953367262398,
        45.99526571191857,
        27.3665522547047,
        24.17741744585158,
        38.3996922712747
    ],
    "mse_mean": 38.3996922712747,
    "weight_results": [
        44.591,
        28.723,
        32.551,
        33.553,
        35.006
    ],
    "theta_results": [
        -7.992,
        -16.158,
        -16.876,
        -17.57
    ],
    "iterations": "99"
}