{
    "clk_freq": 1536000,
    "input_freq0": 179,
    "freq0": 179.7514651390818,
    "lf": 4,
    "lp": 84,
    "chosen_bias": [
        -8.974,
        -17.393,
        -17.77,
        -18.632
    ],
    "chosen_weights": [
        46.254,
        28.584,
        34.858,
        35.554,
        37.23
    ],
    "mse": [
        60.57524543308065,
        43.85211880203803,
        29.041506151360757,
        45.69069218342239,
        44.789890642475456
    ],
    "mse_mean": 44.789890642475456,
    "weight_results": [
        46.254,
        28.584,
        34.858,
        35.554,
        37.23
    ],
    "theta_results": [
        -8.974,
        -17.393,
        -17.77,
        -18.632
    ],
    "iterations": "2"
}