{
    "clk_freq": 1536000,
    "input_freq0": 187,
    "freq0": 188.6280807015056,
    "lf": 4,
    "lp": 80,
    "chosen_bias": [
        -8.972,
        -17.611,
        -18.187,
        -18.819
    ],
    "chosen_weights": [
        49.656,
        31.772,
        35.383,
        36.183,
        37.51
    ],
    "mse": [
        61.521778940483976,
        47.57083060824068,
        30.076258992805755,
        23.211118378024853,
        40.59499672988881
    ],
    "mse_mean": 40.59499672988881,
    "weight_results": [
        50.576,
        32.643,
        35.431,
        36.537,
        37.831
    ],
    "theta_results": [
        -8.972,
        -17.636,
        -18.359,
        -18.979
    ],
    "iterations": "196"
}