{
    "clk_freq": 1536000,
    "input_freq0": 18.9,
    "freq0": 18.90949818913608,
    "lf": 4,
    "lp": 807,
    "chosen_bias": [
        -0.753,
        -1.856,
        -1.863,
        -1.987
    ],
    "chosen_weights": [
        4.564,
        3.109,
        3.746,
        3.808,
        4.094
    ],
    "weight_and_bias_owner": 19.2,
    "chosen_amplitude_size": 1e-05,
    "chosen_window_size": "5 / 180",
    "mse": [
        98.32474514127163,
        67.81339262489007,
        16.32827538368161,
        77.4856622610893,
        64.98801885273316
    ],
    "mse_mean": 64.98801885273316,
    "weight_results": [
        4.545,
        3.011,
        3.79,
        3.525,
        4.05
    ],
    "theta_results": [
        -0.751,
        -1.852,
        -1.713,
        -1.986
    ],
    "iterations": "23"
}