{
    "clk_freq": 1536000,
    "input_freq0": 188,
    "freq0": 188.6280807015056,
    "lf": 4,
    "lp": 80,
    "chosen_bias": [
        -8.972,
        -17.636,
        -18.359,
        -18.979
    ],
    "chosen_weights": [
        50.576,
        32.643,
        35.431,
        36.537,
        37.831
    ],
    "mse": [
        61.77383911052976,
        47.62694571615435,
        30.014257684761283,
        23.604708960104645,
        40.754937867887506
    ],
    "mse_mean": 40.754937867887506,
    "weight_results": [
        50.576,
        32.643,
        35.431,
        36.537,
        37.831
    ],
    "theta_results": [
        -8.972,
        -17.636,
        -18.359,
        -18.979
    ],
    "iterations": "2"
}