{
    "clk_freq": 1536000,
    "input_freq0": 18.1,
    "freq0": 18.10293191566582,
    "lf": 4,
    "lp": 843,
    "chosen_bias": [
        -0.75,
        -1.853,
        -1.715,
        -1.707
    ],
    "chosen_weights": [
        4.629,
        3.072,
        3.744,
        3.479,
        3.407
    ],
    "weight_and_bias_owner": 18.8,
    "chosen_amplitude_size": 1e-05,
    "chosen_window_size": "5 / 180",
    "mse": [
        55.19036158861885,
        53.28593953764078,
        66.16033195020746,
        64.33831653823356,
        59.74373740367516
    ],
    "mse_mean": 59.74373740367516,
    "weight_results": [
        4.629,
        3.072,
        3.532,
        3.479,
        3.407
    ],
    "theta_results": [
        -0.75,
        -1.747,
        -1.715,
        -1.707
    ],
    "iterations": "2"
}