{
    "clk_freq": 1536000,
    "input_freq0": 18.5,
    "freq0": 18.51984792342055,
    "lf": 4,
    "lp": 824,
    "chosen_bias": [
        -0.75,
        -1.853,
        -1.715,
        -1.707
    ],
    "chosen_weights": [
        4.629,
        3.072,
        3.744,
        3.479,
        3.407
    ],
    "weight_and_bias_owner": 18.8,
    "chosen_amplitude_size": 1e-05,
    "chosen_window_size": "5 / 180",
    "mse": [
        115.97080300824842,
        120.46350072780204,
        32.18036147501213,
        69.03431586608443,
        84.41224526928676
    ],
    "mse_mean": 84.41224526928676,
    "weight_results": [
        4.71,
        3.219,
        3.759,
        3.52,
        3.542
    ],
    "theta_results": [
        -0.75,
        -1.853,
        -1.716,
        -1.708
    ],
    "iterations": "13"
}