{
    "clk_freq": 1536000,
    "input_freq0": 18.7,
    "freq0": 18.701192823527485,
    "lf": 4,
    "lp": 816,
    "chosen_bias": [
        -0.75,
        -1.853,
        -1.715,
        -1.707
    ],
    "chosen_weights": [
        4.629,
        3.072,
        3.744,
        3.479,
        3.407
    ],
    "weight_and_bias_owner": 18.8,
    "chosen_amplitude_size": 1e-05,
    "chosen_window_size": "5 / 180",
    "mse": [
        18.576002939915476,
        23.6014087094996,
        24.433747779751332,
        129.9206345317572,
        49.1329484902309
    ],
    "mse_mean": 49.1329484902309,
    "weight_results": [
        4.709,
        3.12,
        3.754,
        3.505,
        3.743
    ],
    "theta_results": [
        -0.75,
        -1.853,
        -1.716,
        -1.873
    ],
    "iterations": "15"
}