{
    "clk_freq": 1536000,
    "input_freq0": 189,
    "freq0": 190.9859317102744,
    "lf": 4,
    "lp": 79,
    "chosen_bias": [
        -8.972,
        -17.636,
        -18.359,
        -18.979
    ],
    "chosen_weights": [
        50.576,
        32.643,
        35.431,
        36.537,
        37.831
    ],
    "mse": [
        59.58165429480382,
        41.091861081654294,
        25.282741251325557,
        18.47415164369035,
        36.107602067868505
    ],
    "mse_mean": 36.107602067868505,
    "weight_results": [
        51.554,
        33.657,
        35.506,
        36.884,
        38.168
    ],
    "theta_results": [
        -8.972,
        -17.666,
        -18.537,
        -19.149
    ],
    "iterations": "232"
}