{
    "clk_freq": 1536000,
    "input_freq0": 185,
    "freq0": 186.32773825392627,
    "lf": 4,
    "lp": 81,
    "chosen_bias": [
        -8.972,
        -17.587,
        -18.021,
        -18.659
    ],
    "chosen_weights": [
        48.709,
        30.862,
        35.323,
        35.86,
        37.193
    ],
    "mse": [
        60.884570690768236,
        47.44880568108457,
        30.8770819883796,
        28.177017430600387,
        41.846868947708195
    ],
    "mse_mean": 41.846868947708195,
    "weight_results": [
        49.546,
        31.668,
        35.422,
        36.171,
        37.528
    ],
    "theta_results": [
        -8.972,
        -17.607,
        -18.182,
        -18.817
    ],
    "iterations": "160"
}