{
    "clk_freq": 1536000,
    "input_freq0": 183,
    "freq0": 184.08282574484278,
    "lf": 4,
    "lp": 82,
    "chosen_bias": [
        -8.972,
        -17.586,
        -18.019,
        -18.659
    ],
    "chosen_weights": [
        48.692,
        30.849,
        35.326,
        35.852,
        37.192
    ],
    "mse": [
        48.11929645679327,
        33.97030333928116,
        21.011215906194238,
        30.271475911292377,
        33.34307290339026
    ],
    "mse_mean": 33.34307290339026,
    "weight_results": [
        48.708,
        30.861,
        35.326,
        35.858,
        37.195
    ],
    "theta_results": [
        -8.972,
        -17.587,
        -18.02,
        -18.659
    ],
    "iterations": "9"
}