{
    "clk_freq": 1536000,
    "input_freq0": 18.3,
    "freq0": 18.319993449426804,
    "lf": 4,
    "lp": 833,
    "chosen_bias": [
        -0.75,
        -1.853,
        -1.715,
        -1.707
    ],
    "chosen_weights": [
        4.629,
        3.072,
        3.744,
        3.479,
        3.407
    ],
    "weight_and_bias_owner": 18.8,
    "chosen_amplitude_size": 1e-05,
    "chosen_window_size": "5 / 180",
    "mse": [
        72.70283403724324,
        160.4353882703014,
        128.10012718372047,
        77.03525148780956,
        109.56840024476867
    ],
    "mse_mean": 109.56840024476867,
    "weight_results": [
        4.673,
        3.235,
        3.715,
        3.471,
        3.211
    ],
    "theta_results": [
        -0.75,
        -1.854,
        -1.717,
        -1.554
    ],
    "iterations": "12"
}