{
    "clk_freq": 1536000,
    "input_freq0": 182,
    "freq0": 184.08282574484278,
    "lf": 4,
    "lp": 82,
    "chosen_bias": [
        -8.973,
        -17.548,
        -17.978,
        -18.641
    ],
    "chosen_weights": [
        47.219,
        29.472,
        35.363,
        35.749,
        37.139
    ],
    "mse": [
        53.66301300025491,
        39.47463675758348,
        24.88261534539893,
        31.519118021921997,
        37.384845781289826
    ],
    "mse_mean": 37.384845781289826,
    "weight_results": [
        48.692,
        30.849,
        35.326,
        35.852,
        37.192
    ],
    "theta_results": [
        -8.972,
        -17.586,
        -18.019,
        -18.659
    ],
    "iterations": "273"
}