{
    "clk_freq": 1536000,
    "input_freq0": 18.8,
    "freq0": 18.816347951751172,
    "lf": 4,
    "lp": 811,
    "chosen_bias": [
        -0.751,
        -1.852,
        -1.713,
        -1.986
    ],
    "chosen_weights": [
        4.545,
        3.011,
        3.79,
        3.525,
        4.05
    ],
    "weight_and_bias_owner": 19.9,
    "chosen_amplitude_size": 1e-05,
    "chosen_window_size": "5 / 180",
    "mse": [
        17.55242626304956,
        25.255863828528465,
        19.58889724279886,
        141.56461612414185,
        50.990450864629686
    ],
    "mse_mean": 50.990450864629686,
    "weight_results": [
        4.629,
        3.072,
        3.744,
        3.479,
        3.407
    ],
    "theta_results": [
        -0.75,
        -1.853,
        -1.715,
        -1.707
    ],
    "iterations": "15"
}