{
    "clk_freq": 1536000,
    "input_freq0": 186,
    "freq0": 186.32773825392627,
    "lf": 4,
    "lp": 81,
    "chosen_bias": [
        -8.972,
        -17.607,
        -18.182,
        -18.817
    ],
    "chosen_weights": [
        49.546,
        31.668,
        35.422,
        36.171,
        37.528
    ],
    "mse": [
        55.1969012265978,
        38.5067785668173,
        24.017172369270497,
        27.89244673983215,
        36.40332472562944
    ],
    "mse_mean": 36.40332472562944,
    "weight_results": [
        49.656,
        31.772,
        35.383,
        36.183,
        37.51
    ],
    "theta_results": [
        -8.972,
        -17.611,
        -18.187,
        -18.819
    ],
    "iterations": "38"
}