{
    "clk_freq": 1536000,
    "input_freq0": 19.2,
    "freq0": 19.218710109210004,
    "lf": 4,
    "lp": 794,
    "chosen_bias": [
        -0.757,
        -1.916,
        -1.927,
        -2.027
    ],
    "chosen_weights": [
        4.588,
        3.323,
        3.69,
        3.894,
        4.187
    ],
    "weight_and_bias_owner": 19.4,
    "chosen_amplitude_size": 1e-05,
    "chosen_window_size": "5 / 180",
    "mse": [
        69.18716005237711,
        118.65471394037067,
        175.46978243352135,
        89.1203540491539,
        113.10800261885575
    ],
    "mse_mean": 113.10800261885575,
    "weight_results": [
        4.564,
        3.109,
        3.746,
        3.808,
        4.094
    ],
    "theta_results": [
        -0.753,
        -1.856,
        -1.863,
        -1.987
    ],
    "iterations": "41"
}