{
    "clk_freq": 1536000,
    "input_freq0": 195,
    "freq0": 195.88300688233272,
    "lf": 4,
    "lp": 77,
    "chosen_bias": [
        -9.273,
        -18.289,
        -18.914,
        -19.975
    ],
    "chosen_weights": [
        52.038,
        33.575,
        36.716,
        37.897,
        39.905
    ],
    "mse": [
        51.92482636524581,
        32.83358300422171,
        20.577284488628624,
        23.752281084025604,
        32.27199373553044
    ],
    "mse_mean": 32.27199373553044,
    "weight_results": [
        52.069,
        33.566,
        36.743,
        37.896,
        39.893
    ],
    "theta_results": [
        -9.273,
        -18.289,
        -18.915,
        -19.975
    ],
    "iterations": "6"
}