{
    "clk_freq": 1536000,
    "input_freq0": 191,
    "freq0": 193.40347514964498,
    "lf": 4,
    "lp": 78,
    "chosen_bias": [
        -8.972,
        -17.668,
        -18.54,
        -19.15
    ],
    "chosen_weights": [
        51.585,
        33.682,
        35.487,
        36.9,
        38.183
    ],
    "mse": [
        22.390971382507054,
        48.61829907295446,
        73.29799811903803,
        81.1260244525057,
        56.35832325675131
    ],
    "mse_mean": 56.35832325675132,
    "weight_results": [
        52.126,
        33.766,
        36.308,
        37.727,
        39.829
    ],
    "theta_results": [
        -9.273,
        -18.184,
        -18.895,
        -19.966
    ],
    "iterations": "275"
}