{
    "clk_freq": 1536000,
    "input_freq0": 19.6,
    "freq0": 19.613446131992237,
    "lf": 4,
    "lp": 778,
    "chosen_bias": [
        -0.754,
        -1.917,
        -1.933,
        -2.038
    ],
    "chosen_weights": [
        4.841,
        3.233,
        3.897,
        3.915,
        4.039
    ],
    "weight_and_bias_owner": 20.0,
    "chosen_amplitude_size": 1e-05,
    "chosen_window_size": "5 / 180",
    "mse": [
        77.72821435455889,
        45.13791685407698,
        21.856325901175865,
        27.977934845466812,
        43.17509798881964
    ],
    "mse_mean": 43.17509798881964,
    "weight_results": [
        4.768,
        3.255,
        3.788,
        3.828,
        3.997
    ],
    "theta_results": [
        -0.754,
        -1.917,
        -1.934,
        -2.039
    ],
    "iterations": "7"
}