{
    "clk_freq": 1536000,
    "input_freq0": 193,
    "freq0": 193.40347514964498,
    "lf": 4,
    "lp": 78,
    "chosen_bias": [
        -9.273,
        -18.185,
        -18.896,
        -19.967
    ],
    "chosen_weights": [
        52.1,
        33.762,
        36.297,
        37.734,
        39.841
    ],
    "mse": [
        22.97675668413274,
        47.78610775225044,
        69.40077925567647,
        74.57006583366922,
        53.68342738143222
    ],
    "mse_mean": 53.68342738143222,
    "weight_results": [
        51.944,
        33.55,
        36.525,
        37.789,
        39.855
    ],
    "theta_results": [
        -9.273,
        -18.287,
        -18.91,
        -19.973
    ],
    "iterations": "169"
}