{
    "clk_freq": 1536000,
    "input_freq0": 19.0,
    "freq0": 19.00357529455467,
    "lf": 4,
    "lp": 803,
    "chosen_bias": [
        -0.753,
        -1.856,
        -1.863,
        -1.987
    ],
    "chosen_weights": [
        4.564,
        3.109,
        3.746,
        3.808,
        4.094
    ],
    "weight_and_bias_owner": 19.2,
    "chosen_amplitude_size": 1e-05,
    "chosen_window_size": "5 / 180",
    "mse": [
        401.67010257942434,
        587.8420974006573,
        123.23545961557613,
        115.55228562892142,
        307.0749863061448
    ],
    "mse_mean": 307.0749863061448,
    "weight_results": [
        3.968,
        3.712,
        1.007,
        2.291,
        2.593
    ],
    "theta_results": [
        -0.75,
        -0.75,
        -1.276,
        -1.407
    ],
    "iterations": "119"
}