{
    "clk_freq": 1536000,
    "input_freq0": 197,
    "freq0": 198.42694203664874,
    "lf": 4,
    "lp": 76,
    "chosen_bias": [
        -9.273,
        -18.322,
        -19.107,
        -20.155
    ],
    "chosen_weights": [
        53.298,
        34.77,
        36.859,
        38.006,
        40.195
    ],
    "mse": [
        63.92916321458161,
        46.26553438276719,
        30.121651477492406,
        21.92971554819111,
        40.56151615575808
    ],
    "mse_mean": 40.56151615575808,
    "weight_results": [
        53.333,
        34.798,
        36.846,
        38.017,
        40.19
    ],
    "theta_results": [
        -9.273,
        -18.324,
        -19.109,
        -20.156
    ],
    "iterations": "12"
}