{
    "clk_freq": 1536000,
    "input_freq0": 196,
    "freq0": 198.42694203664874,
    "lf": 4,
    "lp": 76,
    "chosen_bias": [
        -9.273,
        -18.289,
        -18.915,
        -19.975
    ],
    "chosen_weights": [
        52.069,
        33.566,
        36.743,
        37.896,
        39.893
    ],
    "mse": [
        65.1177851422259,
        48.8058547362607,
        32.191383595691796,
        22.17163766915217,
        42.071665285832644
    ],
    "mse_mean": 42.071665285832644,
    "weight_results": [
        53.298,
        34.77,
        36.859,
        38.006,
        40.195
    ],
    "theta_results": [
        -9.273,
        -18.322,
        -19.107,
        -20.155
    ],
    "iterations": "206"
}