{
    "clk_freq": 1536000,
    "input_freq0": 19.8,
    "freq0": 19.816957894710704,
    "lf": 4,
    "lp": 770,
    "chosen_bias": [
        -0.754,
        -1.917,
        -1.933,
        -2.038
    ],
    "chosen_weights": [
        4.841,
        3.233,
        3.897,
        3.915,
        4.039
    ],
    "weight_and_bias_owner": 20.0,
    "chosen_amplitude_size": 1e-05,
    "chosen_window_size": "5 / 180",
    "mse": [
        3.140940904546104,
        26.76589058705899,
        77.18684343795043,
        97.4589474230954,
        51.13815558816273
    ],
    "mse_mean": 51.13815558816273,
    "weight_results": [
        4.835,
        3.241,
        3.864,
        3.852,
        3.979
    ],
    "theta_results": [
        -0.754,
        -1.917,
        -1.934,
        -2.039
    ],
    "iterations": "4"
}