{
    "clk_freq": 1536000,
    "input_freq0": 19.4,
    "freq0": 19.414071838401465,
    "lf": 4,
    "lp": 786,
    "chosen_bias": [
        -0.754,
        -1.917,
        -1.933,
        -2.038
    ],
    "chosen_weights": [
        4.841,
        3.233,
        3.897,
        3.915,
        4.039
    ],
    "weight_and_bias_owner": 20.0,
    "chosen_amplitude_size": 1e-05,
    "chosen_window_size": "5 / 180",
    "mse": [
        22.90053295005024,
        162.04015568755645,
        348.49358297612537,
        437.08715450463626,
        242.6303565295921
    ],
    "mse_mean": 242.63035652959212,
    "weight_results": [
        4.588,
        3.323,
        3.69,
        3.894,
        4.187
    ],
    "theta_results": [
        -0.757,
        -1.916,
        -1.927,
        -2.027
    ],
    "iterations": "12"
}