{
    "clk_freq": 1536000,
    "input_freq0": 199,
    "freq0": 201.03782285292044,
    "lf": 4,
    "lp": 75,
    "chosen_bias": [
        -9.273,
        -18.324,
        -19.109,
        -20.156
    ],
    "chosen_weights": [
        53.333,
        34.798,
        36.846,
        38.017,
        40.19
    ],
    "mse": [
        63.584710165219825,
        46.862923550826096,
        30.985718286194345,
        20.111873424810977,
        40.38630635676281
    ],
    "mse_mean": 40.38630635676281,
    "weight_results": [
        54.133,
        35.56,
        37.27,
        38.427,
        40.525
    ],
    "theta_results": [
        -9.273,
        -18.529,
        -19.298,
        -20.335
    ],
    "iterations": "167"
}