{
    "clk_freq": 1536000,
    "input_freq0": 192,
    "freq0": 193.40347514964498,
    "lf": 4,
    "lp": 78,
    "chosen_bias": [
        -9.273,
        -18.184,
        -18.895,
        -19.966
    ],
    "chosen_weights": [
        52.126,
        33.766,
        36.308,
        37.727,
        39.829
    ],
    "mse": [
        22.21913207040172,
        48.3031035872632,
        73.46164181109768,
        81.56106408706167,
        56.38623538895607
    ],
    "mse_mean": 56.38623538895606,
    "weight_results": [
        52.1,
        33.762,
        36.297,
        37.734,
        39.841
    ],
    "theta_results": [
        -9.273,
        -18.185,
        -18.896,
        -19.967
    ],
    "iterations": "17"
}