{
    "clk_freq": 1536000,
    "input_freq0": 20.8,
    "freq0": 20.815905363517647,
    "lf": 4,
    "lp": 733,
    "chosen_bias": [
        -0.75,
        -1.918,
        -2.02,
        -2.246
    ],
    "chosen_weights": [
        4.948,
        3.604,
        3.849,
        4.096,
        4.618
    ],
    "weight_and_bias_owner": 21.0,
    "chosen_amplitude_size": 1e-05,
    "chosen_window_size": "5 / 180",
    "mse": [
        29.521919471695025,
        37.79832448731768,
        48.2992864062436,
        48.62654350465951,
        41.061518467478955
    ],
    "mse_mean": 41.061518467478955,
    "weight_results": [
        4.965,
        3.404,
        3.856,
        4.101,
        4.475
    ],
    "theta_results": [
        -0.75,
        -1.915,
        -2.018,
        -2.246
    ],
    "iterations": "19"
}