{
    "clk_freq": 1536000,
    "input_freq0": 20.4,
    "freq0": 20.42630285671384,
    "lf": 4,
    "lp": 747,
    "chosen_bias": [
        -0.75,
        -1.928,
        -1.949,
        -2.054
    ],
    "chosen_weights": [
        5.047,
        3.517,
        3.93,
        4.023,
        4.244
    ],
    "weight_and_bias_owner": 20.6,
    "chosen_amplitude_size": 1e-05,
    "chosen_window_size": "5 / 180",
    "mse": [
        46.46321905246389,
        25.649647250967217,
        24.55904362842876,
        81.96817895821899,
        44.660022222519714
    ],
    "mse_mean": 44.660022222519714,
    "weight_results": [
        5.043,
        3.467,
        3.888,
        3.97,
        4.146
    ],
    "theta_results": [
        -0.75,
        -1.927,
        -1.949,
        -2.056
    ],
    "iterations": "6"
}