{
    "clk_freq": 1536000,
    "input_freq0": 20.2,
    "freq0": 20.210151503732742,
    "lf": 4,
    "lp": 755,
    "chosen_bias": [
        -0.75,
        -1.928,
        -1.949,
        -2.054
    ],
    "chosen_weights": [
        5.047,
        3.517,
        3.93,
        4.023,
        4.244
    ],
    "weight_and_bias_owner": 20.6,
    "chosen_amplitude_size": 1e-05,
    "chosen_window_size": "5 / 180",
    "mse": [
        55.00622491821517,
        121.43109545316081,
        153.16351668145637,
        98.09653921036251,
        106.9243440657987
    ],
    "mse_mean": 106.9243440657987,
    "weight_results": [
        4.908,
        3.508,
        3.723,
        3.904,
        4.17
    ],
    "theta_results": [
        -0.751,
        -1.927,
        -1.948,
        -2.054
    ],
    "iterations": "6"
}