{
    "clk_freq": 1536000,
    "input_freq0": 208,
    "freq0": 209.29965118934183,
    "lf": 4,
    "lp": 72,
    "chosen_bias": [
        -12.07,
        -20.92,
        -21.676,
        -21.744
    ],
    "chosen_weights": [
        55.736,
        32.181,
        41.737,
        43.257,
        43.407
    ],
    "mse": [
        34.09093567251462,
        29.95657894736842,
        49.08625730994152,
        92.07266081871344,
        51.3016081871345
    ],
    "mse_mean": 51.301608187134505,
    "weight_results": [
        56.026,
        32.101,
        41.846,
        43.256,
        43.37
    ],
    "theta_results": [
        -12.107,
        -20.922,
        -21.682,
        -21.746
    ],
    "iterations": "65"
}