{
    "clk_freq": 1536000,
    "input_freq0": 20.0,
    "freq0": 20.02473726975354,
    "lf": 4,
    "lp": 762,
    "chosen_bias": [
        -0.75,
        -1.928,
        -1.949,
        -2.054
    ],
    "chosen_weights": [
        5.047,
        3.517,
        3.93,
        4.023,
        4.244
    ],
    "weight_and_bias_owner": 20.6,
    "chosen_amplitude_size": 1e-05,
    "chosen_window_size": "5 / 180",
    "mse": [
        37.4554830921044,
        15.328736205335467,
        40.19231829097065,
        114.9512249530883,
        51.9819406353747
    ],
    "mse_mean": 51.9819406353747,
    "weight_results": [
        4.841,
        3.233,
        3.897,
        3.915,
        4.039
    ],
    "theta_results": [
        -0.754,
        -1.917,
        -1.933,
        -2.038
    ],
    "iterations": "29"
}