{
    "clk_freq": 1536000,
    "input_freq0": 202,
    "freq0": 203.71832715762605,
    "lf": 4,
    "lp": 74,
    "chosen_bias": [
        -9.273,
        -18.53,
        -19.301,
        -20.336
    ],
    "chosen_weights": [
        54.158,
        35.585,
        37.265,
        38.424,
        40.526
    ],
    "mse": [
        57.503905695213746,
        39.28291435875586,
        24.529044169862235,
        14.722198551342139,
        34.009515693793496
    ],
    "mse_mean": 34.009515693793496,
    "weight_results": [
        54.873,
        36.44,
        37.314,
        39.143,
        40.942
    ],
    "theta_results": [
        -9.273,
        -18.557,
        -19.687,
        -20.533
    ],
    "iterations": "176"
}