{
    "clk_freq": 1536000,
    "input_freq0": 207,
    "freq0": 209.29965118934183,
    "lf": 4,
    "lp": 72,
    "chosen_bias": [
        -9.273,
        -18.699,
        -20.101,
        -20.722
    ],
    "chosen_weights": [
        55.521,
        37.064,
        37.609,
        39.966,
        41.339
    ],
    "mse": [
        54.385233918128655,
        36.73786549707602,
        25.339181286549707,
        41.04049707602339,
        39.37569444444444
    ],
    "mse_mean": 39.37569444444444,
    "weight_results": [
        55.736,
        32.181,
        41.737,
        43.257,
        43.407
    ],
    "theta_results": [
        -12.07,
        -20.92,
        -21.676,
        -21.744
    ],
    "iterations": "612"
}