{
    "clk_freq": 1536000,
    "input_freq0": 209,
    "freq0": 209.29965118934183,
    "lf": 4,
    "lp": 72,
    "chosen_bias": [
        -12.107,
        -20.922,
        -21.682,
        -21.746
    ],
    "chosen_weights": [
        56.026,
        32.101,
        41.846,
        43.256,
        43.37
    ],
    "mse": [
        33.73581871345029,
        29.585526315789473,
        48.32105263157895,
        91.54122807017544,
        50.79590643274854
    ],
    "mse_mean": 50.79590643274854,
    "weight_results": [
        56.029,
        32.103,
        41.846,
        43.256,
        43.366
    ],
    "theta_results": [
        -12.107,
        -20.922,
        -21.683,
        -21.746
    ],
    "iterations": "6"
}