{
    "clk_freq": 1536000,
    "input_freq0": 206,
    "freq0": 206.47127752462097,
    "lf": 4,
    "lp": 73,
    "chosen_bias": [
        -9.273,
        -18.699,
        -20.101,
        -20.722
    ],
    "chosen_weights": [
        55.521,
        37.064,
        37.609,
        39.966,
        41.339
    ],
    "mse": [
        55.16294482063103,
        37.938913701195794,
        22.00922057340441,
        13.537674686644575,
        32.16218844546895
    ],
    "mse_mean": 32.16218844546895,
    "weight_results": [
        55.521,
        37.064,
        37.609,
        39.966,
        41.339
    ],
    "theta_results": [
        -9.273,
        -18.699,
        -20.101,
        -20.722
    ],
    "iterations": "2"
}