{
    "clk_freq": 1536000,
    "input_freq0": 20.6,
    "freq0": 20.61926388235081,
    "lf": 4,
    "lp": 740,
    "chosen_bias": [
        -0.75,
        -1.918,
        -2.02,
        -2.246
    ],
    "chosen_weights": [
        4.948,
        3.604,
        3.849,
        4.096,
        4.618
    ],
    "weight_and_bias_owner": 21.0,
    "chosen_amplitude_size": 1e-05,
    "chosen_window_size": "5 / 180",
    "mse": [
        110.52114332049463,
        186.69896614636124,
        180.0626528819515,
        59.066288262720455,
        134.08726265288198
    ],
    "mse_mean": 134.08726265288198,
    "weight_results": [
        5.047,
        3.517,
        3.93,
        4.023,
        4.244
    ],
    "theta_results": [
        -0.75,
        -1.928,
        -1.949,
        -2.054
    ],
    "iterations": "53"
}