{
    "clk_freq": 1536000,
    "input_freq0": 213,
    "freq0": 215.19541601157678,
    "lf": 4,
    "lp": 70,
    "chosen_bias": [
        -12.383,
        -21.351,
        -21.926,
        -21.914
    ],
    "chosen_weights": [
        56.866,
        32.401,
        42.826,
        43.791,
        43.739
    ],
    "mse": [
        75.85494803434253,
        49.732339207712,
        37.388763367977106,
        28.587437867148665,
        47.89087211929507
    ],
    "mse_mean": 47.89087211929507,
    "weight_results": [
        60.143,
        38.154,
        40.917,
        41.633,
        41.674
    ],
    "theta_results": [
        -11.005,
        -20.444,
        -20.877,
        -20.878
    ],
    "iterations": "69"
}