{
    "clk_freq": 1536000,
    "input_freq0": 211,
    "freq0": 212.2065907891938,
    "lf": 4,
    "lp": 71,
    "chosen_bias": [
        -12.287,
        -21.35,
        -21.922,
        -21.913
    ],
    "chosen_weights": [
        56.389,
        32.463,
        42.702,
        43.734,
        43.7
    ],
    "mse": [
        51.589910979228485,
        32.33486646884273,
        36.41513353115727,
        64.27581602373887,
        46.15393175074183
    ],
    "mse_mean": 46.15393175074183,
    "weight_results": [
        56.581,
        32.655,
        42.702,
        43.734,
        43.7
    ],
    "theta_results": [
        -12.383,
        -21.35,
        -21.922,
        -21.913
    ],
    "iterations": "2"
}