{
    "clk_freq": 1536000,
    "input_freq0": 217,
    "freq0": 218.26963624031362,
    "lf": 4,
    "lp": 69,
    "chosen_bias": [
        -10.508,
        -20.525,
        -20.985,
        -21.065
    ],
    "chosen_weights": [
        60.701,
        39.679,
        41.089,
        41.855,
        42.067
    ],
    "mse": [
        70.19941887138707,
        40.92873528062395,
        25.87566906254779,
        16.508334607738185,
        38.378039455574246
    ],
    "mse_mean": 38.378039455574246,
    "weight_results": [
        60.384,
        39.664,
        41.106,
        41.876,
        42.088
    ],
    "theta_results": [
        -10.36,
        -20.534,
        -20.998,
        -21.071
    ],
    "iterations": "70"
}