{
    "clk_freq": 1536000,
    "input_freq0": 21.2,
    "freq0": 21.22065907891938,
    "lf": 4,
    "lp": 719,
    "chosen_bias": [
        -0.75,
        -1.928,
        -2.029,
        -2.253
    ],
    "chosen_weights": [
        5.496,
        3.908,
        3.868,
        4.114,
        4.522
    ],
    "weight_and_bias_owner": 21.6,
    "chosen_amplitude_size": 1e-05,
    "chosen_window_size": "5 / 180",
    "mse": [
        108.68343442212453,
        32.059373434978575,
        64.11026097601692,
        159.09053475043126,
        90.98590089588782
    ],
    "mse_mean": 90.98590089588782,
    "weight_results": [
        4.928,
        3.489,
        3.719,
        4.043,
        4.504
    ],
    "theta_results": [
        -0.75,
        -1.928,
        -2.029,
        -2.254
    ],
    "iterations": "8"
}