{
    "clk_freq": 1536000,
    "input_freq0": 21.3,
    "freq0": 21.30944844745042,
    "lf": 4,
    "lp": 716,
    "chosen_bias": [
        -0.75,
        -1.928,
        -2.029,
        -2.253
    ],
    "chosen_weights": [
        5.496,
        3.908,
        3.868,
        4.114,
        4.522
    ],
    "weight_and_bias_owner": 21.6,
    "chosen_amplitude_size": 1e-05,
    "chosen_window_size": "5 / 180",
    "mse": [
        89.39456846693302,
        21.909446508898885,
        29.188566958173844,
        96.74807912603727,
        59.31016526501075
    ],
    "mse_mean": 59.31016526501075,
    "weight_results": [
        5.06,
        3.551,
        3.782,
        4.062,
        4.106
    ],
    "theta_results": [
        -0.75,
        -1.928,
        -2.03,
        -2.062
    ],
    "iterations": "5"
}