{
    "clk_freq": 1536000,
    "input_freq0": 21.8,
    "freq0": 21.826963624031364,
    "lf": 4,
    "lp": 699,
    "chosen_bias": [
        -0.75,
        -1.929,
        -2.029,
        -2.25
    ],
    "chosen_weights": [
        5.498,
        4.033,
        3.949,
        4.192,
        4.683
    ],
    "weight_and_bias_owner": 22.1,
    "chosen_amplitude_size": 1e-05,
    "chosen_window_size": "5 / 180",
    "mse": [
        79.93013037940263,
        36.85649678702789,
        21.703333190216537,
        142.1438753166459,
        70.15845891832325
    ],
    "mse_mean": 70.15845891832325,
    "weight_results": [
        5.512,
        3.948,
        3.91,
        4.157,
        4.594
    ],
    "theta_results": [
        -0.75,
        -1.928,
        -2.029,
        -2.251
    ],
    "iterations": "5"
}