{
    "clk_freq": 1536000,
    "input_freq0": 219,
    "freq0": 221.43296430176744,
    "lf": 4,
    "lp": 68,
    "chosen_bias": [
        -10.36,
        -20.536,
        -21.001,
        -21.072
    ],
    "chosen_weights": [
        60.39,
        39.674,
        41.117,
        41.89,
        42.097
    ],
    "mse": [
        79.51630941286113,
        51.601273687480585,
        33.230195712954334,
        20.48959304131718,
        46.20934296365331
    ],
    "mse_mean": 46.20934296365331,
    "weight_results": [
        61.682,
        40.911,
        41.332,
        41.968,
        42.736
    ],
    "theta_results": [
        -10.36,
        -20.587,
        -21.068,
        -21.407
    ],
    "iterations": "306"
}