{
    "clk_freq": 1536000,
    "input_freq0": 21.6,
    "freq0": 21.610855073298378,
    "lf": 4,
    "lp": 706,
    "chosen_bias": [
        -0.75,
        -1.928,
        -2.029,
        -2.251
    ],
    "chosen_weights": [
        5.512,
        3.948,
        3.91,
        4.157,
        4.594
    ],
    "weight_and_bias_owner": 21.8,
    "chosen_amplitude_size": 1e-05,
    "chosen_window_size": "5 / 180",
    "mse": [
        26.701120761721242,
        2.6871218668971477,
        17.01496238151239,
        66.46975643623277,
        28.218240361590887
    ],
    "mse_mean": 28.218240361590887,
    "weight_results": [
        5.496,
        3.908,
        3.868,
        4.114,
        4.522
    ],
    "theta_results": [
        -0.75,
        -1.928,
        -2.029,
        -2.253
    ],
    "iterations": "7"
}