{
    "clk_freq": 1536000,
    "input_freq0": 21.1,
    "freq0": 21.10341786853861,
    "lf": 4,
    "lp": 723,
    "chosen_bias": [
        -0.75,
        -1.928,
        -2.029,
        -2.253
    ],
    "chosen_weights": [
        5.496,
        3.908,
        3.868,
        4.114,
        4.522
    ],
    "weight_and_bias_owner": 21.6,
    "chosen_amplitude_size": 1e-05,
    "chosen_window_size": "5 / 180",
    "mse": [
        85.345959106881,
        127.63869905652547,
        123.99775890213873,
        37.278131311733944,
        93.56513709431978
    ],
    "mse_mean": 93.56513709431978,
    "weight_results": [
        5.406,
        3.807,
        4.261,
        3.824,
        3.727
    ],
    "theta_results": [
        -0.75,
        -2.087,
        -1.87,
        -1.822
    ],
    "iterations": "42"
}