{
    "clk_freq": 1536000,
    "input_freq0": 21.0,
    "freq0": 21.016333613235147,
    "lf": 4,
    "lp": 726,
    "chosen_bias": [
        -0.75,
        -1.928,
        -2.029,
        -2.253
    ],
    "chosen_weights": [
        5.496,
        3.908,
        3.868,
        4.114,
        4.522
    ],
    "weight_and_bias_owner": 21.6,
    "chosen_amplitude_size": 1e-05,
    "chosen_window_size": "5 / 180",
    "mse": [
        37.76654543450708,
        92.6037912602634,
        142.31498319281425,
        98.11284234308701,
        92.69954055766794
    ],
    "mse_mean": 92.69954055766794,
    "weight_results": [
        4.948,
        3.604,
        3.849,
        4.096,
        4.618
    ],
    "theta_results": [
        -0.75,
        -1.918,
        -2.02,
        -2.246
    ],
    "iterations": "36"
}