{
    "clk_freq": 1536000,
    "input_freq0": 212,
    "freq0": 212.2065907891938,
    "lf": 4,
    "lp": 71,
    "chosen_bias": [
        -12.383,
        -21.35,
        -21.922,
        -21.913
    ],
    "chosen_weights": [
        56.581,
        32.655,
        42.702,
        43.734,
        43.7
    ],
    "mse": [
        38.24777448071217,
        26.10845697329377,
        42.494510385756676,
        80.81097922848664,
        46.91543026706231
    ],
    "mse_mean": 46.91543026706231,
    "weight_results": [
        56.866,
        32.401,
        42.826,
        43.791,
        43.739
    ],
    "theta_results": [
        -12.383,
        -21.351,
        -21.926,
        -21.914
    ],
    "iterations": "47"
}