{
    "clk_freq": 1536000,
    "input_freq0": 22.4,
    "freq0": 22.40304184284744,
    "lf": 4,
    "lp": 681,
    "chosen_bias": [
        -0.75,
        -2.1,
        -2.012,
        -2.232
    ],
    "chosen_weights": [
        6.002,
        4.277,
        4.273,
        4.011,
        4.359
    ],
    "weight_and_bias_owner": 22.6,
    "chosen_amplitude_size": 1e-05,
    "chosen_window_size": "5 / 180",
    "mse": [
        73.023286906441,
        162.09815761636108,
        222.6225758110014,
        141.52205277385988,
        149.81651827691584
    ],
    "mse_mean": 149.81651827691584,
    "weight_results": [
        6.002,
        4.277,
        4.273,
        4.011,
        4.359
    ],
    "theta_results": [
        -0.75,
        -2.101,
        -2.013,
        -2.233
    ],
    "iterations": "2"
}