{
    "clk_freq": 1536000,
    "input_freq0": 228,
    "freq0": 228.042903534656,
    "lf": 4,
    "lp": 66,
    "chosen_bias": [
        -9.69,
        -20.768,
        -21.303,
        -22.064
    ],
    "chosen_weights": [
        63.37,
        43.867,
        41.633,
        42.496,
        44.04
    ],
    "mse": [
        73.52076318742985,
        39.922077922077925,
        27.757896424563093,
        17.175725509058843,
        39.59411576078243
    ],
    "mse_mean": 39.59411576078243,
    "weight_results": [
        63.374,
        43.877,
        41.632,
        42.502,
        44.042
    ],
    "theta_results": [
        -9.69,
        -20.769,
        -21.304,
        -22.065
    ],
    "iterations": "7"
}