{
    "clk_freq": 1536000,
    "input_freq0": 226,
    "freq0": 228.042903534656,
    "lf": 4,
    "lp": 66,
    "chosen_bias": [
        -10.012,
        -20.749,
        -21.276,
        -22.05
    ],
    "chosen_weights": [
        64.08,
        43.932,
        41.62,
        42.459,
        44.023
    ],
    "mse": [
        73.41814975148309,
        39.66907166907167,
        27.8666025332692,
        17.07423440756774,
        39.50701459034792
    ],
    "mse_mean": 39.50701459034792,
    "weight_results": [
        63.726,
        43.926,
        41.628,
        42.469,
        44.016
    ],
    "theta_results": [
        -9.848,
        -20.76,
        -21.292,
        -22.058
    ],
    "iterations": "71"
}