{
    "clk_freq": 1536000,
    "input_freq0": 222,
    "freq0": 224.68933142385222,
    "lf": 4,
    "lp": 67,
    "chosen_bias": [
        -10.36,
        -20.593,
        -21.076,
        -21.41
    ],
    "chosen_weights": [
        61.73,
        40.97,
        41.285,
        42.02,
        42.756
    ],
    "mse": [
        82.47081098138214,
        48.698327548122435,
        32.02414010728936,
        18.737298832439254,
        45.482644367308296
    ],
    "mse_mean": 45.482644367308296,
    "weight_results": [
        63.269,
        42.452,
        41.451,
        42.183,
        43.339
    ],
    "theta_results": [
        -10.36,
        -20.658,
        -21.157,
        -21.718
    ],
    "iterations": "359"
}