{
    "clk_freq": 1536000,
    "input_freq0": 22.8,
    "freq0": 22.804290353465603,
    "lf": 4,
    "lp": 669,
    "chosen_bias": [
        -0.75,
        -2.099,
        -2.007,
        -2.225
    ],
    "chosen_weights": [
        5.972,
        4.312,
        4.335,
        4.133,
        4.518
    ],
    "weight_and_bias_owner": 23.0,
    "chosen_amplitude_size": 1e-05,
    "chosen_window_size": "5 / 180",
    "mse": [
        36.75390759381965,
        10.472097162600775,
        92.85177318754954,
        214.13699388246556,
        88.55369295660888
    ],
    "mse_mean": 88.55369295660888,
    "weight_results": [
        6.004,
        4.277,
        4.322,
        4.081,
        4.432
    ],
    "theta_results": [
        -0.75,
        -2.099,
        -2.009,
        -2.229
    ],
    "iterations": "5"
}