{
    "clk_freq": 1536000,
    "input_freq0": 229,
    "freq0": 231.49809904275685,
    "lf": 4,
    "lp": 65,
    "chosen_bias": [
        -9.69,
        -20.769,
        -21.304,
        -22.065
    ],
    "chosen_weights": [
        63.374,
        43.877,
        41.632,
        42.502,
        44.042
    ],
    "mse": [
        80.70930422030308,
        45.516701971647386,
        34.81424148606811,
        22.22568029982076,
        45.816481994459835
    ],
    "mse_mean": 45.816481994459835,
    "weight_results": [
        64.708,
        45.187,
        41.822,
        42.86,
        44.787
    ],
    "theta_results": [
        -9.69,
        -20.821,
        -21.519,
        -22.434
    ],
    "iterations": "266"
}