{
    "clk_freq": 1536000,
    "input_freq0": 225,
    "freq0": 228.042903534656,
    "lf": 4,
    "lp": 66,
    "chosen_bias": [
        -10.196,
        -20.67,
        -21.175,
        -21.727
    ],
    "chosen_weights": [
        62.922,
        42.454,
        41.425,
        42.245,
        43.343
    ],
    "mse": [
        77.53246753246754,
        39.102453102453104,
        25.701940035273367,
        15.024370691037358,
        39.34030784030784
    ],
    "mse_mean": 39.34030784030784,
    "weight_results": [
        64.08,
        43.932,
        41.62,
        42.459,
        44.023
    ],
    "theta_results": [
        -10.012,
        -20.749,
        -21.276,
        -22.05
    ],
    "iterations": "441"
}