{
    "clk_freq": 1536000,
    "input_freq0": 22.3,
    "freq0": 22.30492633112694,
    "lf": 4,
    "lp": 684,
    "chosen_bias": [
        -0.75,
        -2.101,
        -2.013,
        -2.233
    ],
    "chosen_weights": [
        6.002,
        4.277,
        4.273,
        4.011,
        4.359
    ],
    "weight_and_bias_owner": 22.4,
    "chosen_amplitude_size": 1e-05,
    "chosen_window_size": "5 / 180",
    "mse": [
        29.610326921670445,
        6.654867256637168,
        17.123162436919475,
        107.18038469977327,
        40.14218532875009
    ],
    "mse_mean": 40.14218532875009,
    "weight_results": [
        5.568,
        3.942,
        4.286,
        4.111,
        4.49
    ],
    "theta_results": [
        -0.75,
        -2.104,
        -2.018,
        -2.238
    ],
    "iterations": "13"
}