{
    "clk_freq": 1536000,
    "input_freq0": 223,
    "freq0": 224.68933142385222,
    "lf": 4,
    "lp": 67,
    "chosen_bias": [
        -10.36,
        -20.658,
        -21.157,
        -21.718
    ],
    "chosen_weights": [
        63.269,
        42.452,
        41.451,
        42.183,
        43.339
    ],
    "mse": [
        76.15556958030925,
        41.89144840643736,
        26.914010728936574,
        15.388923950773114,
        40.08748816661408
    ],
    "mse_mean": 40.08748816661408,
    "weight_results": [
        62.928,
        42.452,
        41.429,
        42.245,
        43.348
    ],
    "theta_results": [
        -10.196,
        -20.669,
        -21.173,
        -21.726
    ],
    "iterations": "77"
}