{
    "clk_freq": 1536000,
    "input_freq0": 220,
    "freq0": 221.43296430176744,
    "lf": 4,
    "lp": 68,
    "chosen_bias": [
        -10.36,
        -20.587,
        -21.068,
        -21.407
    ],
    "chosen_weights": [
        61.682,
        40.911,
        41.332,
        41.968,
        42.736
    ],
    "mse": [
        75.25442684063374,
        44.44299471885679,
        27.374961168064615,
        16.1784715750233,
        40.81271357564461
    ],
    "mse_mean": 40.81271357564461,
    "weight_results": [
        61.729,
        40.966,
        41.282,
        42.017,
        42.751
    ],
    "theta_results": [
        -10.36,
        -20.593,
        -21.075,
        -21.41
    ],
    "iterations": "40"
}