{
    "clk_freq": 1536000,
    "input_freq0": 22.6,
    "freq0": 22.60188540949993,
    "lf": 4,
    "lp": 675,
    "chosen_bias": [
        -0.75,
        -2.099,
        -2.009,
        -2.229
    ],
    "chosen_weights": [
        6.004,
        4.277,
        4.322,
        4.081,
        4.432
    ],
    "weight_and_bias_owner": 22.8,
    "chosen_amplitude_size": 1e-05,
    "chosen_window_size": "5 / 180",
    "mse": [
        31.194841387488882,
        85.66240735250518,
        145.938482063445,
        145.1686480877557,
        101.99109472279869
    ],
    "mse_mean": 101.99109472279869,
    "weight_results": [
        6.002,
        4.277,
        4.273,
        4.011,
        4.359
    ],
    "theta_results": [
        -0.75,
        -2.1,
        -2.012,
        -2.232
    ],
    "iterations": "5"
}