{
    "clk_freq": 1536000,
    "input_freq0": 239,
    "freq0": 242.5218180447929,
    "lf": 4,
    "lp": 62,
    "chosen_bias": [
        -9.194,
        -20.976,
        -22.267,
        -23.337
    ],
    "chosen_weights": [
        66.16,
        47.55,
        41.952,
        44.284,
        46.559
    ],
    "mse": [
        67.16229648671808,
        47.43684661525278,
        48.5395029991431,
        38.31688089117395,
        50.36388174807198
    ],
    "mse_mean": 50.36388174807198,
    "weight_results": [
        66.39,
        47.788,
        42.478,
        45.237,
        47.608
    ],
    "theta_results": [
        -9.194,
        -20.984,
        -22.515,
        -23.722
    ],
    "iterations": "76"
}