{
    "clk_freq": 1536000,
    "input_freq0": 23.0,
    "freq0": 23.010353218105347,
    "lf": 4,
    "lp": 663,
    "chosen_bias": [
        -0.833,
        -2.258,
        -1.994,
        -2.554
    ],
    "chosen_weights": [
        5.657,
        3.949,
        4.52,
        4.034,
        5.09
    ],
    "weight_and_bias_owner": 23.1,
    "chosen_amplitude_size": 1e-05,
    "chosen_window_size": "5 / 180",
    "mse": [
        164.67881184532254,
        102.79389923627252,
        39.280149123071816,
        48.686977390044376,
        88.85995939867782
    ],
    "mse_mean": 88.85995939867782,
    "weight_results": [
        5.972,
        4.312,
        4.335,
        4.133,
        4.518
    ],
    "theta_results": [
        -0.75,
        -2.099,
        -2.007,
        -2.225
    ],
    "iterations": "38"
}