{
    "clk_freq": 1536000,
    "input_freq0": 23.2,
    "freq0": 23.220174068118467,
    "lf": 4,
    "lp": 657,
    "chosen_bias": [
        -0.751,
        -2.258,
        -2.399,
        -2.567
    ],
    "chosen_weights": [
        5.353,
        3.825,
        4.449,
        4.734,
        5.054
    ],
    "weight_and_bias_owner": 23.6,
    "chosen_amplitude_size": 1e-05,
    "chosen_window_size": "5 / 180",
    "mse": [
        165.3065756804923,
        166.12408036435087,
        121.48684711580935,
        52.98702228450443,
        126.47613136128925
    ],
    "mse_mean": 126.47613136128925,
    "weight_results": [
        5.124,
        3.756,
        4.574,
        4.172,
        5.279
    ],
    "theta_results": [
        -0.752,
        -2.255,
        -2.035,
        -2.557
    ],
    "iterations": "38"
}