{
    "clk_freq": 1536000,
    "input_freq0": 23.9,
    "freq0": 23.91060177906409,
    "lf": 4,
    "lp": 638,
    "chosen_bias": [
        -0.955,
        -2.387,
        -2.344,
        -2.239
    ],
    "chosen_weights": [
        5.782,
        3.869,
        4.808,
        4.811,
        4.369
    ],
    "weight_and_bias_owner": 24.0,
    "chosen_amplitude_size": 1e-05,
    "chosen_window_size": "5 / 180",
    "mse": [
        24.45438571719929,
        21.90238621923095,
        91.97005067382062,
        89.63086553395773,
        56.98942203605215
    ],
    "mse_mean": 56.98942203605215,
    "weight_results": [
        5.249,
        3.919,
        5.083,
        4.718,
        4.606
    ],
    "theta_results": [
        -0.75,
        -2.559,
        -2.375,
        -2.269
    ],
    "iterations": "71"
}