{
    "clk_freq": 1536000,
    "input_freq0": 236,
    "freq0": 238.73241463784302,
    "lf": 4,
    "lp": 63,
    "chosen_bias": [
        -9.52,
        -20.901,
        -21.761,
        -22.803
    ],
    "chosen_weights": [
        65.748,
        46.532,
        41.95,
        43.383,
        45.524
    ],
    "mse": [
        77.09839932603201,
        45.85728727885425,
        41.17590564448189,
        27.57843302443134,
        47.92750631844988
    ],
    "mse_mean": 47.92750631844988,
    "weight_results": [
        66.626,
        47.66,
        42.012,
        44.095,
        46.521
    ],
    "theta_results": [
        -9.349,
        -20.966,
        -22.185,
        -23.332
    ],
    "iterations": "291"
}