{
    "clk_freq": 1536000,
    "input_freq0": 235,
    "freq0": 235.05960825879927,
    "lf": 4,
    "lp": 64,
    "chosen_bias": [
        -9.52,
        -20.887,
        -21.744,
        -22.794
    ],
    "chosen_weights": [
        65.819,
        46.274,
        41.972,
        43.306,
        45.52
    ],
    "mse": [
        78.16252485089463,
        46.944002650762094,
        41.347084161696486,
        28.089628893306827,
        48.63581013916502
    ],
    "mse_mean": 48.63581013916502,
    "weight_results": [
        65.748,
        46.532,
        41.95,
        43.383,
        45.524
    ],
    "theta_results": [
        -9.52,
        -20.901,
        -21.761,
        -22.803
    ],
    "iterations": "77"
}