{
    "clk_freq": 1536000,
    "input_freq0": 23.6,
    "freq0": 23.614952916262677,
    "lf": 4,
    "lp": 646,
    "chosen_bias": [
        -0.77,
        -2.4,
        -2.409,
        -2.642
    ],
    "chosen_weights": [
        5.527,
        4.06,
        4.634,
        4.735,
        5.234
    ],
    "weight_and_bias_owner": 24.4,
    "chosen_amplitude_size": 1e-05,
    "chosen_window_size": "5 / 180",
    "mse": [
        103.2666201874661,
        81.64379889999225,
        59.78281818886048,
        13.491548532031915,
        64.5461964520877
    ],
    "mse_mean": 64.5461964520877,
    "weight_results": [
        5.353,
        3.825,
        4.449,
        4.734,
        5.054
    ],
    "theta_results": [
        -0.751,
        -2.258,
        -2.399,
        -2.567
    ],
    "iterations": "171"
}