{
    "clk_freq": 1536000,
    "input_freq0": 23.1,
    "freq0": 23.11478749897421,
    "lf": 4,
    "lp": 660,
    "chosen_bias": [
        -0.751,
        -2.258,
        -2.399,
        -2.567
    ],
    "chosen_weights": [
        5.353,
        3.825,
        4.449,
        4.734,
        5.054
    ],
    "weight_and_bias_owner": 23.6,
    "chosen_amplitude_size": 1e-05,
    "chosen_window_size": "5 / 180",
    "mse": [
        4.93175339640951,
        10.561514434740417,
        20.21697598253275,
        42.17784146045609,
        19.472021318534694
    ],
    "mse_mean": 19.472021318534694,
    "weight_results": [
        5.657,
        3.949,
        4.52,
        4.034,
        5.09
    ],
    "theta_results": [
        -0.833,
        -2.258,
        -1.994,
        -2.554
    ],
    "iterations": "63"
}