{
    "clk_freq": 1536000,
    "input_freq0": 237,
    "freq0": 238.73241463784302,
    "lf": 4,
    "lp": 63,
    "chosen_bias": [
        -9.349,
        -20.966,
        -22.185,
        -23.332
    ],
    "chosen_weights": [
        66.626,
        47.66,
        42.012,
        44.095,
        46.521
    ],
    "mse": [
        78.89974726200505,
        39.82999157540017,
        35.396124684077506,
        22.339679865206403,
        44.11638584667228
    ],
    "mse_mean": 44.11638584667228,
    "weight_results": [
        66.283,
        47.383,
        41.992,
        44.262,
        46.541
    ],
    "theta_results": [
        -9.193,
        -20.969,
        -22.259,
        -23.333
    ],
    "iterations": "14"
}