{
    "clk_freq": 1536000,
    "input_freq0": 234,
    "freq0": 235.05960825879927,
    "lf": 4,
    "lp": 64,
    "chosen_bias": [
        -9.69,
        -20.886,
        -21.742,
        -22.793
    ],
    "chosen_weights": [
        66.16,
        46.611,
        41.976,
        43.299,
        45.513
    ],
    "mse": [
        79.81129887342611,
        43.35685884691849,
        35.76706428098078,
        23.428595096090127,
        45.59095427435388
    ],
    "mse_mean": 45.59095427435388,
    "weight_results": [
        65.819,
        46.274,
        41.972,
        43.306,
        45.52
    ],
    "theta_results": [
        -9.52,
        -20.887,
        -21.744,
        -22.794
    ],
    "iterations": "8"
}