{
    "clk_freq": 1536000,
    "input_freq0": 24.0,
    "freq0": 24.023387636512503,
    "lf": 4,
    "lp": 635,
    "chosen_bias": [
        -0.77,
        -2.398,
        -2.162,
        -2.231
    ],
    "chosen_weights": [
        5.56,
        4.079,
        4.739,
        4.358,
        4.503
    ],
    "weight_and_bias_owner": 24.1,
    "chosen_amplitude_size": 1e-05,
    "chosen_window_size": "5 / 180",
    "mse": [
        12.34166679802645,
        21.027601317801352,
        80.56027049606709,
        94.12933684326676,
        52.01471886379041
    ],
    "mse_mean": 52.01471886379041,
    "weight_results": [
        5.782,
        3.869,
        4.808,
        4.811,
        4.369
    ],
    "theta_results": [
        -0.955,
        -2.387,
        -2.344,
        -2.239
    ],
    "iterations": "54"
}