{
    "clk_freq": 1536000,
    "input_freq0": 241,
    "freq0": 242.5218180447929,
    "lf": 4,
    "lp": 62,
    "chosen_bias": [
        -9.194,
        -20.985,
        -22.516,
        -23.723
    ],
    "chosen_weights": [
        66.449,
        47.739,
        42.505,
        45.23,
        47.572
    ],
    "mse": [
        69.70299914310198,
        52.810796915167096,
        43.780805484147386,
        25.957155098543275,
        48.06293916023993
    ],
    "mse_mean": 48.06293916023993,
    "weight_results": [
        66.532,
        48.085,
        42.091,
        45.205,
        47.919
    ],
    "theta_results": [
        -9.195,
        -21.004,
        -22.821,
        -24.142
    ],
    "iterations": "75"
}