{
    "clk_freq": 1536000,
    "input_freq0": 249,
    "freq0": 250.47335306265495,
    "lf": 4,
    "lp": 60,
    "chosen_bias": [
        -12.937,
        -23.529,
        -24.353,
        -24.553
    ],
    "chosen_weights": [
        70.197,
        44.36,
        47.069,
        48.54,
        48.998
    ],
    "mse": [
        73.23943911963082,
        42.70411785587505,
        31.713702520411786,
        28.301206957756477,
        43.98961661341853
    ],
    "mse_mean": 43.98961661341853,
    "weight_results": [
        70.194,
        44.39,
        47.087,
        48.558,
        49.006
    ],
    "theta_results": [
        -12.937,
        -23.531,
        -24.356,
        -24.554
    ],
    "iterations": "15"
}