{
    "clk_freq": 1536000,
    "input_freq0": 24.9,
    "freq0": 24.92475454620221,
    "lf": 4,
    "lp": 612,
    "chosen_bias": [
        -0.769,
        -2.4,
        -2.409,
        -2.643
    ],
    "chosen_weights": [
        5.651,
        4.066,
        4.834,
        4.855,
        5.284
    ],
    "weight_and_bias_owner": 25.0,
    "chosen_amplitude_size": 1e-05,
    "chosen_window_size": "5 / 180",
    "mse": [
        13.337003288235968,
        19.161107203036302,
        42.89436746445924,
        132.14864135324817,
        51.88527982724492
    ],
    "mse_mean": 51.88527982724493,
    "weight_results": [
        5.651,
        4.066,
        4.834,
        4.855,
        5.284
    ],
    "theta_results": [
        -0.769,
        -2.4,
        -2.409,
        -2.643
    ],
    "iterations": "2"
}