{
    "clk_freq": 1536000,
    "input_freq0": 245,
    "freq0": 246.43346027132182,
    "lf": 4,
    "lp": 61,
    "chosen_bias": [
        -15.93,
        -24.608,
        -25.308,
        -25.919
    ],
    "chosen_weights": [
        69.228,
        37.788,
        49.235,
        50.48,
        51.62
    ],
    "mse": [
        34.13132193930938,
        31.086675967910708,
        52.329787234042556,
        96.62643878618765,
        53.54355598186257
    ],
    "mse_mean": 53.543555981862575,
    "weight_results": [
        69.317,
        37.851,
        49.208,
        50.459,
        51.614
    ],
    "theta_results": [
        -15.964,
        -24.609,
        -25.311,
        -25.92
    ],
    "iterations": "20"
}