{
    "clk_freq": 1536000,
    "input_freq0": 247,
    "freq0": 250.47335306265495,
    "lf": 4,
    "lp": 60,
    "chosen_bias": [
        -15.964,
        -24.649,
        -25.399,
        -25.953
    ],
    "chosen_weights": [
        69.128,
        37.635,
        49.171,
        50.657,
        51.802
    ],
    "mse": [
        80.0457933972311,
        46.116968406105784,
        35.513489527866525,
        33.750266240681576,
        48.85662939297124
    ],
    "mse_mean": 48.85662939297124,
    "weight_results": [
        70.251,
        44.111,
        47.072,
        48.542,
        48.991
    ],
    "theta_results": [
        -12.937,
        -23.518,
        -24.338,
        -24.546
    ],
    "iterations": "164"
}