{
    "clk_freq": 1536000,
    "input_freq0": 246,
    "freq0": 246.43346027132182,
    "lf": 4,
    "lp": 61,
    "chosen_bias": [
        -15.964,
        -24.609,
        -25.311,
        -25.92
    ],
    "chosen_weights": [
        69.317,
        37.851,
        49.208,
        50.459,
        51.614
    ],
    "mse": [
        31.546913149633763,
        34.76194628531566,
        62.77293337983955,
        116.0137774677363,
        61.27389257063132
    ],
    "mse_mean": 61.273892570631325,
    "weight_results": [
        69.128,
        37.635,
        49.171,
        50.657,
        51.802
    ],
    "theta_results": [
        -15.964,
        -24.649,
        -25.399,
        -25.953
    ],
    "iterations": "42"
}