{
    "clk_freq": 1536000,
    "input_freq0": 240,
    "freq0": 242.5218180447929,
    "lf": 4,
    "lp": 62,
    "chosen_bias": [
        -9.194,
        -20.984,
        -22.515,
        -23.722
    ],
    "chosen_weights": [
        66.39,
        47.788,
        42.478,
        45.237,
        47.608
    ],
    "mse": [
        68.72202227934876,
        46.60754070265639,
        48.08260497000857,
        39.76949443016281,
        50.79541559554413
    ],
    "mse_mean": 50.79541559554413,
    "weight_results": [
        66.449,
        47.739,
        42.505,
        45.23,
        47.572
    ],
    "theta_results": [
        -9.194,
        -20.985,
        -22.516,
        -23.723
    ],
    "iterations": "6"
}