{
    "clk_freq": 1536000,
    "input_freq0": 248,
    "freq0": 250.47335306265495,
    "lf": 4,
    "lp": 60,
    "chosen_bias": [
        -12.937,
        -23.518,
        -24.338,
        -24.546
    ],
    "chosen_weights": [
        70.251,
        44.111,
        47.072,
        48.542,
        48.991
    ],
    "mse": [
        79.9103656372027,
        48.69133830315939,
        36.39368122115726,
        31.032836350727724,
        49.00705537806177
    ],
    "mse_mean": 49.00705537806177,
    "weight_results": [
        70.197,
        44.36,
        47.069,
        48.54,
        48.998
    ],
    "theta_results": [
        -12.937,
        -23.529,
        -24.353,
        -24.553
    ],
    "iterations": "62"
}