{
    "clk_freq": 1536000,
    "input_freq0": 24.1,
    "freq0": 24.137242554221096,
    "lf": 4,
    "lp": 632,
    "chosen_bias": [
        -0.77,
        -2.4,
        -2.409,
        -2.642
    ],
    "chosen_weights": [
        5.527,
        4.06,
        4.634,
        4.735,
        5.234
    ],
    "weight_and_bias_owner": 24.4,
    "chosen_amplitude_size": 1e-05,
    "chosen_window_size": "5 / 180",
    "mse": [
        0.9197313820520131,
        23.551062751433367,
        45.62832208812443,
        44.42670024391016,
        28.63145411637999
    ],
    "mse_mean": 28.63145411637999,
    "weight_results": [
        5.56,
        4.079,
        4.739,
        4.358,
        4.503
    ],
    "theta_results": [
        -0.77,
        -2.398,
        -2.162,
        -2.231
    ],
    "iterations": "51"
}