{
    "clk_freq": 1536000,
    "input_freq0": 24.4,
    "freq0": 24.40714782239929,
    "lf": 4,
    "lp": 625,
    "chosen_bias": [
        -0.769,
        -2.4,
        -2.409,
        -2.643
    ],
    "chosen_weights": [
        5.651,
        4.066,
        4.834,
        4.855,
        5.284
    ],
    "weight_and_bias_owner": 24.9,
    "chosen_amplitude_size": 1e-05,
    "chosen_window_size": "5 / 180",
    "mse": [
        87.20737098375885,
        22.355559470801165,
        70.37410705705224,
        221.6132555979114,
        100.38757327738091
    ],
    "mse_mean": 100.38757327738091,
    "weight_results": [
        5.527,
        4.06,
        4.634,
        4.735,
        5.234
    ],
    "theta_results": [
        -0.77,
        -2.4,
        -2.409,
        -2.642
    ],
    "iterations": "6"
}