{
    "clk_freq": 1536000,
    "input_freq0": 25.4,
    "freq0": 25.42242019437929,
    "lf": 4,
    "lp": 600,
    "chosen_bias": [
        -0.754,
        -2.408,
        -2.597,
        -2.682
    ],
    "chosen_weights": [
        5.9,
        4.277,
        4.757,
        5.279,
        5.223
    ],
    "weight_and_bias_owner": 25.6,
    "chosen_amplitude_size": 1e-05,
    "chosen_window_size": "5 / 180",
    "mse": [
        80.45656781428882,
        36.79286059978973,
        104.90742811368301,
        162.06076333839556,
        96.05440496653928
    ],
    "mse_mean": 96.05440496653928,
    "weight_results": [
        5.847,
        4.298,
        4.714,
        5.211,
        4.553
    ],
    "theta_results": [
        -0.755,
        -2.408,
        -2.598,
        -2.358
    ],
    "iterations": "5"
}