{
    "clk_freq": 1536000,
    "input_freq0": 257,
    "freq0": 258.9639752003721,
    "lf": 4,
    "lp": 58,
    "chosen_bias": [
        -12.083,
        -23.821,
        -24.73,
        -24.993
    ],
    "chosen_weights": [
        72.626,
        48.391,
        47.731,
        49.309,
        49.887
    ],
    "mse": [
        73.57040309221425,
        39.7452604454261,
        25.13951776182588,
        13.519050248481502,
        37.993557886986935
    ],
    "mse_mean": 37.993557886986935,
    "weight_results": [
        72.627,
        48.393,
        47.732,
        49.31,
        49.887
    ],
    "theta_results": [
        -12.083,
        -23.822,
        -24.731,
        -24.994
    ],
    "iterations": "5"
}