{
    "clk_freq": 1536000,
    "input_freq0": 25.2,
    "freq0": 25.21266425218144,
    "lf": 4,
    "lp": 605,
    "chosen_bias": [
        -0.755,
        -2.408,
        -2.598,
        -2.358
    ],
    "chosen_weights": [
        5.847,
        4.298,
        4.714,
        5.211,
        4.553
    ],
    "weight_and_bias_owner": 25.4,
    "chosen_amplitude_size": 1e-05,
    "chosen_window_size": "5 / 180",
    "mse": [
        23.348244873640834,
        40.43650596627112,
        40.55604653856975,
        280.6360988365358,
        96.24422405375438
    ],
    "mse_mean": 96.24422405375438,
    "weight_results": [
        5.491,
        3.827,
        4.968,
        5.241,
        5.453
    ],
    "theta_results": [
        -0.916,
        -2.554,
        -2.584,
        -2.77
    ],
    "iterations": "30"
}