{
    "clk_freq": 1536000,
    "input_freq0": 255,
    "freq0": 258.9639752003721,
    "lf": 4,
    "lp": 58,
    "chosen_bias": [
        -12.414,
        -23.691,
        -24.562,
        -24.649
    ],
    "chosen_weights": [
        71.344,
        46.514,
        47.437,
        48.966,
        49.207
    ],
    "mse": [
        79.77029265599117,
        42.49457021903184,
        26.664089821461438,
        15.038836738450211,
        40.99194735873367
    ],
    "mse_mean": 40.99194735873367,
    "weight_results": [
        72.987,
        48.414,
        47.711,
        49.267,
        49.898
    ],
    "theta_results": [
        -12.241,
        -23.808,
        -24.711,
        -24.984
    ],
    "iterations": "528"
}