{
    "clk_freq": 1536000,
    "input_freq0": 259,
    "freq0": 263.4288713245164,
    "lf": 4,
    "lp": 57,
    "chosen_bias": [
        -12.083,
        -23.823,
        -24.733,
        -24.995
    ],
    "chosen_weights": [
        72.626,
        48.402,
        47.733,
        49.312,
        49.88
    ],
    "mse": [
        67.02156789197299,
        32.771942985746435,
        20.18735933983496,
        10.776069017254313,
        32.689234808702174
    ],
    "mse_mean": 32.689234808702174,
    "weight_results": [
        73.215,
        50.22,
        48.062,
        49.801,
        50.701
    ],
    "theta_results": [
        -11.443,
        -23.998,
        -24.963,
        -25.392
    ],
    "iterations": "160"
}