{
    "clk_freq": 1536000,
    "input_freq0": 258,
    "freq0": 258.9639752003721,
    "lf": 4,
    "lp": 58,
    "chosen_bias": [
        -12.083,
        -23.822,
        -24.731,
        -24.994
    ],
    "chosen_weights": [
        72.627,
        48.393,
        47.732,
        49.31,
        49.887
    ],
    "mse": [
        77.27737898030554,
        40.989876679550896,
        25.79826983250506,
        14.219215902816124,
        39.57118534879441
    ],
    "mse_mean": 39.57118534879441,
    "weight_results": [
        72.626,
        48.402,
        47.733,
        49.312,
        49.88
    ],
    "theta_results": [
        -12.083,
        -23.823,
        -24.733,
        -24.995
    ],
    "iterations": "8"
}