{
    "clk_freq": 1536000,
    "input_freq0": 256,
    "freq0": 258.9639752003721,
    "lf": 4,
    "lp": 58,
    "chosen_bias": [
        -12.241,
        -23.808,
        -24.711,
        -24.984
    ],
    "chosen_weights": [
        72.987,
        48.414,
        47.711,
        49.267,
        49.898
    ],
    "mse": [
        75.6600404932818,
        40.10914780047856,
        25.149457021903185,
        13.862875023007547,
        38.69538008466777
    ],
    "mse_mean": 38.69538008466777,
    "weight_results": [
        72.626,
        48.391,
        47.731,
        49.309,
        49.887
    ],
    "theta_results": [
        -12.083,
        -23.821,
        -24.73,
        -24.993
    ],
    "iterations": "74"
}