{
    "clk_freq": 1536000,
    "input_freq0": 25.8,
    "freq0": 25.80890969057762,
    "lf": 4,
    "lp": 591,
    "chosen_bias": [
        -0.903,
        -2.422,
        -2.234,
        -2.378
    ],
    "chosen_weights": [
        6.39,
        4.644,
        4.893,
        4.533,
        4.865
    ],
    "weight_and_bias_owner": 25.9,
    "chosen_amplitude_size": 1e-05,
    "chosen_window_size": "5 / 180",
    "mse": [
        8.077911074962723,
        57.46560254846143,
        69.44521824589941,
        145.97336315575438,
        70.24052375626948
    ],
    "mse_mean": 70.24052375626948,
    "weight_results": [
        5.941,
        4.286,
        4.81,
        5.38,
        5.304
    ],
    "theta_results": [
        -0.754,
        -2.408,
        -2.595,
        -2.68
    ],
    "iterations": "180"
}