{
    "clk_freq": 1536000,
    "input_freq0": 25.6,
    "freq0": 25.635695531580456,
    "lf": 4,
    "lp": 595,
    "chosen_bias": [
        -0.754,
        -2.408,
        -2.595,
        -2.68
    ],
    "chosen_weights": [
        5.941,
        4.286,
        4.81,
        5.38,
        5.304
    ],
    "weight_and_bias_owner": 25.8,
    "chosen_amplitude_size": 1e-05,
    "chosen_window_size": "5 / 180",
    "mse": [
        16.225083308088458,
        8.781295230401561,
        90.40681275034501,
        58.279342960045774,
        43.4231335622202
    ],
    "mse_mean": 43.4231335622202,
    "weight_results": [
        5.9,
        4.277,
        4.757,
        5.279,
        5.223
    ],
    "theta_results": [
        -0.754,
        -2.408,
        -2.597,
        -2.682
    ],
    "iterations": "7"
}