{
    "clk_freq": 1536000,
    "input_freq0": 25.9,
    "freq0": 25.94036423908651,
    "lf": 4,
    "lp": 588,
    "chosen_bias": [
        -0.903,
        -2.836,
        -2.234,
        -2.378
    ],
    "chosen_weights": [
        6.39,
        4.644,
        5.721,
        4.533,
        4.865
    ],
    "weight_and_bias_owner": 26.0,
    "chosen_amplitude_size": 1e-05,
    "chosen_window_size": "5 / 180",
    "mse": [
        57.30301120686719,
        207.99737711619034,
        47.54276663146779,
        25.17394488537657,
        84.50427495997546
    ],
    "mse_mean": 84.50427495997546,
    "weight_results": [
        6.39,
        4.644,
        4.893,
        4.533,
        4.865
    ],
    "theta_results": [
        -0.903,
        -2.422,
        -2.234,
        -2.378
    ],
    "iterations": "2"
}