{
    "clk_freq": 1536000,
    "input_freq0": 254,
    "freq0": 254.64790894703256,
    "lf": 4,
    "lp": 59,
    "chosen_bias": [
        -12.414,
        -23.689,
        -24.559,
        -24.648
    ],
    "chosen_weights": [
        71.348,
        46.499,
        47.441,
        48.95,
        49.201
    ],
    "mse": [
        73.42382071209109,
        41.04084583408639,
        27.03000180733779,
        17.46466654617748,
        39.73983372492319
    ],
    "mse_mean": 39.73983372492319,
    "weight_results": [
        71.344,
        46.514,
        47.437,
        48.966,
        49.207
    ],
    "theta_results": [
        -12.414,
        -23.691,
        -24.562,
        -24.649
    ],
    "iterations": "12"
}