{
    "clk_freq": 1536000,
    "input_freq0": 25.0,
    "freq0": 25.006341304127584,
    "lf": 4,
    "lp": 610,
    "chosen_bias": [
        -0.754,
        -2.408,
        -2.595,
        -2.68
    ],
    "chosen_weights": [
        5.941,
        4.286,
        4.81,
        5.38,
        5.304
    ],
    "weight_and_bias_owner": 25.8,
    "chosen_amplitude_size": 1e-05,
    "chosen_window_size": "5 / 180",
    "mse": [
        17.530348291369858,
        18.08797557692939,
        26.005038899648753,
        61.834454912516826,
        30.864454420116207
    ],
    "mse_mean": 30.86445442011621,
    "weight_results": [
        5.651,
        4.066,
        4.834,
        4.855,
        5.284
    ],
    "theta_results": [
        -0.769,
        -2.4,
        -2.409,
        -2.643
    ],
    "iterations": "44"
}