{
    "clk_freq": 1536000,
    "input_freq0": 251,
    "freq0": 254.64790894703256,
    "lf": 4,
    "lp": 59,
    "chosen_bias": [
        -12.937,
        -23.531,
        -24.356,
        -24.554
    ],
    "chosen_weights": [
        70.194,
        44.39,
        47.087,
        48.558,
        49.006
    ],
    "mse": [
        82.20495210554853,
        45.00632568227002,
        30.467016085306344,
        20.484185794324958,
        44.54061991686246
    ],
    "mse_mean": 44.54061991686246,
    "weight_results": [
        71.393,
        46.232,
        47.424,
        48.94,
        49.184
    ],
    "theta_results": [
        -12.414,
        -23.676,
        -24.54,
        -24.64
    ],
    "iterations": "30"
}