{
    "clk_freq": 1536000,
    "input_freq0": 265,
    "freq0": 268.05043047056057,
    "lf": 4,
    "lp": 56,
    "chosen_bias": [
        -11.444,
        -24.113,
        -25.405,
        -25.569
    ],
    "chosen_weights": [
        75.166,
        52.103,
        48.414,
        50.611,
        51.076
    ],
    "mse": [
        76.14048165137615,
        40.091743119266056,
        25.648318042813457,
        16.948585626911314,
        39.70728211009175
    ],
    "mse_mean": 39.70728211009175,
    "weight_results": [
        75.171,
        52.104,
        48.412,
        50.618,
        51.075
    ],
    "theta_results": [
        -11.444,
        -24.114,
        -25.407,
        -25.57
    ],
    "iterations": "7"
}