{
    "clk_freq": 1536000,
    "input_freq0": 267,
    "freq0": 268.05043047056057,
    "lf": 4,
    "lp": 56,
    "chosen_bias": [
        -11.444,
        -24.115,
        -25.408,
        -25.571
    ],
    "chosen_weights": [
        75.168,
        52.105,
        48.413,
        50.619,
        51.078
    ],
    "mse": [
        73.96444954128441,
        39.58314220183486,
        25.923738532110093,
        16.858753822629968,
        39.08252102446484
    ],
    "mse_mean": 39.08252102446484,
    "weight_results": [
        75.168,
        52.105,
        48.413,
        50.619,
        51.078
    ],
    "theta_results": [
        -11.444,
        -24.116,
        -25.409,
        -25.571
    ],
    "iterations": "3"
}