{
    "clk_freq": 1536000,
    "input_freq0": 26.0,
    "freq0": 26.028747081468403,
    "lf": 4,
    "lp": 586,
    "chosen_bias": [
        -1.092,
        -2.838,
        -2.237,
        -2.885
    ],
    "chosen_weights": [
        6.517,
        4.376,
        5.771,
        4.587,
        5.875
    ],
    "weight_and_bias_owner": 27.0,
    "chosen_amplitude_size": 1e-05,
    "chosen_window_size": "5 / 180",
    "mse": [
        73.08420351033104,
        114.68695845367697,
        22.438347033992446,
        11.452395194230341,
        55.4154760480577
    ],
    "mse_mean": 55.4154760480577,
    "weight_results": [
        6.39,
        4.644,
        5.721,
        4.533,
        4.865
    ],
    "theta_results": [
        -0.903,
        -2.836,
        -2.234,
        -2.378
    ],
    "iterations": "53"
}