{
    "clk_freq": 1536000,
    "input_freq0": 260,
    "freq0": 263.4288713245164,
    "lf": 4,
    "lp": 57,
    "chosen_bias": [
        -11.443,
        -23.998,
        -24.963,
        -25.392
    ],
    "chosen_weights": [
        73.215,
        50.22,
        48.062,
        49.801,
        50.701
    ],
    "mse": [
        67.88447111777944,
        34.30888972243061,
        21.251875468867215,
        11.39178544636159,
        33.709255438859714
    ],
    "mse_mean": 33.709255438859714,
    "weight_results": [
        73.213,
        50.223,
        48.062,
        49.805,
        50.699
    ],
    "theta_results": [
        -11.443,
        -23.999,
        -24.964,
        -25.393
    ],
    "iterations": "5"
}