{
    "clk_freq": 1536000,
    "input_freq0": 26.3,
    "freq0": 26.342887132451644,
    "lf": 4,
    "lp": 579,
    "chosen_bias": [
        -0.912,
        -2.75,
        -2.693,
        -2.816
    ],
    "chosen_weights": [
        5.771,
        4.02,
        5.355,
        5.379,
        5.421
    ],
    "weight_and_bias_owner": 26.7,
    "chosen_amplitude_size": 1e-05,
    "chosen_window_size": "5 / 180",
    "mse": [
        60.783978273279246,
        6.605338269127644,
        36.501219533290666,
        222.48257191786746,
        81.59327699839125
    ],
    "mse_mean": 81.59327699839125,
    "weight_results": [
        6.205,
        4.454,
        5.543,
        5.235,
        5.421
    ],
    "theta_results": [
        -1.129,
        -2.844,
        -2.621,
        -2.815
    ],
    "iterations": "2"
}