{
    "clk_freq": 1536000,
    "input_freq0": 26.7,
    "freq0": 26.711319120318098,
    "lf": 4,
    "lp": 571,
    "chosen_bias": [
        -0.911,
        -2.75,
        -2.858,
        -2.817
    ],
    "chosen_weights": [
        5.855,
        4.047,
        5.5,
        5.875,
        5.482
    ],
    "weight_and_bias_owner": 28.2,
    "chosen_amplitude_size": 1e-05,
    "chosen_window_size": "5 / 180",
    "mse": [
        61.145443382159456,
        13.87520392947987,
        83.01413911060433,
        275.203140075432,
        108.30948162441891
    ],
    "mse_mean": 108.30948162441891,
    "weight_results": [
        5.771,
        4.02,
        5.355,
        5.379,
        5.421
    ],
    "theta_results": [
        -0.912,
        -2.75,
        -2.693,
        -2.816
    ],
    "iterations": "6"
}