{
    "clk_freq": 1536000,
    "input_freq0": 264,
    "freq0": 268.05043047056057,
    "lf": 4,
    "lp": 56,
    "chosen_bias": [
        -11.443,
        -24.001,
        -24.969,
        -25.395
    ],
    "chosen_weights": [
        73.209,
        50.241,
        48.065,
        49.806,
        50.712
    ],
    "mse": [
        76.89373088685015,
        40.98394495412844,
        27.091551987767584,
        17.898318042813457,
        40.71688646788991
    ],
    "mse_mean": 40.71688646788991,
    "weight_results": [
        75.166,
        52.103,
        48.414,
        50.611,
        51.076
    ],
    "theta_results": [
        -11.444,
        -24.113,
        -25.405,
        -25.569
    ],
    "iterations": "465"
}