{
    "clk_freq": 1536000,
    "input_freq0": 268,
    "freq0": 268.05043047056057,
    "lf": 4,
    "lp": 56,
    "chosen_bias": [
        -11.444,
        -24.116,
        -25.409,
        -25.571
    ],
    "chosen_weights": [
        75.168,
        52.105,
        48.413,
        50.619,
        51.078
    ],
    "mse": [
        76.1875,
        41.57989296636086,
        27.3690749235474,
        18.188455657492355,
        40.83123088685015
    ],
    "mse_mean": 40.83123088685015,
    "weight_results": [
        75.168,
        52.105,
        48.413,
        50.619,
        51.078
    ],
    "theta_results": [
        -11.444,
        -24.117,
        -25.41,
        -25.571
    ],
    "iterations": "3"
}