{
    "clk_freq": 1536000,
    "input_freq0": 26.1,
    "freq0": 26.117734250977698,
    "lf": 4,
    "lp": 584,
    "chosen_bias": [
        -1.092,
        -2.838,
        -2.237,
        -2.885
    ],
    "chosen_weights": [
        6.517,
        4.376,
        5.771,
        4.587,
        5.875
    ],
    "weight_and_bias_owner": 27.0,
    "chosen_amplitude_size": 1e-05,
    "chosen_window_size": "5 / 180",
    "mse": [
        89.31684730415695,
        138.93953217176568,
        62.27157360406091,
        53.97214981478941,
        86.12502572369324
    ],
    "mse_mean": 86.12502572369324,
    "weight_results": [
        6.126,
        4.04,
        5.693,
        4.674,
        5.398
    ],
    "theta_results": [
        -1.102,
        -2.814,
        -2.285,
        -2.625
    ],
    "iterations": "63"
}