{
    "clk_freq": 1536000,
    "input_freq0": 27.3,
    "freq0": 27.332512588232472,
    "lf": 4,
    "lp": 558,
    "chosen_bias": [
        -0.911,
        -2.75,
        -2.858,
        -2.817
    ],
    "chosen_weights": [
        5.855,
        4.047,
        5.5,
        5.875,
        5.482
    ],
    "weight_and_bias_owner": 28.2,
    "chosen_amplitude_size": 1e-05,
    "chosen_window_size": "5 / 180",
    "mse": [
        72.00707386261625,
        35.869043771769185,
        57.04290997881432,
        16.272577112284104,
        45.29790118137097
    ],
    "mse_mean": 45.29790118137097,
    "weight_results": [
        5.999,
        4.191,
        5.5,
        4.259,
        5.482
    ],
    "theta_results": [
        -0.983,
        -2.75,
        -2.05,
        -2.817
    ],
    "iterations": "2"
}