{
    "clk_freq": 1536000,
    "input_freq0": 27.9,
    "freq0": 27.93212895214251,
    "lf": 4,
    "lp": 546,
    "chosen_bias": [
        -0.911,
        -2.75,
        -2.858,
        -2.817
    ],
    "chosen_weights": [
        5.855,
        4.047,
        5.5,
        5.875,
        5.482
    ],
    "weight_and_bias_owner": 28.2,
    "chosen_amplitude_size": 1e-05,
    "chosen_window_size": "5 / 180",
    "mse": [
        165.31221096674741,
        110.54215297658372,
        493.0002018644939,
        1265.176429567643,
        508.50774884386703
    ],
    "mse_mean": 508.50774884386703,
    "weight_results": [
        5.473,
        3.849,
        6.057,
        6.041,
        6.178
    ],
    "theta_results": [
        -1.028,
        -3.22,
        -3.023,
        -3.028
    ],
    "iterations": "42"
}