{
    "clk_freq": 1536000,
    "input_freq0": 27.6,
    "freq0": 27.62906787852071,
    "lf": 4,
    "lp": 552,
    "chosen_bias": [
        -0.913,
        -2.751,
        -3.098,
        -3.042
    ],
    "chosen_weights": [
        5.711,
        4.23,
        5.237,
        6.04,
        6.133
    ],
    "weight_and_bias_owner": 27.7,
    "chosen_amplitude_size": 1e-05,
    "chosen_window_size": "5 / 180",
    "mse": [
        75.28748525274526,
        18.28372810599873,
        114.9911607223886,
        277.97665849895634,
        121.63475814502223
    ],
    "mse_mean": 121.63475814502223,
    "weight_results": [
        5.364,
        3.417,
        5.06,
        5.607,
        6.068
    ],
    "theta_results": [
        -0.511,
        -2.629,
        -2.866,
        -3.019
    ],
    "iterations": "102"
}