{
    "clk_freq": 1536000,
    "input_freq0": 27.7,
    "freq0": 27.72935487626489,
    "lf": 4,
    "lp": 550,
    "chosen_bias": [
        -0.911,
        -2.75,
        -2.858,
        -2.817
    ],
    "chosen_weights": [
        5.855,
        4.047,
        5.5,
        5.875,
        5.482
    ],
    "weight_and_bias_owner": 28.2,
    "chosen_amplitude_size": 1e-05,
    "chosen_window_size": "5 / 180",
    "mse": [
        120.171129813823,
        43.3674900717747,
        282.00807009873574,
        764.8785841804205,
        302.6063185411885
    ],
    "mse_mean": 302.6063185411885,
    "weight_results": [
        5.711,
        4.23,
        5.237,
        6.04,
        6.133
    ],
    "theta_results": [
        -0.913,
        -2.751,
        -3.098,
        -3.042
    ],
    "iterations": "19"
}