{
    "clk_freq": 1536000,
    "input_freq0": 27.4,
    "freq0": 27.430654464671367,
    "lf": 4,
    "lp": 556,
    "chosen_bias": [
        -0.911,
        -2.75,
        -2.858,
        -2.817
    ],
    "chosen_weights": [
        5.855,
        4.047,
        5.5,
        5.875,
        5.482
    ],
    "weight_and_bias_owner": 28.2,
    "chosen_amplitude_size": 1e-05,
    "chosen_window_size": "5 / 180",
    "mse": [
        188.80865632376526,
        131.58633800025225,
        92.26075283348649,
        19.311224030127754,
        107.99174279690793
    ],
    "mse_mean": 107.99174279690791,
    "weight_results": [
        6.231,
        4.423,
        5.762,
        5.875,
        5.482
    ],
    "theta_results": [
        -1.099,
        -2.881,
        -2.858,
        -2.816
    ],
    "iterations": "2"
}