{
    "clk_freq": 1536000,
    "input_freq0": 270,
    "freq0": 272.837045300392,
    "lf": 4,
    "lp": 55,
    "chosen_bias": [
        -11.287,
        -24.219,
        -25.677,
        -26.267
    ],
    "chosen_weights": [
        76.46,
        53.569,
        48.597,
        50.996,
        52.463
    ],
    "mse": [
        73.63476905086728,
        39.289222373806275,
        29.442798674722276,
        20.086727733385306,
        40.61337945819528
    ],
    "mse_mean": 40.61337945819528,
    "weight_results": [
        76.404,
        53.698,
        48.576,
        51.117,
        52.544
    ],
    "theta_results": [
        -11.287,
        -24.229,
        -25.688,
        -26.273
    ],
    "iterations": "45"
}