{
    "clk_freq": 1536000,
    "input_freq0": 274,
    "freq0": 277.7977188513082,
    "lf": 4,
    "lp": 54,
    "chosen_bias": [
        -11.288,
        -24.333,
        -25.961,
        -27.032
    ],
    "chosen_weights": [
        78.062,
        55.402,
        48.87,
        51.52,
        53.906
    ],
    "mse": [
        79.85450208706023,
        44.36950904392765,
        35.9059829059829,
        23.5664877757901,
        45.92412045319022
    ],
    "mse_mean": 45.92412045319022,
    "weight_results": [
        78.052,
        55.418,
        48.86,
        51.541,
        53.931
    ],
    "theta_results": [
        -11.288,
        -24.336,
        -25.964,
        -27.033
    ],
    "iterations": "11"
}