{
    "clk_freq": 1536000,
    "input_freq0": 27.5,
    "freq0": 27.529503669949463,
    "lf": 4,
    "lp": 554,
    "chosen_bias": [
        -0.911,
        -2.75,
        -2.858,
        -2.817
    ],
    "chosen_weights": [
        5.855,
        4.047,
        5.5,
        5.875,
        5.482
    ],
    "weight_and_bias_owner": 28.2,
    "chosen_amplitude_size": 1e-05,
    "chosen_window_size": "5 / 180",
    "mse": [
        93.27497468171296,
        6.049678096064815,
        45.67570891203704,
        295.75050636574076,
        110.18771701388889
    ],
    "mse_mean": 110.18771701388889,
    "weight_results": [
        5.713,
        4.057,
        5.054,
        4.187,
        5.694
    ],
    "theta_results": [
        -0.912,
        -2.628,
        -2.114,
        -2.917
    ],
    "iterations": "5"
}