{
    "clk_freq": 1536000,
    "input_freq0": 279,
    "freq0": 282.9421210522584,
    "lf": 4,
    "lp": 53,
    "chosen_bias": [
        -19.191,
        -28.695,
        -29.646,
        -29.287
    ],
    "chosen_weights": [
        80.165,
        42.565,
        57.209,
        59.283,
        58.536
    ],
    "mse": [
        40.65091277890467,
        28.91419878296146,
        44.89716024340771,
        72.0024340770791,
        46.616176470588236
    ],
    "mse_mean": 46.616176470588236,
    "weight_results": [
        82.557,
        43.46,
        57.091,
        59.312,
        57.223
    ],
    "theta_results": [
        -19.908,
        -28.729,
        -29.726,
        -28.618
    ],
    "iterations": "489"
}