{
    "clk_freq": 1536000,
    "input_freq0": 27,
    "freq0": 27.04225581738399,
    "lf": 4,
    "lp": 564,
    "chosen_bias": [
        -0.911,
        -2.75,
        -2.858,
        -2.561
    ],
    "chosen_weights": [
        5.855,
        4.047,
        5.5,
        5.875,
        4.97
    ],
    "weight_and_bias_owner": 27.2,
    "chosen_amplitude_size": 1e-05,
    "chosen_window_size": "5 / 180",
    "mse": [
        133.6782472780235,
        101.27797019591127,
        58.660769790945096,
        28.937834141489493,
        80.63870535159234
    ],
    "mse_mean": 80.63870535159234,
    "weight_results": [
        6.517,
        4.376,
        5.771,
        4.587,
        5.875
    ],
    "theta_results": [
        -1.092,
        -2.838,
        -2.237,
        -2.885
    ],
    "iterations": "120"
}