{
    "clk_freq": 1536000,
    "input_freq0": 275,
    "freq0": 277.7977188513082,
    "lf": 4,
    "lp": 54,
    "chosen_bias": [
        -11.288,
        -24.336,
        -25.964,
        -27.033
    ],
    "chosen_weights": [
        78.052,
        55.418,
        48.86,
        51.541,
        53.931
    ],
    "mse": [
        76.20592327569072,
        44.74657125819917,
        36.86384416616975,
        24.338501291989665,
        45.53870999801233
    ],
    "mse_mean": 45.53870999801233,
    "weight_results": [
        78.052,
        55.418,
        48.86,
        51.541,
        53.931
    ],
    "theta_results": [
        -11.288,
        -24.336,
        -25.965,
        -27.033
    ],
    "iterations": "2"
}