{
    "clk_freq": 1536000,
    "input_freq0": 281,
    "freq0": 282.9421210522584,
    "lf": 4,
    "lp": 53,
    "chosen_bias": [
        -20.042,
        -28.759,
        -29.797,
        -28.3
    ],
    "chosen_weights": [
        83.172,
        43.751,
        57.191,
        59.419,
        56.577
    ],
    "mse": [
        31.631440162271804,
        22.866125760649087,
        47.698782961460445,
        69.26693711967546,
        42.865821501014196
    ],
    "mse_mean": 42.865821501014196,
    "weight_results": [
        83.462,
        43.851,
        57.259,
        59.701,
        56.044
    ],
    "theta_results": [
        -20.103,
        -28.813,
        -29.927,
        -28.007
    ],
    "iterations": "185"
}