{
    "clk_freq": 1536000,
    "input_freq0": 282,
    "freq0": 282.9421210522584,
    "lf": 4,
    "lp": 53,
    "chosen_bias": [
        -20.103,
        -28.813,
        -29.927,
        -28.007
    ],
    "chosen_weights": [
        83.462,
        43.851,
        57.259,
        59.701,
        56.044
    ],
    "mse": [
        27.370588235294118,
        29.560446247464505,
        70.0764705882353,
        94.5920892494929,
        55.3998985801217
    ],
    "mse_mean": 55.3998985801217,
    "weight_results": [
        83.524,
        43.915,
        57.268,
        59.722,
        56.061
    ],
    "theta_results": [
        -20.132,
        -28.813,
        -29.928,
        -28.007
    ],
    "iterations": "6"
}