{
    "clk_freq": 1536000,
    "input_freq0": 280,
    "freq0": 282.9421210522584,
    "lf": 4,
    "lp": 53,
    "chosen_bias": [
        -19.908,
        -28.729,
        -29.726,
        -28.618
    ],
    "chosen_weights": [
        82.557,
        43.46,
        57.091,
        59.312,
        57.223
    ],
    "mse": [
        34.89594320486815,
        22.94604462474645,
        40.94340770791075,
        64.98580121703854,
        40.942799188640976
    ],
    "mse_mean": 40.942799188640976,
    "weight_results": [
        83.172,
        43.751,
        57.191,
        59.419,
        56.577
    ],
    "theta_results": [
        -20.042,
        -28.759,
        -29.797,
        -28.3
    ],
    "iterations": "437"
}