{
    "clk_freq": 1536000,
    "input_freq0": 28.2,
    "freq0": 28.241912267693074,
    "lf": 4,
    "lp": 540,
    "chosen_bias": [
        -0.753,
        -2.63,
        -2.82,
        -2.899
    ],
    "chosen_weights": [
        6.522,
        4.957,
        5.222,
        5.769,
        5.79
    ],
    "weight_and_bias_owner": 28.5,
    "chosen_amplitude_size": 1e-05,
    "chosen_window_size": "5 / 180",
    "mse": [
        46.74701701645976,
        58.05717307799365,
        81.20982018593776,
        213.8751693295478,
        99.97229490248475
    ],
    "mse_mean": 99.97229490248475,
    "weight_results": [
        5.855,
        4.047,
        5.5,
        5.875,
        5.482
    ],
    "theta_results": [
        -0.911,
        -2.75,
        -2.858,
        -2.817
    ],
    "iterations": "23"
}