{
    "clk_freq": 1536000,
    "input_freq0": 288,
    "freq0": 288.28065163815006,
    "lf": 4,
    "lp": 52,
    "chosen_bias": [
        -12.275,
        -25.205,
        -27.562,
        -28.458
    ],
    "chosen_weights": [
        80.219,
        55.559,
        50.51,
        54.941,
        56.744
    ],
    "mse": [
        64.003933747412,
        36.6871635610766,
        25.015320910973085,
        11.139130434782608,
        34.21138716356108
    ],
    "mse_mean": 34.21138716356108,
    "weight_results": [
        79.872,
        55.483,
        50.541,
        54.964,
        56.76
    ],
    "theta_results": [
        -12.135,
        -25.216,
        -27.577,
        -28.465
    ],
    "iterations": "49"
}