{
    "clk_freq": 1536000,
    "input_freq0": 28.5,
    "freq0": 28.505362941832,
    "lf": 4,
    "lp": 535,
    "chosen_bias": [
        -0.751,
        -2.636,
        -2.972,
        -3.105
    ],
    "chosen_weights": [
        6.366,
        5.006,
        5.105,
        5.886,
        6.228
    ],
    "weight_and_bias_owner": 28.8,
    "chosen_amplitude_size": 1e-05,
    "chosen_window_size": "5 / 180",
    "mse": [
        20.740774734949238,
        44.52099801446072,
        54.824410894241936,
        101.38300303450343,
        55.36729666953883
    ],
    "mse_mean": 55.36729666953884,
    "weight_results": [
        6.522,
        4.957,
        5.222,
        5.769,
        5.79
    ],
    "theta_results": [
        -0.753,
        -2.63,
        -2.82,
        -2.899
    ],
    "iterations": "139"
}