{
    "clk_freq": 1536000,
    "input_freq0": 285,
    "freq0": 288.28065163815006,
    "lf": 4,
    "lp": 52,
    "chosen_bias": [
        -12.275,
        -25.198,
        -27.553,
        -28.454
    ],
    "chosen_weights": [
        80.233,
        55.512,
        50.505,
        54.923,
        56.727
    ],
    "mse": [
        68.94616977225672,
        37.34679089026915,
        25.665631469979296,
        11.682401656314699,
        35.91024844720497
    ],
    "mse_mean": 35.91024844720497,
    "weight_results": [
        80.228,
        55.54,
        50.507,
        54.935,
        56.737
    ],
    "theta_results": [
        -12.275,
        -25.202,
        -27.558,
        -28.456
    ],
    "iterations": "17"
}