{
    "clk_freq": 1536000,
    "input_freq0": 284,
    "freq0": 288.28065163815006,
    "lf": 4,
    "lp": 52,
    "chosen_bias": [
        -12.275,
        -25.184,
        -27.533,
        -28.444
    ],
    "chosen_weights": [
        80.302,
        55.323,
        50.498,
        54.878,
        56.737
    ],
    "mse": [
        68.99751552795031,
        38.16438923395445,
        26.316149068322982,
        11.981159420289854,
        36.3648033126294
    ],
    "mse_mean": 36.3648033126294,
    "weight_results": [
        80.233,
        55.512,
        50.505,
        54.923,
        56.727
    ],
    "theta_results": [
        -12.275,
        -25.198,
        -27.553,
        -28.454
    ],
    "iterations": "62"
}