{
    "clk_freq": 1536000,
    "input_freq0": 289,
    "freq0": 293.82451032349906,
    "lf": 4,
    "lp": 51,
    "chosen_bias": [
        -12.135,
        -25.216,
        -27.577,
        -28.465
    ],
    "chosen_weights": [
        79.872,
        55.483,
        50.541,
        54.964,
        56.76
    ],
    "mse": [
        66.30281243391838,
        41.12433918375978,
        27.68365404948192,
        13.149080143793613,
        37.064971452738426
    ],
    "mse_mean": 37.064971452738426,
    "weight_results": [
        81.503,
        57.221,
        50.937,
        56.117,
        57.697
    ],
    "theta_results": [
        -12.136,
        -25.337,
        -28.247,
        -28.895
    ],
    "iterations": "421"
}