{
    "clk_freq": 1536000,
    "input_freq0": 283,
    "freq0": 288.28065163815006,
    "lf": 4,
    "lp": 52,
    "chosen_bias": [
        -20.132,
        -28.813,
        -29.928,
        -28.007
    ],
    "chosen_weights": [
        83.524,
        43.915,
        57.268,
        59.722,
        56.061
    ],
    "mse": [
        74.50890269151138,
        36.30393374741201,
        24.407660455486543,
        11.189648033126295,
        36.60253623188406
    ],
    "mse_mean": 36.60253623188406,
    "weight_results": [
        80.302,
        55.323,
        50.498,
        54.878,
        56.737
    ],
    "theta_results": [
        -12.275,
        -25.184,
        -27.533,
        -28.444
    ],
    "iterations": "612"
}