{
    "clk_freq": 1536000,
    "input_freq0": 290,
    "freq0": 293.82451032349906,
    "lf": 4,
    "lp": 51,
    "chosen_bias": [
        -12.136,
        -25.337,
        -28.247,
        -28.895
    ],
    "chosen_weights": [
        81.503,
        57.221,
        50.937,
        56.117,
        57.697
    ],
    "mse": [
        65.00824698667795,
        39.45083527172764,
        26.238316768872913,
        12.309790653415098,
        35.751797420173396
    ],
    "mse_mean": 35.751797420173396,
    "weight_results": [
        81.502,
        57.219,
        50.936,
        56.124,
        57.703
    ],
    "theta_results": [
        -12.136,
        -25.338,
        -28.249,
        -28.896
    ],
    "iterations": "6"
}