{
    "clk_freq": 1536000,
    "input_freq0": 293,
    "freq0": 293.82451032349906,
    "lf": 4,
    "lp": 51,
    "chosen_bias": [
        -12.136,
        -25.34,
        -28.252,
        -28.898
    ],
    "chosen_weights": [
        81.507,
        57.226,
        50.929,
        56.151,
        57.719
    ],
    "mse": [
        66.55022203425672,
        37.13047155846902,
        24.07337703531402,
        10.792133643476422,
        34.63655106787905
    ],
    "mse_mean": 34.63655106787905,
    "weight_results": [
        81.507,
        57.226,
        50.929,
        56.151,
        57.719
    ],
    "theta_results": [
        -12.136,
        -25.34,
        -28.253,
        -28.898
    ],
    "iterations": "2"
}