{
    "clk_freq": 1536000,
    "input_freq0": 29.9,
    "freq0": 29.9585775231803,
    "lf": 4,
    "lp": 509,
    "chosen_bias": [
        -0.75,
        -2.931,
        -2.927,
        -2.951
    ],
    "chosen_weights": [
        7.039,
        5.551,
        5.828,
        5.772,
        5.887
    ],
    "weight_and_bias_owner": 30.2,
    "chosen_amplitude_size": 1e-05,
    "chosen_window_size": "5 / 180",
    "mse": [
        44.135232017647525,
        15.568600803592531,
        63.68390057512015,
        93.80634995666902,
        54.2985208382573
    ],
    "mse_mean": 54.29852083825731,
    "weight_results": [
        6.516,
        4.688,
        6.172,
        5.903,
        6.033
    ],
    "theta_results": [
        -0.896,
        -3.004,
        -2.937,
        -3.059
    ],
    "iterations": "40"
}