{
    "clk_freq": 1536000,
    "input_freq0": 29.6,
    "freq0": 29.61022197058518,
    "lf": 4,
    "lp": 515,
    "chosen_bias": [
        -0.896,
        -3.004,
        -2.937,
        -3.059
    ],
    "chosen_weights": [
        6.516,
        4.688,
        6.172,
        5.903,
        6.033
    ],
    "weight_and_bias_owner": 29.8,
    "chosen_amplitude_size": 1e-05,
    "chosen_window_size": "5 / 180",
    "mse": [
        7.9632700729927,
        48.020126520681266,
        73.43190267639903,
        59.713362530413626,
        47.28216545012166
    ],
    "mse_mean": 47.28216545012166,
    "weight_results": [
        6.514,
        4.668,
        6.116,
        5.838,
        5.984
    ],
    "theta_results": [
        -0.896,
        -3.005,
        -2.938,
        -3.06
    ],
    "iterations": "7"
}