{
    "clk_freq": 1536000,
    "input_freq0": 29.3,
    "freq0": 29.326054773170736,
    "lf": 4,
    "lp": 520,
    "chosen_bias": [
        -0.896,
        -3.005,
        -2.938,
        -2.78
    ],
    "chosen_weights": [
        6.514,
        4.668,
        6.116,
        5.838,
        5.424
    ],
    "weight_and_bias_owner": 29.5,
    "chosen_amplitude_size": 1e-05,
    "chosen_window_size": "5 / 180",
    "mse": [
        112.22281121091792,
        128.23688268630247,
        127.17936312116889,
        27.24060295308223,
        98.71991499286787
    ],
    "mse_mean": 98.71991499286787,
    "weight_results": [
        6.88,
        4.788,
        6.25,
        4.983,
        6.42
    ],
    "theta_results": [
        -1.142,
        -3.106,
        -2.447,
        -3.137
    ],
    "iterations": "119"
}