{
    "clk_freq": 1536000,
    "input_freq0": 291,
    "freq0": 293.82451032349906,
    "lf": 4,
    "lp": 51,
    "chosen_bias": [
        -12.136,
        -25.338,
        -28.249,
        -28.896
    ],
    "chosen_weights": [
        81.502,
        57.219,
        50.936,
        56.124,
        57.703
    ],
    "mse": [
        62.43983928949038,
        36.341298371748785,
        24.04588707972087,
        11.157961514062169,
        33.496246563755555
    ],
    "mse_mean": 33.496246563755555,
    "weight_results": [
        81.506,
        57.23,
        50.933,
        56.136,
        57.712
    ],
    "theta_results": [
        -12.136,
        -25.339,
        -28.251,
        -28.897
    ],
    "iterations": "6"
}