{
    "clk_freq": 1536000,
    "input_freq0": 296,
    "freq0": 299.585775231803,
    "lf": 4,
    "lp": 50,
    "chosen_bias": [
        -12.137,
        -25.46,
        -29.011,
        -29.474
    ],
    "chosen_weights": [
        83.293,
        58.797,
        51.316,
        57.369,
        58.606
    ],
    "mse": [
        71.76863253402463,
        66.67790019442644,
        40.00388852883992,
        23.709656513285807,
        50.5400194426442
    ],
    "mse_mean": 50.5400194426442,
    "weight_results": [
        83.237,
        58.853,
        51.263,
        57.493,
        58.651
    ],
    "theta_results": [
        -12.137,
        -25.467,
        -29.074,
        -29.476
    ],
    "iterations": "20"
}