{
    "clk_freq": 1536000,
    "input_freq0": 297,
    "freq0": 299.585775231803,
    "lf": 4,
    "lp": 50,
    "chosen_bias": [
        -12.137,
        -25.467,
        -29.074,
        -29.476
    ],
    "chosen_weights": [
        83.237,
        58.853,
        51.263,
        57.493,
        58.651
    ],
    "mse": [
        69.63663858284727,
        70.53143227478937,
        43.44134802333117,
        26.34802333117304,
        52.489360553035205
    ],
    "mse_mean": 52.489360553035205,
    "weight_results": [
        83.237,
        58.853,
        51.263,
        57.493,
        58.651
    ],
    "theta_results": [
        -12.137,
        -25.468,
        -29.075,
        -29.476
    ],
    "iterations": "3"
}