{
    "clk_freq": 1536000,
    "input_freq0": 29.8,
    "freq0": 29.841551829730378,
    "lf": 4,
    "lp": 511,
    "chosen_bias": [
        -0.896,
        -3.004,
        -2.937,
        -3.059
    ],
    "chosen_weights": [
        6.516,
        4.688,
        6.172,
        5.903,
        6.033
    ],
    "weight_and_bias_owner": 29.9,
    "chosen_amplitude_size": 1e-05,
    "chosen_window_size": "5 / 180",
    "mse": [
        29.706001216330215,
        20.7796480489671,
        77.67353304690718,
        96.32591764267357,
        56.12127498871952
    ],
    "mse_mean": 56.12127498871952,
    "weight_results": [
        6.516,
        4.688,
        6.172,
        5.903,
        6.033
    ],
    "theta_results": [
        -0.896,
        -3.004,
        -2.937,
        -3.059
    ],
    "iterations": "2"
}