{
    "clk_freq": 1536000,
    "input_freq0": 29.5,
    "freq0": 29.55294881396896,
    "lf": 4,
    "lp": 516,
    "chosen_bias": [
        -0.896,
        -3.005,
        -2.938,
        -3.06
    ],
    "chosen_weights": [
        6.514,
        4.668,
        6.116,
        5.838,
        5.984
    ],
    "weight_and_bias_owner": 29.6,
    "chosen_amplitude_size": 1e-05,
    "chosen_window_size": "5 / 180",
    "mse": [
        7.515638355738597,
        80.58324267619862,
        124.92507187815681,
        140.15261481078562,
        88.29414193021992
    ],
    "mse_mean": 88.29414193021992,
    "weight_results": [
        6.514,
        4.668,
        6.116,
        5.838,
        5.424
    ],
    "theta_results": [
        -0.896,
        -3.005,
        -2.938,
        -2.78
    ],
    "iterations": "2"
}