{
    "clk_freq": 1536000,
    "input_freq0": 29.0,
    "freq0": 29.047289993958085,
    "lf": 4,
    "lp": 525,
    "chosen_bias": [
        -1.142,
        -3.106,
        -2.447,
        -3.137
    ],
    "chosen_weights": [
        6.88,
        4.788,
        6.25,
        4.983,
        6.42
    ],
    "weight_and_bias_owner": 29.3,
    "chosen_amplitude_size": 1e-05,
    "chosen_window_size": "5 / 180",
    "mse": [
        39.34789332009698,
        69.87726465703213,
        128.66787575647658,
        78.10816899257364,
        79.00030068154483
    ],
    "mse_mean": 79.00030068154483,
    "weight_results": [
        6.171,
        4.579,
        5.352,
        5.643,
        6.873
    ],
    "theta_results": [
        -0.756,
        -2.712,
        -2.796,
        -3.538
    ],
    "iterations": "334"
}