{
    "clk_freq": 1536000,
    "input_freq0": 295,
    "freq0": 299.585775231803,
    "lf": 4,
    "lp": 50,
    "chosen_bias": [
        -12.137,
        -25.453,
        -29.005,
        -29.472
    ],
    "chosen_weights": [
        83.366,
        58.701,
        51.422,
        57.378,
        58.56
    ],
    "mse": [
        78.36314538777273,
        88.4746165478505,
        57.50810110174984,
        36.11082307193778,
        65.11417152732771
    ],
    "mse_mean": 65.11417152732771,
    "weight_results": [
        83.293,
        58.797,
        51.316,
        57.369,
        58.606
    ],
    "theta_results": [
        -12.137,
        -25.46,
        -29.011,
        -29.474
    ],
    "iterations": "17"
}