{
    "clk_freq": 1536000,
    "input_freq0": 292,
    "freq0": 293.82451032349906,
    "lf": 4,
    "lp": 51,
    "chosen_bias": [
        -12.136,
        -25.339,
        -28.251,
        -28.897
    ],
    "chosen_weights": [
        81.506,
        57.23,
        50.933,
        56.136,
        57.712
    ],
    "mse": [
        63.585958976527806,
        35.479171072108265,
        23.012899133009093,
        10.41234933389723,
        33.122594628885594
    ],
    "mse_mean": 33.122594628885594,
    "weight_results": [
        81.507,
        57.226,
        50.929,
        56.151,
        57.719
    ],
    "theta_results": [
        -12.136,
        -25.34,
        -28.252,
        -28.898
    ],
    "iterations": "5"
}