{
    "clk_freq": 1536000,
    "input_freq0": 30.3,
    "freq0": 30.315227255599112,
    "lf": 4,
    "lp": 503,
    "chosen_bias": [
        -1.446,
        -3.093,
        -2.883,
        -2.815
    ],
    "chosen_weights": [
        7.867,
        5.094,
        6.252,
        5.801,
        5.745
    ],
    "chosen_amplitude_size": 1e-05,
    "chosen_window_size": "5 / 180",
    "mse": [
        87.07167772927505,
        140.49955151587633,
        155.51966353724413,
        48.57746815762722,
        107.91709023500567
    ],
    "mse_mean": 107.91709023500566,
    "weight_results": [
        7.967,
        5.787,
        5.534,
        5.892,
        5.847
    ],
    "theta_results": [
        -1.152,
        -2.762,
        -2.893,
        -2.825
    ],
    "iterations": "174"
}