{
    "clk_freq": 1536000,
    "input_freq0": 30.1,
    "freq0": 30.135847212666576,
    "lf": 4,
    "lp": 506,
    "chosen_bias": [
        -0.75,
        -2.931,
        -2.927,
        -2.951
    ],
    "chosen_weights": [
        7.039,
        5.551,
        5.828,
        5.772,
        5.887
    ],
    "chosen_amplitude_size": 1e-05,
    "chosen_window_size": "5 / 180",
    "mse": [
        182.98549662182242,
        15.573438212042559,
        22.697905728041846,
        762.3493887579006,
        245.90155732995186
    ],
    "mse_mean": 245.90155732995186,
    "weight_results": [
        5.985,
        4.069,
        6.477,
        6.473,
        6.628
    ],
    "theta_results": [
        -1.153,
        -3.386,
        -3.23,
        -3.431
    ],
    "iterations": "179"
}