{
    "clk_freq": 1536000,
    "input_freq0": 303,
    "freq0": 305.577490736439,
    "lf": 4,
    "lp": 49,
    "chosen_bias": [
        -12.139,
        -25.686,
        -29.451,
        -29.96
    ],
    "chosen_weights": [
        85.023,
        60.472,
        52.21,
        58.478,
        59.78
    ],
    "mse": [
        67.75684628975264,
        50.975706713780916,
        31.69721731448763,
        19.346952296819786,
        42.44418065371024
    ],
    "mse_mean": 42.44418065371024,
    "weight_results": [
        85.029,
        60.466,
        52.206,
        58.474,
        59.772
    ],
    "theta_results": [
        -12.139,
        -25.687,
        -29.452,
        -29.961
    ],
    "iterations": "3"
}