{
    "clk_freq": 1536000,
    "input_freq0": 30.2,
    "freq0": 30.25519710261773,
    "lf": 4,
    "lp": 504,
    "chosen_bias": [
        -1.152,
        -2.762,
        -2.893,
        -2.825
    ],
    "chosen_weights": [
        7.967,
        5.787,
        5.534,
        5.892,
        5.847
    ],
    "chosen_amplitude_size": 1e-05,
    "chosen_window_size": "5 / 180",
    "mse": [
        33.26751541674955,
        42.851243286254224,
        52.28177839665805,
        71.88370797692461,
        50.07106126914661
    ],
    "mse_mean": 50.07106126914661,
    "weight_results": [
        7.039,
        5.551,
        5.828,
        5.772,
        5.887
    ],
    "theta_results": [
        -0.75,
        -2.931,
        -2.927,
        -2.951
    ],
    "iterations": "245"
}