{
    "clk_freq": 1536000,
    "input_freq0": 30.4,
    "freq0": 30.436005053430183,
    "lf": 4,
    "lp": 501,
    "chosen_bias": [
        -1.446,
        -3.093,
        -2.883,
        -2.815
    ],
    "chosen_weights": [
        7.867,
        5.094,
        6.252,
        5.801,
        5.745
    ],
    "chosen_amplitude_size": 1e-05,
    "chosen_window_size": "5 / 180",
    "mse": [
        76.94224303554275,
        133.60872958693565,
        107.88090377841819,
        112.47578450208134,
        107.72691522574449
    ],
    "mse_mean": 107.72691522574448,
    "weight_results": [
        7.867,
        5.094,
        5.72,
        5.373,
        5.555
    ],
    "theta_results": [
        -1.446,
        -2.827,
        -2.669,
        -2.72
    ],
    "iterations": "3"
}