{
    "clk_freq": 1536000,
    "input_freq0": 30.8,
    "freq0": 30.804182533915228,
    "lf": 4,
    "lp": 495,
    "chosen_bias": [
        -1.111,
        -3.273,
        -3.241,
        -2.952
    ],
    "chosen_weights": [
        7.063,
        5.091,
        6.421,
        6.268,
        5.883
    ],
    "chosen_amplitude_size": 1e-05,
    "chosen_window_size": "5 / 180",
    "mse": [
        141.45625443127722,
        86.3992707383774,
        76.28457409095513,
        27.99912893750633,
        83.03480704952902
    ],
    "mse_mean": 83.03480704952902,
    "weight_results": [
        7.867,
        5.094,
        6.252,
        5.801,
        6.141
    ],
    "theta_results": [
        -1.446,
        -3.093,
        -2.883,
        -3.013
    ],
    "iterations": "82"
}