{
    "clk_freq": 1536000,
    "input_freq0": 300,
    "freq0": 305.577490736439,
    "lf": 4,
    "lp": 49,
    "chosen_bias": [
        -12.137,
        -25.47,
        -29.077,
        -29.476
    ],
    "chosen_weights": [
        83.216,
        58.872,
        51.244,
        57.496,
        58.671
    ],
    "mse": [
        63.962234982332156,
        51.371466431095406,
        32.24160777385159,
        19.83303886925795,
        41.85208701413428
    ],
    "mse_mean": 41.85208701413428,
    "weight_results": [
        85.023,
        60.472,
        52.21,
        58.478,
        59.78
    ],
    "theta_results": [
        -12.139,
        -25.684,
        -29.449,
        -29.959
    ],
    "iterations": "290"
}