{
    "clk_freq": 1536000,
    "input_freq0": 307,
    "freq0": 311.8137660575909,
    "lf": 4,
    "lp": 48,
    "chosen_bias": [
        -22.867,
        -31.24,
        -33.422,
        -32.076
    ],
    "chosen_weights": [
        91.82,
        46.913,
        62.243,
        66.604,
        64.093
    ],
    "mse": [
        34.63550135501355,
        29.718608852755196,
        65.95460704607046,
        99.19489611562783,
        57.375903342366755
    ],
    "mse_mean": 57.375903342366755,
    "weight_results": [
        93.577,
        47.408,
        62.579,
        66.801,
        62.77
    ],
    "theta_results": [
        -23.363,
        -31.3,
        -33.565,
        -31.478
    ],
    "iterations": "23"
}