{
    "clk_freq": 1536000,
    "input_freq0": 302,
    "freq0": 305.577490736439,
    "lf": 4,
    "lp": 49,
    "chosen_bias": [
        -12.139,
        -25.685,
        -29.45,
        -29.96
    ],
    "chosen_weights": [
        85.023,
        60.472,
        52.21,
        58.478,
        59.78
    ],
    "mse": [
        69.36174911660777,
        49.074867491166074,
        30.22946113074205,
        18.028489399293285,
        41.67364178445229
    ],
    "mse_mean": 41.67364178445229,
    "weight_results": [
        85.023,
        60.472,
        52.21,
        58.478,
        59.78
    ],
    "theta_results": [
        -12.139,
        -25.686,
        -29.451,
        -29.96
    ],
    "iterations": "2"
}