{
    "clk_freq": 1536000,
    "input_freq0": 301,
    "freq0": 305.577490736439,
    "lf": 4,
    "lp": 49,
    "chosen_bias": [
        -12.139,
        -25.684,
        -29.449,
        -29.959
    ],
    "chosen_weights": [
        85.023,
        60.472,
        52.21,
        58.478,
        59.78
    ],
    "mse": [
        63.452075971731446,
        48.06956713780919,
        29.595627208480565,
        18.24006183745583,
        39.83933303886926
    ],
    "mse_mean": 39.83933303886926,
    "weight_results": [
        85.023,
        60.472,
        52.21,
        58.478,
        59.78
    ],
    "theta_results": [
        -12.139,
        -25.685,
        -29.45,
        -29.96
    ],
    "iterations": "3"
}