{
    "clk_freq": 1536000,
    "input_freq0": 309,
    "freq0": 311.8137660575909,
    "lf": 4,
    "lp": 48,
    "chosen_bias": [
        -23.403,
        -31.375,
        -33.735,
        -31.21
    ],
    "chosen_weights": [
        93.444,
        47.368,
        62.5,
        67.229,
        62.396
    ],
    "mse": [
        33.12533875338753,
        33.113143631436316,
        72.62646793134599,
        101.94489611562783,
        60.20246160794942
    ],
    "mse_mean": 60.20246160794942,
    "weight_results": [
        93.516,
        47.439,
        62.511,
        67.238,
        62.408
    ],
    "theta_results": [
        -23.438,
        -31.375,
        -33.736,
        -31.21
    ],
    "iterations": "4"
}