{
    "clk_freq": 1536000,
    "input_freq0": 312,
    "freq0": 318.3098861837907,
    "lf": 4,
    "lp": 47,
    "chosen_bias": [
        -12.139,
        -25.684,
        -29.449,
        -29.959
    ],
    "chosen_weights": [
        85.023,
        60.472,
        52.21,
        58.478,
        59.78
    ],
    "mse": [
        104.21053847931593,
        79.26184423388028,
        52.02981280332794,
        34.86156690547723,
        67.59094060550035
    ],
    "mse_mean": 67.59094060550035,
    "weight_results": [
        90.392,
        66.508,
        52.399,
        59.861,
        62.247
    ],
    "theta_results": [
        -11.542,
        -26.138,
        -30.35,
        -31.343
    ],
    "iterations": "483"
}