{
    "clk_freq": 1536000,
    "input_freq0": 318,
    "freq0": 318.3098861837907,
    "lf": 4,
    "lp": 47,
    "chosen_bias": [
        -11.328,
        -26.145,
        -30.409,
        -31.381
    ],
    "chosen_weights": [
        89.897,
        66.135,
        52.357,
        59.961,
        62.339
    ],
    "mse": [
        107.00392881904321,
        77.36561127802172,
        46.93136122024497,
        28.573838687312225,
        64.96868500115554
    ],
    "mse_mean": 64.96868500115554,
    "weight_results": [
        89.897,
        66.135,
        52.357,
        60.113,
        62.443
    ],
    "theta_results": [
        -11.328,
        -26.147,
        -30.487,
        -31.434
    ],
    "iterations": "4"
}