{
    "clk_freq": 1536000,
    "input_freq0": 317,
    "freq0": 318.3098861837907,
    "lf": 4,
    "lp": 47,
    "chosen_bias": [
        -11.542,
        -26.144,
        -30.356,
        -31.345
    ],
    "chosen_weights": [
        90.325,
        66.563,
        52.357,
        59.857,
        62.267
    ],
    "mse": [
        100.01178645712965,
        76.88953085278484,
        52.70002311070026,
        36.25652877282182,
        66.46446729835914
    ],
    "mse_mean": 66.46446729835914,
    "weight_results": [
        89.897,
        66.135,
        52.357,
        59.961,
        62.339
    ],
    "theta_results": [
        -11.328,
        -26.145,
        -30.409,
        -31.381
    ],
    "iterations": "2"
}