{
    "clk_freq": 1536000,
    "input_freq0": 313,
    "freq0": 318.3098861837907,
    "lf": 4,
    "lp": 47,
    "chosen_bias": [
        -11.542,
        -26.138,
        -30.35,
        -31.343
    ],
    "chosen_weights": [
        90.392,
        66.508,
        52.399,
        59.861,
        62.247
    ],
    "mse": [
        105.83683845620523,
        76.91472151606193,
        50.813496648948465,
        34.55095909406055,
        67.02900392881905
    ],
    "mse_mean": 67.02900392881905,
    "weight_results": [
        90.36,
        66.539,
        52.378,
        59.859,
        62.258
    ],
    "theta_results": [
        -11.542,
        -26.14,
        -30.352,
        -31.344
    ],
    "iterations": "4"
}