{
    "clk_freq": 1536000,
    "input_freq0": 316,
    "freq0": 318.3098861837907,
    "lf": 4,
    "lp": 47,
    "chosen_bias": [
        -11.542,
        -26.142,
        -30.354,
        -31.344
    ],
    "chosen_weights": [
        90.36,
        66.539,
        52.378,
        59.859,
        62.258
    ],
    "mse": [
        105.42385024266235,
        78.19297434712271,
        51.95516524150682,
        35.46336954009706,
        67.75883984284724
    ],
    "mse_mean": 67.75883984284724,
    "weight_results": [
        90.325,
        66.563,
        52.357,
        59.857,
        62.267
    ],
    "theta_results": [
        -11.542,
        -26.144,
        -30.356,
        -31.345
    ],
    "iterations": "5"
}