{
    "clk_freq": 1536000,
    "input_freq0": 319,
    "freq0": 325.08243695365854,
    "lf": 4,
    "lp": 46,
    "chosen_bias": [
        -11.328,
        -26.147,
        -30.487,
        -31.434
    ],
    "chosen_weights": [
        89.897,
        66.135,
        52.357,
        60.113,
        62.443
    ],
    "mse": [
        65.99219119734974,
        57.433506862281114,
        50.59820160908661,
        45.302176999526736,
        54.831519167061046
    ],
    "mse_mean": 54.831519167061046,
    "weight_results": [
        90.094,
        66.933,
        53.61,
        61.831,
        63.974
    ],
    "theta_results": [
        -11.335,
        -26.359,
        -30.876,
        -31.862
    ],
    "iterations": "166"
}