{
    "clk_freq": 1536000,
    "input_freq0": 311,
    "freq0": 311.8137660575909,
    "lf": 4,
    "lp": 48,
    "chosen_bias": [
        -23.51,
        -31.434,
        -33.873,
        -30.942
    ],
    "chosen_weights": [
        93.791,
        47.549,
        62.601,
        67.499,
        61.89
    ],
    "mse": [
        29.37872628726287,
        26.313459801264678,
        72.30420054200542,
        97.83333333333333,
        56.457429990966574
    ],
    "mse_mean": 56.45742999096658,
    "weight_results": [
        94.035,
        47.473,
        62.758,
        67.52,
        61.822
    ],
    "theta_results": [
        -23.51,
        -31.445,
        -33.901,
        -30.956
    ],
    "iterations": "129"
}