{
    "clk_freq": 1536000,
    "input_freq0": 31.8,
    "freq0": 31.83098861837907,
    "lf": 4,
    "lp": 479,
    "chosen_bias": [
        -0.777,
        -3.133,
        -3.625,
        -2.939
    ],
    "chosen_weights": [
        7.241,
        5.639,
        6.187,
        7.09,
        5.878
    ],
    "mse": [
        78.30496691515202,
        57.35279336627858,
        91.80718653153531,
        47.987917748555155,
        68.86321614038026
    ],
    "mse_mean": 68.86321614038026,
    "weight_results": [
        7.086,
        5.057,
        6.426,
        6.228,
        5.818
    ],
    "theta_results": [
        -1.109,
        -3.273,
        -3.243,
        -2.96
    ],
    "iterations": "32"
}