{
    "clk_freq": 1536000,
    "input_freq0": 31.0,
    "freq0": 31.054623042321044,
    "lf": 4,
    "lp": 491,
    "chosen_bias": [
        -1.11,
        -3.273,
        -3.242,
        -2.956
    ],
    "chosen_weights": [
        7.086,
        5.057,
        6.426,
        6.228,
        5.818
    ],
    "chosen_amplitude_size": 1e-05,
    "chosen_window_size": "5 / 180",
    "mse": [
        33.691563016972,
        4.470314318975553,
        151.29262912811714,
        285.1116761636338,
        118.64154565692462
    ],
    "mse_mean": 118.6415456569246,
    "weight_results": [
        7.063,
        5.091,
        6.421,
        6.268,
        5.883
    ],
    "theta_results": [
        -1.111,
        -3.273,
        -3.241,
        -2.952
    ],
    "iterations": "5"
}