{
    "clk_freq": 1536000,
    "input_freq0": 32.8,
    "freq0": 32.85779470284291,
    "lf": 4,
    "lp": 464,
    "chosen_bias": [
        -0.372,
        -2.885,
        -3.144,
        -3.512
    ],
    "chosen_weights": [
        7.204,
        5.596,
        5.695,
        6.243,
        6.984
    ],
    "mse": [
        39.43355388341117,
        108.98577235772358,
        53.532368967306695,
        49.75914634146341,
        62.92771038747621
    ],
    "mse_mean": 62.92771038747621,
    "weight_results": [
        6.468,
        5.062,
        5.927,
        7.19,
        7.339
    ],
    "theta_results": [
        -0.763,
        -2.999,
        -3.628,
        -3.706
    ],
    "iterations": "64"
}