{
    "clk_freq": 1536000,
    "input_freq0": 326,
    "freq0": 332.14944645265115,
    "lf": 4,
    "lp": 45,
    "chosen_bias": [
        -11.335,
        -26.359,
        -30.882,
        -31.868
    ],
    "chosen_weights": [
        90.094,
        66.933,
        53.61,
        61.831,
        63.974
    ],
    "mse": [
        79.27508482792051,
        76.8540959767329,
        62.876393601551136,
        49.84900630150267,
        67.2136451769268
    ],
    "mse_mean": 67.2136451769268,
    "weight_results": [
        93.51,
        70.172,
        54.032,
        62.574,
        64.838
    ],
    "theta_results": [
        -11.183,
        -26.573,
        -31.54,
        -32.502
    ],
    "iterations": "510"
}