{
    "clk_freq": 1536000,
    "input_freq0": 327,
    "freq0": 332.14944645265115,
    "lf": 4,
    "lp": 45,
    "chosen_bias": [
        -11.183,
        -26.573,
        -31.54,
        -32.502
    ],
    "chosen_weights": [
        93.51,
        70.172,
        54.032,
        62.574,
        64.838
    ],
    "mse": [
        77.09549200193892,
        67.65802229762483,
        51.48158022297625,
        43.68662142510907,
        59.98042898691226
    ],
    "mse_mean": 59.98042898691226,
    "weight_results": [
        93.202,
        69.864,
        54.032,
        62.88,
        64.838
    ],
    "theta_results": [
        -11.029,
        -26.574,
        -31.695,
        -32.503
    ],
    "iterations": "3"
}