{
    "clk_freq": 1536000,
    "input_freq0": 329,
    "freq0": 332.14944645265115,
    "lf": 4,
    "lp": 45,
    "chosen_bias": [
        -10.879,
        -26.575,
        -31.793,
        -32.504
    ],
    "chosen_weights": [
        92.902,
        69.564,
        54.032,
        63.074,
        64.838
    ],
    "mse": [
        91.61972855065439,
        121.22661173048958,
        73.65196316044596,
        52.26320891904993,
        84.69037809015997
    ],
    "mse_mean": 84.69037809015997,
    "weight_results": [
        92.43,
        69.612,
        53.577,
        63.593,
        64.847
    ],
    "theta_results": [
        -10.734,
        -26.595,
        -32.267,
        -32.724
    ],
    "iterations": "34"
}