{
    "clk_freq": 1536000,
    "input_freq0": 323,
    "freq0": 325.08243695365854,
    "lf": 4,
    "lp": 46,
    "chosen_bias": [
        -11.335,
        -26.359,
        -30.879,
        -31.865
    ],
    "chosen_weights": [
        90.094,
        66.933,
        53.61,
        61.831,
        63.974
    ],
    "mse": [
        70.00212967345007,
        33.593469001419784,
        30.1280170373876,
        31.544013251301468,
        41.316907240889726
    ],
    "mse_mean": 41.316907240889726,
    "weight_results": [
        90.094,
        66.933,
        53.61,
        61.831,
        63.974
    ],
    "theta_results": [
        -11.335,
        -26.359,
        -30.88,
        -31.866
    ],
    "iterations": "2"
}