{
    "clk_freq": 1536000,
    "input_freq0": 328,
    "freq0": 332.14944645265115,
    "lf": 4,
    "lp": 45,
    "chosen_bias": [
        -11.029,
        -26.574,
        -31.695,
        -32.503
    ],
    "chosen_weights": [
        93.202,
        69.864,
        54.032,
        62.88,
        64.838
    ],
    "mse": [
        75.39238972370335,
        86.74163839069317,
        64.64129907901115,
        56.56131846825012,
        70.83416141541446
    ],
    "mse_mean": 70.83416141541446,
    "weight_results": [
        92.902,
        69.564,
        54.032,
        63.074,
        64.838
    ],
    "theta_results": [
        -10.879,
        -26.575,
        -31.793,
        -32.504
    ],
    "iterations": "2"
}