{
    "clk_freq": 1536000,
    "input_freq0": 33,
    "freq0": 33.07115700610812,
    "lf": 4,
    "lp": 461,
    "chosen_bias": [
        -0.752,
        -3.224,
        -3.143,
        -3.511
    ],
    "chosen_weights": [
        7.199,
        5.736,
        6.216,
        6.036,
        6.675
    ],
    "mse": [
        126.7213093346682,
        185.3732779071539,
        189.0820945872418,
        81.07140836180817,
        145.56202254771802
    ],
    "mse_mean": 145.56202254771802,
    "weight_results": [
        6.684,
        6.844,
        5.299,
        6.918,
        8.222
    ],
    "theta_results": [
        -0.758,
        -3.053,
        -3.333,
        -3.589
    ],
    "iterations": "44"
}