{
    "clk_freq": 1536000,
    "input_freq0": 331,
    "freq0": 332.14944645265115,
    "lf": 4,
    "lp": 45,
    "chosen_bias": [
        -10.734,
        -26.597,
        -32.269,
        -32.781
    ],
    "chosen_weights": [
        92.418,
        69.629,
        53.56,
        63.585,
        64.955
    ],
    "mse": [
        92.1650508967523,
        118.66892874454678,
        70.67716917111004,
        48.64978187106156,
        82.54023267086768
    ],
    "mse_mean": 82.54023267086768,
    "weight_results": [
        92.418,
        69.629,
        53.56,
        63.585,
        64.955
    ],
    "theta_results": [
        -10.734,
        -26.598,
        -32.27,
        -32.782
    ],
    "iterations": "2"
}