{
    "clk_freq": 1536000,
    "input_freq0": 333,
    "freq0": 339.53054526271006,
    "lf": 4,
    "lp": 44,
    "chosen_bias": [
        -10.734,
        -26.599,
        -32.271,
        -32.783
    ],
    "chosen_weights": [
        92.418,
        69.629,
        53.56,
        63.585,
        64.955
    ],
    "mse": [
        55.250186335403725,
        60.763229813664594,
        47.25863354037267,
        41.03801242236025,
        51.07751552795031
    ],
    "mse_mean": 51.07751552795031,
    "weight_results": [
        92.476,
        70.636,
        54.724,
        65.382,
        67.125
    ],
    "theta_results": [
        -10.741,
        -26.859,
        -32.742,
        -33.449
    ],
    "iterations": "175"
}