{
    "clk_freq": 1536000,
    "input_freq0": 33.4,
    "freq0": 33.432985857378455,
    "lf": 4,
    "lp": 456,
    "chosen_bias": [
        -0.752,
        -3.224,
        -3.143,
        -3.511
    ],
    "chosen_weights": [
        7.199,
        5.736,
        6.216,
        6.036,
        6.675
    ],
    "mse": [
        149.97964527770444,
        124.92018748349616,
        140.28221547398996,
        57.22132734794472,
        118.10084389578383
    ],
    "mse_mean": 118.10084389578383,
    "weight_results": [
        7.431,
        5.784,
        6.618,
        6.494,
        7.061
    ],
    "theta_results": [
        -0.757,
        -3.351,
        -3.284,
        -3.566
    ],
    "iterations": "15"
}