{
    "clk_freq": 1536000,
    "input_freq0": 339,
    "freq0": 339.53054526271006,
    "lf": 4,
    "lp": 44,
    "chosen_bias": [
        -10.741,
        -26.899,
        -32.747,
        -33.454
    ],
    "chosen_weights": [
        92.476,
        70.636,
        54.804,
        65.382,
        67.125
    ],
    "mse": [
        67.34583850931676,
        29.36248447204969,
        23.542857142857144,
        27.050434782608697,
        36.825403726708075
    ],
    "mse_mean": 36.825403726708075,
    "weight_results": [
        92.476,
        70.636,
        54.804,
        65.382,
        67.125
    ],
    "theta_results": [
        -10.741,
        -26.899,
        -32.748,
        -33.455
    ],
    "iterations": "2"
}