{
    "clk_freq": 1536000,
    "input_freq0": 334,
    "freq0": 339.53054526271006,
    "lf": 4,
    "lp": 44,
    "chosen_bias": [
        -10.741,
        -26.859,
        -32.742,
        -33.449
    ],
    "chosen_weights": [
        92.476,
        70.636,
        54.724,
        65.382,
        67.125
    ],
    "mse": [
        63.59726708074534,
        36.75552795031056,
        28.706335403726708,
        29.998012422360247,
        39.76428571428572
    ],
    "mse_mean": 39.76428571428572,
    "weight_results": [
        92.476,
        70.636,
        54.724,
        65.382,
        67.125
    ],
    "theta_results": [
        -10.741,
        -26.859,
        -32.743,
        -33.45
    ],
    "iterations": "2"
}