{
    "clk_freq": 1536000,
    "input_freq0": 337,
    "freq0": 339.53054526271006,
    "lf": 4,
    "lp": 44,
    "chosen_bias": [
        -10.741,
        -26.899,
        -32.745,
        -33.452
    ],
    "chosen_weights": [
        92.476,
        70.636,
        54.804,
        65.382,
        67.125
    ],
    "mse": [
        67.96621118012422,
        28.910310559006213,
        22.92248447204969,
        26.956770186335405,
        36.68894409937888
    ],
    "mse_mean": 36.68894409937888,
    "weight_results": [
        92.476,
        70.636,
        54.804,
        65.382,
        67.125
    ],
    "theta_results": [
        -10.741,
        -26.899,
        -32.746,
        -33.453
    ],
    "iterations": "2"
}