{
    "clk_freq": 1536000,
    "input_freq0": 33.9,
    "freq0": 33.953054526271,
    "lf": 4,
    "lp": 449,
    "chosen_bias": [
        -0.75,
        -3.226,
        -3.456,
        -3.477
    ],
    "chosen_weights": [
        7.438,
        5.906,
        6.379,
        6.812,
        6.902
    ],
    "mse": [
        47.00634778721502,
        33.53953956191328,
        79.84651318730442,
        34.52302190433616,
        48.72885561019222
    ],
    "mse_mean": 48.72885561019222,
    "weight_results": [
        7.204,
        5.596,
        5.695,
        6.243,
        6.984
    ],
    "theta_results": [
        -0.372,
        -2.885,
        -3.144,
        -3.512
    ],
    "iterations": "19"
}