{
    "clk_freq": 1536000,
    "input_freq0": 33.7,
    "freq0": 33.72819986053411,
    "lf": 4,
    "lp": 452,
    "chosen_bias": [
        -0.75,
        -3.227,
        -3.144,
        -3.512
    ],
    "chosen_weights": [
        7.96,
        6.352,
        6.379,
        6.243,
        6.984
    ],
    "mse": [
        109.3998268282936,
        108.73564672971892,
        192.9727809599929,
        294.87049864570844,
        176.49468829092848
    ],
    "mse_mean": 176.49468829092848,
    "weight_results": [
        7.199,
        5.736,
        6.216,
        6.036,
        6.675
    ],
    "theta_results": [
        -0.752,
        -3.224,
        -3.143,
        -3.511
    ],
    "iterations": "11"
}