{
    "clk_freq": 1536000,
    "input_freq0": 345,
    "freq0": 347.24714856413533,
    "lf": 4,
    "lp": 43,
    "chosen_bias": [
        -10.361,
        -27.318,
        -33.537,
        -34.13
    ],
    "chosen_weights": [
        95.452,
        73.168,
        55.706,
        66.505,
        68.032
    ],
    "mse": [
        59.23566878980892,
        94.30955414012739,
        66.73146496815286,
        63.93019108280255,
        71.05171974522293
    ],
    "mse_mean": 71.05171974522293,
    "weight_results": [
        95.452,
        73.168,
        55.706,
        66.505,
        68.032
    ],
    "theta_results": [
        -10.361,
        -27.319,
        -33.538,
        -34.131
    ],
    "iterations": "2"
}