{
    "clk_freq": 1536000,
    "input_freq0": 343,
    "freq0": 347.24714856413533,
    "lf": 4,
    "lp": 43,
    "chosen_bias": [
        -10.361,
        -27.315,
        -33.454,
        -34.127
    ],
    "chosen_weights": [
        95.452,
        73.168,
        55.706,
        66.345,
        68.032
    ],
    "mse": [
        61.05656050955414,
        95.0512101910828,
        67.16993630573248,
        63.6568152866242,
        71.7336305732484
    ],
    "mse_mean": 71.7336305732484,
    "weight_results": [
        95.452,
        73.168,
        55.706,
        66.505,
        68.032
    ],
    "theta_results": [
        -10.361,
        -27.317,
        -33.536,
        -34.129
    ],
    "iterations": "3"
}