{
    "clk_freq": 1536000,
    "input_freq0": 346,
    "freq0": 347.24714856413533,
    "lf": 4,
    "lp": 43,
    "chosen_bias": [
        -10.361,
        -27.319,
        -33.538,
        -34.131
    ],
    "chosen_weights": [
        95.452,
        73.168,
        55.706,
        66.505,
        68.032
    ],
    "mse": [
        57.618343949044586,
        91.5936305732484,
        65.55312101910827,
        62.301401273885354,
        69.26662420382165
    ],
    "mse_mean": 69.26662420382165,
    "weight_results": [
        95.452,
        73.168,
        55.706,
        66.505,
        68.032
    ],
    "theta_results": [
        -10.361,
        -27.32,
        -33.539,
        -34.132
    ],
    "iterations": "2"
}