{
    "clk_freq": 1536000,
    "input_freq0": 340,
    "freq0": 347.24714856413533,
    "lf": 4,
    "lp": 43,
    "chosen_bias": [
        -10.741,
        -26.899,
        -32.748,
        -33.455
    ],
    "chosen_weights": [
        92.476,
        70.636,
        54.804,
        65.382,
        67.125
    ],
    "mse": [
        65.27694267515923,
        58.318216560509555,
        43.74216560509554,
        39.580636942675156,
        51.72949044585987
    ],
    "mse_mean": 51.72949044585987,
    "weight_results": [
        95.96,
        73.676,
        55.706,
        66.201,
        68.032
    ],
    "theta_results": [
        -10.615,
        -27.313,
        -33.38,
        -34.125
    ],
    "iterations": "602"
}