{
    "clk_freq": 1536000,
    "input_freq0": 347,
    "freq0": 347.24714856413533,
    "lf": 4,
    "lp": 43,
    "chosen_bias": [
        -10.361,
        -27.32,
        -33.539,
        -34.132
    ],
    "chosen_weights": [
        95.452,
        73.168,
        55.706,
        66.505,
        68.032
    ],
    "mse": [
        58.830063694267515,
        93.34267515923567,
        65.78191082802547,
        62.20585987261146,
        70.04012738853503
    ],
    "mse_mean": 70.04012738853503,
    "weight_results": [
        95.452,
        73.168,
        55.706,
        66.505,
        68.032
    ],
    "theta_results": [
        -10.361,
        -27.321,
        -33.54,
        -34.133
    ],
    "iterations": "2"
}