{
    "clk_freq": 1536000,
    "input_freq0": 34.6,
    "freq0": 34.64597400639899,
    "lf": 4,
    "lp": 440,
    "chosen_bias": [
        -0.954,
        -3.742,
        -3.468,
        -3.392
    ],
    "chosen_weights": [
        7.278,
        5.64,
        7.509,
        6.931,
        6.681
    ],
    "mse": [
        122.12434984943881,
        23.701090427958757,
        37.78884934756821,
        67.61237339173282,
        62.806665754174645
    ],
    "mse_mean": 62.80666575417465,
    "weight_results": [
        7.768,
        5.933,
        6.22,
        6.536,
        6.72
    ],
    "theta_results": [
        -1.076,
        -3.147,
        -3.316,
        -3.388
    ],
    "iterations": "26"
}