{
    "clk_freq": 1536000,
    "input_freq0": 344,
    "freq0": 347.24714856413533,
    "lf": 4,
    "lp": 43,
    "chosen_bias": [
        -10.361,
        -27.317,
        -33.536,
        -34.129
    ],
    "chosen_weights": [
        95.452,
        73.168,
        55.706,
        66.505,
        68.032
    ],
    "mse": [
        57.70700636942675,
        90.80738853503185,
        64.35057324840764,
        62.32331210191083,
        68.79707006369426
    ],
    "mse_mean": 68.79707006369426,
    "weight_results": [
        95.452,
        73.168,
        55.706,
        66.505,
        68.032
    ],
    "theta_results": [
        -10.361,
        -27.318,
        -33.537,
        -34.13
    ],
    "iterations": "2"
}