{
    "clk_freq": 1536000,
    "input_freq0": 341,
    "freq0": 347.24714856413533,
    "lf": 4,
    "lp": 43,
    "chosen_bias": [
        -10.615,
        -27.313,
        -33.38,
        -34.125
    ],
    "chosen_weights": [
        95.96,
        73.676,
        55.706,
        66.201,
        68.032
    ],
    "mse": [
        68.8659872611465,
        69.6659872611465,
        49.80687898089172,
        44.24178343949045,
        58.1451592356688
    ],
    "mse_mean": 58.1451592356688,
    "weight_results": [
        95.688,
        73.404,
        55.706,
        66.201,
        68.032
    ],
    "theta_results": [
        -10.479,
        -27.314,
        -33.381,
        -34.126
    ],
    "iterations": "2"
}