{
    "clk_freq": 1536000,
    "input_freq0": 342,
    "freq0": 347.24714856413533,
    "lf": 4,
    "lp": 43,
    "chosen_bias": [
        -10.479,
        -27.314,
        -33.381,
        -34.126
    ],
    "chosen_weights": [
        95.688,
        73.404,
        55.706,
        66.201,
        68.032
    ],
    "mse": [
        56.544458598726116,
        97.78573248407643,
        72.12025477707006,
        65.64993630573248,
        73.02509554140127
    ],
    "mse_mean": 73.02509554140127,
    "weight_results": [
        95.452,
        73.168,
        55.706,
        66.345,
        68.032
    ],
    "theta_results": [
        -10.361,
        -27.315,
        -33.454,
        -34.127
    ],
    "iterations": "2"
}