{
    "clk_freq": 1536000,
    "input_freq0": 35.6,
    "freq0": 35.61509216042413,
    "lf": 4,
    "lp": 428,
    "chosen_bias": [
        -0.981,
        -3.75,
        -3.472,
        -3.39
    ],
    "chosen_weights": [
        8.302,
        6.236,
        7.407,
        6.839,
        6.813
    ],
    "mse": [
        32.72056581200591,
        19.9016631870323,
        21.691993713199935,
        13.937366581435173,
        22.06289732341833
    ],
    "mse_mean": 22.06289732341833,
    "weight_results": [
        7.464,
        6.103,
        7.461,
        6.96,
        6.879
    ],
    "theta_results": [
        -0.75,
        -3.752,
        -3.475,
        -3.396
    ],
    "iterations": "15"
}