{
    "clk_freq": 1536000,
    "input_freq0": 35,
    "freq0": 35.0432902220687,
    "lf": 4,
    "lp": 435,
    "chosen_bias": [
        -0.804,
        -3.748,
        -3.471,
        -3.394
    ],
    "chosen_weights": [
        7.261,
        5.847,
        7.522,
        7.095,
        6.879
    ],
    "mse": [
        79.19387072208248,
        8.919507073131332,
        22.23822490942238,
        37.21487088362218,
        36.89161839706459
    ],
    "mse_mean": 36.89161839706459,
    "weight_results": [
        7.278,
        5.64,
        7.509,
        6.931,
        6.681
    ],
    "theta_results": [
        -0.954,
        -3.742,
        -3.468,
        -3.392
    ],
    "iterations": "17"
}