{
    "clk_freq": 1536000,
    "input_freq0": 36.9,
    "freq0": 36.90549405029457,
    "lf": 4,
    "lp": 413,
    "chosen_bias": [
        -0.982,
        -3.753,
        -3.927,
        -3.842
    ],
    "chosen_weights": [
        7.57,
        5.687,
        7.514,
        7.903,
        7.759
    ],
    "mse": [
        8.440529170010457,
        12.29756085698305,
        5.082828724982369,
        10.37032173342088,
        9.04781012134919
    ],
    "mse_mean": 9.04781012134919,
    "weight_results": [
        8.859,
        6.879,
        7.44,
        6.891,
        6.788
    ],
    "theta_results": [
        -0.98,
        -3.752,
        -3.47,
        -3.382
    ],
    "iterations": "40"
}