{
    "clk_freq": 1536000,
    "input_freq0": 36,
    "freq0": 36.03508145476876,
    "lf": 4,
    "lp": 423,
    "chosen_bias": [
        -0.979,
        -3.748,
        -3.472,
        -3.391
    ],
    "chosen_weights": [
        8.178,
        6.16,
        7.408,
        6.672,
        6.493
    ],
    "mse": [
        83.50672965081776,
        28.799178674009543,
        18.06670306454293,
        21.288461081966435,
        37.91526811783417
    ],
    "mse_mean": 37.91526811783417,
    "weight_results": [
        8.302,
        6.236,
        7.407,
        6.839,
        6.813
    ],
    "theta_results": [
        -0.981,
        -3.75,
        -3.472,
        -3.39
    ],
    "iterations": "8"
}