{
    "clk_freq": 1536000,
    "input_freq0": 36.4,
    "freq0": 36.46509435995693,
    "lf": 4,
    "lp": 418,
    "chosen_bias": [
        -0.98,
        -3.752,
        -3.47,
        -3.382
    ],
    "chosen_weights": [
        8.859,
        6.879,
        7.44,
        6.891,
        6.788
    ],
    "mse": [
        96.12603305785125,
        120.51729771285797,
        165.13866999807803,
        138.50237843551798,
        130.0710948010763
    ],
    "mse_mean": 130.0710948010763,
    "weight_results": [
        8.178,
        6.16,
        7.408,
        6.672,
        6.493
    ],
    "theta_results": [
        -0.979,
        -3.748,
        -3.472,
        -3.391
    ],
    "iterations": "20"
}