{
    "clk_freq": 1536000,
    "input_freq0": 37.8,
    "freq0": 37.81899637827216,
    "lf": 4,
    "lp": 403,
    "chosen_bias": [
        -1.063,
        -3.488,
        -3.71,
        -3.647
    ],
    "chosen_weights": [
        9.56,
        7.251,
        6.923,
        7.3,
        7.124
    ],
    "mse": [
        102.66352577525177,
        97.59926213979459,
        57.04536843154851,
        24.36155150064812,
        70.41742696181075
    ],
    "mse_mean": 70.41742696181075,
    "weight_results": [
        9.56,
        7.251,
        6.923,
        7.3,
        7.124
    ],
    "theta_results": [
        -1.063,
        -3.489,
        -3.71,
        -3.647
    ],
    "iterations": "2"
}