{
    "clk_freq": 1536000,
    "input_freq0": 37.3,
    "freq0": 37.35666145922237,
    "lf": 4,
    "lp": 408,
    "chosen_bias": [
        -1.063,
        -3.489,
        -3.71,
        -3.647
    ],
    "chosen_weights": [
        9.56,
        7.251,
        6.923,
        7.3,
        7.124
    ],
    "mse": [
        62.50720106354169,
        54.01848888451217,
        47.69359166892341,
        39.76454368645215,
        50.99595632585736
    ],
    "mse_mean": 50.99595632585736,
    "weight_results": [
        7.57,
        5.687,
        7.514,
        7.903,
        7.759
    ],
    "theta_results": [
        -0.982,
        -3.753,
        -3.927,
        -3.842
    ],
    "iterations": "45"
}