{
    "clk_freq": 1536000,
    "input_freq0": 38.2,
    "freq0": 38.292918638651514,
    "lf": 4,
    "lp": 398,
    "chosen_bias": [
        -1.063,
        -3.488,
        -3.708,
        -3.641
    ],
    "chosen_weights": [
        9.646,
        7.137,
        7.089,
        7.595,
        7.383
    ],
    "mse": [
        73.7321838790296,
        145.5838992250019,
        136.2622623886098,
        152.13182541084998,
        126.92754272587283
    ],
    "mse_mean": 126.92754272587283,
    "weight_results": [
        9.577,
        7.849,
        6.794,
        7.617,
        7.618
    ],
    "theta_results": [
        -0.779,
        -3.433,
        -3.852,
        -3.804
    ],
    "iterations": "34"
}