{
    "clk_freq": 1536000,
    "input_freq0": 38.6,
    "freq0": 38.680695029929,
    "lf": 4,
    "lp": 394,
    "chosen_bias": [
        -1.229,
        -3.497,
        -3.705,
        -3.635
    ],
    "chosen_weights": [
        10.026,
        7.144,
        7.09,
        7.567,
        7.304
    ],
    "mse": [
        39.57346152865267,
        60.356124556884545,
        29.521537323710184,
        75.46912856086303,
        51.23006299252761
    ],
    "mse_mean": 51.23006299252761,
    "weight_results": [
        9.646,
        7.137,
        7.089,
        7.595,
        7.383
    ],
    "theta_results": [
        -1.063,
        -3.488,
        -3.708,
        -3.641
    ],
    "iterations": "8"
}