{
    "clk_freq": 1536000,
    "input_freq0": 38.8,
    "freq0": 38.877543350691994,
    "lf": 4,
    "lp": 392,
    "chosen_bias": [
        -1.403,
        -3.696,
        -3.702,
        -3.629
    ],
    "chosen_weights": [
        10.515,
        7.147,
        7.475,
        7.513,
        7.32
    ],
    "mse": [
        17.126147141758523,
        36.10428095360164,
        14.849038708023583,
        130.49620610099976,
        49.64391822609588
    ],
    "mse_mean": 49.64391822609588,
    "weight_results": [
        10.026,
        7.144,
        7.09,
        7.567,
        7.304
    ],
    "theta_results": [
        -1.229,
        -3.497,
        -3.705,
        -3.635
    ],
    "iterations": "7"
}