{
    "clk_freq": 1536000,
    "input_freq0": 38.4,
    "freq0": 38.485830067561594,
    "lf": 4,
    "lp": 396,
    "chosen_bias": [
        -1.063,
        -3.488,
        -3.708,
        -3.641
    ],
    "chosen_weights": [
        9.646,
        7.137,
        7.089,
        7.595,
        7.383
    ],
    "mse": [
        12.831345783010251,
        38.318126458946516,
        68.41330051760885,
        91.64041408708007,
        52.80079671166142
    ],
    "mse_mean": 52.80079671166142,
    "weight_results": [
        9.56,
        7.251,
        6.923,
        7.3,
        7.124
    ],
    "theta_results": [
        -1.063,
        -3.488,
        -3.71,
        -3.647
    ],
    "iterations": "8"
}