{
    "clk_freq": 1536000,
    "input_freq0": 39.7,
    "freq0": 39.78873577297384,
    "lf": 4,
    "lp": 383,
    "chosen_bias": [
        -1.551,
        -3.834,
        -3.701,
        -3.626
    ],
    "chosen_weights": [
        10.811,
        7.443,
        7.751,
        7.513,
        7.32
    ],
    "mse": [
        76.05547828368981,
        55.338170843721294,
        65.50255871932818,
        136.8308096050387,
        83.4317543629445
    ],
    "mse_mean": 83.4317543629445,
    "weight_results": [
        10.811,
        7.443,
        7.751,
        7.513,
        7.32
    ],
    "theta_results": [
        -1.551,
        -3.834,
        -3.701,
        -3.627
    ],
    "iterations": "2"
}