{
    "clk_freq": 1536000,
    "input_freq0": 39.6,
    "freq0": 39.68538840732975,
    "lf": 4,
    "lp": 384,
    "chosen_bias": [
        -1.551,
        -3.834,
        -3.701,
        -3.627
    ],
    "chosen_weights": [
        10.811,
        7.443,
        7.751,
        7.513,
        7.32
    ],
    "mse": [
        74.30021462597497,
        69.33999895304403,
        76.11872480762185,
        131.81709679107993,
        87.89400879443019
    ],
    "mse_mean": 87.89400879443019,
    "weight_results": [
        10.515,
        7.147,
        7.475,
        7.513,
        7.32
    ],
    "theta_results": [
        -1.403,
        -3.696,
        -3.702,
        -3.629
    ],
    "iterations": "2"
}