{
    "clk_freq": 1536000,
    "input_freq0": 39.0,
    "freq0": 39.07640546501778,
    "lf": 4,
    "lp": 390,
    "chosen_bias": [
        -1.403,
        -3.696,
        -3.702,
        -3.629
    ],
    "chosen_weights": [
        10.515,
        7.147,
        7.475,
        7.513,
        7.32
    ],
    "mse": [
        59.47702852431137,
        30.597851013940065,
        38.55865907392615,
        54.60058233914813,
        45.80853023783143
    ],
    "mse_mean": 45.80853023783143,
    "weight_results": [
        8.786,
        6.031,
        5.905,
        6.053,
        6.199
    ],
    "theta_results": [
        -0.642,
        -3.003,
        -3.026,
        -3.061
    ],
    "iterations": "11"
}