{
    "clk_freq": 1536000,
    "input_freq0": 40.900000000000006,
    "freq0": 40.96213012552802,
    "lf": 4,
    "lp": 372,
    "chosen_bias": [
        -1.413,
        -4.062,
        -4.214,
        -4.046
    ],
    "chosen_weights": [
        9.51,
        6.737,
        8.151,
        8.476,
        8.088
    ],
    "mse": [
        51.659594594594594,
        94.8942972972973,
        46.010243243243245,
        43.4852972972973,
        59.01235810810812
    ],
    "mse_mean": 59.01235810810812,
    "weight_results": [
        10.811,
        7.443,
        8.375,
        7.513,
        7.32
    ],
    "theta_results": [
        -1.551,
        -4.146,
        -3.701,
        -3.624
    ],
    "iterations": "40"
}