{
    "clk_freq": 1536000,
    "input_freq0": 40.5,
    "freq0": 40.52751866531022,
    "lf": 4,
    "lp": 376,
    "chosen_bias": [
        -1.551,
        -4.146,
        -3.701,
        -3.624
    ],
    "chosen_weights": [
        10.811,
        7.443,
        8.375,
        7.513,
        7.32
    ],
    "mse": [
        58.15445698091011,
        91.0483396609807,
        73.9058873857013,
        126.9138548740709,
        87.50563472541576
    ],
    "mse_mean": 87.50563472541576,
    "weight_results": [
        10.811,
        7.443,
        8.011,
        7.513,
        7.32
    ],
    "theta_results": [
        -1.551,
        -3.964,
        -3.701,
        -3.625
    ],
    "iterations": "2"
}