{
    "clk_freq": 1536000,
    "input_freq0": 40.0,
    "freq0": 40.102032905044496,
    "lf": 4,
    "lp": 380,
    "chosen_bias": [
        -1.551,
        -3.964,
        -3.701,
        -3.625
    ],
    "chosen_weights": [
        10.811,
        7.443,
        8.011,
        7.513,
        7.32
    ],
    "mse": [
        67.80552322505555,
        65.4298222410327,
        66.46212041053857,
        131.87347899693154,
        82.89273621838959
    ],
    "mse_mean": 82.89273621838959,
    "weight_results": [
        10.811,
        7.443,
        7.751,
        7.513,
        7.32
    ],
    "theta_results": [
        -1.551,
        -3.834,
        -3.701,
        -3.626
    ],
    "iterations": "2"
}