{
    "clk_freq": 1536000,
    "input_freq0": 41.7,
    "freq0": 41.745558843775825,
    "lf": 4,
    "lp": 365,
    "chosen_bias": [
        -1.15,
        -3.953,
        -3.973,
        -4.305
    ],
    "chosen_weights": [
        9.627,
        7.298,
        7.993,
        8.238,
        8.944
    ],
    "mse": [
        24.09031298214679,
        21.034934979061052,
        26.33640070531188,
        15.578989420321799,
        21.76015952171038
    ],
    "mse_mean": 21.76015952171038,
    "weight_results": [
        9.749,
        7.376,
        8.19,
        8.267,
        8.526
    ],
    "theta_results": [
        -1.275,
        -4.071,
        -4.11,
        -4.304
    ],
    "iterations": "25"
}