{
    "clk_freq": 1536000,
    "input_freq0": 41.5,
    "freq0": 41.51868080658139,
    "lf": 4,
    "lp": 367,
    "chosen_bias": [
        -1.275,
        -4.071,
        -4.11,
        -4.304
    ],
    "chosen_weights": [
        9.749,
        7.376,
        8.19,
        8.267,
        8.526
    ],
    "mse": [
        74.16173932104009,
        124.30194262542126,
        34.9779707921199,
        183.82850645258515,
        104.3175397977916
    ],
    "mse_mean": 104.3175397977916,
    "weight_results": [
        9.172,
        6.032,
        8.266,
        8.261,
        7.555
    ],
    "theta_results": [
        -1.408,
        -4.056,
        -4.21,
        -4.049
    ],
    "iterations": "46"
}