{
    "clk_freq": 1536000,
    "input_freq0": 42.3,
    "freq0": 42.3237521795622,
    "lf": 4,
    "lp": 360,
    "chosen_bias": [
        -1.385,
        -3.978,
        -3.825,
        -3.977
    ],
    "chosen_weights": [
        11.593,
        8.411,
        7.903,
        7.732,
        8.132
    ],
    "mse": [
        39.820467689212975,
        26.270471879976533,
        97.27888134551449,
        199.32609728159136,
        90.67397954907383
    ],
    "mse_mean": 90.67397954907383,
    "weight_results": [
        11.244,
        8.703,
        7.474,
        7.409,
        7.849
    ],
    "theta_results": [
        -1.005,
        -3.709,
        -3.684,
        -3.995
    ],
    "iterations": "36"
}