{
    "clk_freq": 1536000,
    "input_freq0": 42.0,
    "freq0": 42.09056346231942,
    "lf": 4,
    "lp": 362,
    "chosen_bias": [
        -1.005,
        -3.709,
        -3.684,
        -3.995
    ],
    "chosen_weights": [
        11.244,
        8.703,
        7.474,
        7.409,
        7.849
    ],
    "mse": [
        40.21742512640996,
        127.16772239817747,
        108.92226482191477,
        30.73251097405123,
        76.75998083013836
    ],
    "mse_mean": 76.75998083013836,
    "weight_results": [
        9.627,
        7.298,
        7.993,
        8.238,
        8.944
    ],
    "theta_results": [
        -1.15,
        -3.953,
        -3.973,
        -4.305
    ],
    "iterations": "28"
}