{
    "clk_freq": 1536000,
    "input_freq0": 42.5,
    "freq0": 42.559539099782604,
    "lf": 4,
    "lp": 358,
    "chosen_bias": [
        -1.385,
        -3.978,
        -3.825,
        -3.976
    ],
    "chosen_weights": [
        11.593,
        8.411,
        7.903,
        7.732,
        8.132
    ],
    "mse": [
        36.423437851202515,
        20.03037199370645,
        40.5388851427287,
        170.11168240053945,
        66.77609434704428
    ],
    "mse_mean": 66.77609434704428,
    "weight_results": [
        11.593,
        8.411,
        7.903,
        7.732,
        8.132
    ],
    "theta_results": [
        -1.385,
        -3.978,
        -3.825,
        -3.977
    ],
    "iterations": "2"
}