{
    "clk_freq": 1536000,
    "input_freq0": 43.0,
    "freq0": 43.03908320231536,
    "lf": 4,
    "lp": 354,
    "chosen_bias": [
        -1.562,
        -4.184,
        -3.822,
        -3.974
    ],
    "chosen_weights": [
        12.174,
        8.467,
        8.508,
        7.707,
        7.767
    ],
    "mse": [
        89.46925262858767,
        104.85609548167093,
        46.80642227905655,
        21.242142654163114,
        65.59347826086956
    ],
    "mse_mean": 65.59347826086956,
    "weight_results": [
        11.593,
        8.411,
        7.903,
        7.732,
        8.132
    ],
    "theta_results": [
        -1.385,
        -3.978,
        -3.825,
        -3.976
    ],
    "iterations": "8"
}