{
    "clk_freq": 1536000,
    "input_freq0": 44.0,
    "freq0": 44.03133872282983,
    "lf": 4,
    "lp": 346,
    "chosen_bias": [
        -1.76,
        -4.751,
        -3.815,
        -3.967
    ],
    "chosen_weights": [
        12.076,
        8.349,
        9.287,
        7.63,
        8.195
    ],
    "mse": [
        25.17129064154016,
        51.9544872913395,
        127.62537079043797,
        231.91284243587506,
        109.16599778979817
    ],
    "mse_mean": 109.16599778979817,
    "weight_results": [
        12.174,
        8.467,
        8.508,
        7.707,
        7.767
    ],
    "theta_results": [
        -1.562,
        -4.184,
        -3.822,
        -3.974
    ],
    "iterations": "18"
}