{
    "clk_freq": 1536000,
    "input_freq0": 44.5,
    "freq0": 44.54482372251298,
    "lf": 4,
    "lp": 342,
    "chosen_bias": [
        -1.89,
        -4.746,
        -3.812,
        -3.966
    ],
    "chosen_weights": [
        12.477,
        8.197,
        9.613,
        7.535,
        7.653
    ],
    "mse": [
        66.19535663841808,
        189.71242349340866,
        107.48569915254237,
        15.071592514124294,
        94.61626794962335
    ],
    "mse_mean": 94.61626794962335,
    "weight_results": [
        12.076,
        8.349,
        9.287,
        7.63,
        8.195
    ],
    "theta_results": [
        -1.76,
        -4.751,
        -3.815,
        -3.967
    ],
    "iterations": "9"
}