{
    "clk_freq": 1536000,
    "input_freq0": 45.0,
    "freq0": 45.07042636230665,
    "lf": 4,
    "lp": 338,
    "chosen_bias": [
        -1.77,
        -5.109,
        -4.252,
        -4.208
    ],
    "chosen_weights": [
        10.213,
        6.712,
        10.374,
        8.738,
        8.727
    ],
    "mse": [
        60.59733182454364,
        149.91825734790507,
        21.315952473124682,
        99.81945147553677,
        82.91274828027754
    ],
    "mse_mean": 82.91274828027754,
    "weight_results": [
        12.477,
        8.197,
        9.613,
        7.535,
        7.653
    ],
    "theta_results": [
        -1.89,
        -4.746,
        -3.812,
        -3.966
    ],
    "iterations": "38"
}