{
    "clk_freq": 1536000,
    "input_freq0": 45.2,
    "freq0": 45.20377081899986,
    "lf": 4,
    "lp": 337,
    "chosen_bias": [
        -1.337,
        -5.133,
        -4.54,
        -4.398
    ],
    "chosen_weights": [
        9.306,
        7.093,
        10.326,
        9.132,
        8.77
    ],
    "mse": [
        72.51375406947224,
        156.99118903258565,
        127.4339476120785,
        89.83145664705356,
        111.69258684029748
    ],
    "mse_mean": 111.69258684029748,
    "weight_results": [
        10.213,
        6.712,
        10.374,
        8.738,
        8.727
    ],
    "theta_results": [
        -1.77,
        -5.109,
        -4.252,
        -4.208
    ],
    "iterations": "37"
}