{
    "clk_freq": 1536000,
    "input_freq0": 45.5,
    "freq0": 45.60858070693121,
    "lf": 4,
    "lp": 334,
    "chosen_bias": [
        -0.782,
        -4.138,
        -4.232,
        -3.802
    ],
    "chosen_weights": [
        12.122,
        9.969,
        8.461,
        8.741,
        7.801
    ],
    "mse": [
        142.30326411284247,
        13.504957955333193,
        17.476325386539678,
        42.09614515205401,
        53.845173151692336
    ],
    "mse_mean": 53.845173151692336,
    "weight_results": [
        9.306,
        7.093,
        10.326,
        9.132,
        8.77
    ],
    "theta_results": [
        -1.337,
        -5.133,
        -4.54,
        -4.398
    ],
    "iterations": "73"
}