{
    "clk_freq": 1536000,
    "input_freq0": 45.9,
    "freq0": 46.020706436210695,
    "lf": 4,
    "lp": 331,
    "chosen_bias": [
        -0.782,
        -4.525,
        -4.206,
        -3.77
    ],
    "chosen_weights": [
        11.167,
        9.198,
        9.175,
        8.52,
        7.547
    ],
    "mse": [
        36.80710505505201,
        101.01831011618711,
        45.9259383174159,
        70.54906016181033,
        63.575103412616336
    ],
    "mse_mean": 63.57510341261634,
    "weight_results": [
        11.257,
        9.485,
        7.473,
        8.707,
        7.874
    ],
    "theta_results": [
        -0.782,
        -3.688,
        -4.208,
        -3.772
    ],
    "iterations": "9"
}