{
    "clk_freq": 1536000,
    "input_freq0": 46.5,
    "freq0": 46.58193456348157,
    "lf": 4,
    "lp": 327,
    "chosen_bias": [
        -1.633,
        -4.602,
        -4.947,
        -4.705
    ],
    "chosen_weights": [
        10.422,
        7.805,
        9.296,
        9.894,
        9.256
    ],
    "mse": [
        94.09505480970563,
        143.23688262101243,
        210.03642689986452,
        150.27189309028205,
        149.41006435521615
    ],
    "mse_mean": 149.41006435521615,
    "weight_results": [
        10.753,
        6.776,
        9.874,
        9.674,
        9.107
    ],
    "theta_results": [
        -2.059,
        -4.883,
        -4.745,
        -4.369
    ],
    "iterations": "45"
}