{
    "clk_freq": 1536000,
    "input_freq0": 46.4,
    "freq0": 46.440348136236935,
    "lf": 4,
    "lp": 328,
    "chosen_bias": [
        -2.059,
        -4.883,
        -4.745,
        -4.369
    ],
    "chosen_weights": [
        10.753,
        6.776,
        9.874,
        9.674,
        9.107
    ],
    "mse": [
        147.14627333005893,
        406.1364808447937,
        360.88252087426326,
        113.50933202357564,
        256.9186517681729
    ],
    "mse_mean": 256.9186517681729,
    "weight_results": [
        12.149,
        7.402,
        10.134,
        7.312,
        7.261
    ],
    "theta_results": [
        -2.057,
        -4.887,
        -3.598,
        -3.725
    ],
    "iterations": "19"
}