{
    "clk_freq": 1536000,
    "input_freq0": 46,
    "freq0": 46.020706436210695,
    "lf": 4,
    "lp": 331,
    "chosen_bias": [
        -1.633,
        -4.602,
        -4.947,
        -4.705
    ],
    "chosen_weights": [
        10.422,
        7.805,
        9.296,
        9.894,
        9.256
    ],
    "mse": [
        10.22236754060466,
        7.014964413893789,
        59.04687024758197,
        200.5442241012227,
        69.20710657582578
    ],
    "mse_mean": 69.20710657582578,
    "weight_results": [
        11.167,
        9.198,
        9.175,
        8.52,
        7.547
    ],
    "theta_results": [
        -0.782,
        -4.525,
        -4.206,
        -3.77
    ],
    "iterations": "154"
}