{
    "clk_freq": 1536000,
    "input_freq0": 47.0,
    "freq0": 47.011921651759856,
    "lf": 4,
    "lp": 324,
    "chosen_bias": [
        -1.515,
        -4.504,
        -4.947,
        -4.706
    ],
    "chosen_weights": [
        10.186,
        7.569,
        9.1,
        9.894,
        9.256
    ],
    "mse": [
        118.07173494125692,
        98.14704419717785,
        35.03822962640641,
        120.41368807111333,
        92.91767420898863
    ],
    "mse_mean": 92.91767420898863,
    "weight_results": [
        10.422,
        7.805,
        9.296,
        9.894,
        9.256
    ],
    "theta_results": [
        -1.633,
        -4.602,
        -4.947,
        -4.705
    ],
    "iterations": "2"
}