{
    "clk_freq": 1536000,
    "input_freq0": 48.0,
    "freq0": 48.046775273025006,
    "lf": 4,
    "lp": 317,
    "chosen_bias": [
        -0.75,
        -4.131,
        -4.599,
        -5.103
    ],
    "chosen_weights": [
        11.137,
        9.302,
        8.403,
        9.423,
        10.127
    ],
    "mse": [
        22.436828725770575,
        113.0990149348586,
        120.81433110899269,
        53.482554814108674,
        77.45818239593262
    ],
    "mse_mean": 77.45818239593262,
    "weight_results": [
        10.394,
        8.847,
        8.518,
        9.549,
        10.202
    ],
    "theta_results": [
        -0.75,
        -4.239,
        -4.716,
        -5.102
    ],
    "iterations": "20"
}