{
    "clk_freq": 1536000,
    "input_freq0": 49,
    "freq0": 49.12821394476512,
    "lf": 4,
    "lp": 310,
    "chosen_bias": [
        -0.546,
        -4.029,
        -4.439,
        -5.114
    ],
    "chosen_weights": [
        12.41,
        10.444,
        8.104,
        9.106,
        10.255
    ],
    "mse": [
        53.11037800240518,
        68.80423830727727,
        129.88809438684305,
        91.44037442714597,
        85.81077128091786
    ],
    "mse_mean": 85.81077128091786,
    "weight_results": [
        12.049,
        10.63,
        7.852,
        9.189,
        10.228
    ],
    "theta_results": [
        -0.75,
        -4.029,
        -4.569,
        -5.117
    ],
    "iterations": "6"
}