{
    "clk_freq": 1536000,
    "input_freq0": 50,
    "freq0": 50.09467061253099,
    "lf": 4,
    "lp": 304,
    "chosen_bias": [
        -0.852,
        -4.033,
        -4.197,
        -4.445
    ],
    "chosen_weights": [
        14.793,
        12.173,
        8.449,
        9.028,
        9.223
    ],
    "mse": [
        97.83045453038491,
        50.93627954779034,
        116.02380399827604,
        80.34068229287537,
        86.28280509233167
    ],
    "mse_mean": 86.28280509233167,
    "weight_results": [
        12.41,
        10.444,
        8.104,
        9.106,
        10.255
    ],
    "theta_results": [
        -0.546,
        -4.029,
        -4.439,
        -5.114
    ],
    "iterations": "25"
}