{
    "clk_freq": 1536000,
    "input_freq0": 51,
    "freq0": 51.09991483886941,
    "lf": 4,
    "lp": 298,
    "chosen_bias": [
        -2.864,
        -4.206,
        -3.945,
        -4.247
    ],
    "chosen_weights": [
        17.878,
        11.147,
        8.494,
        7.675,
        8.004
    ],
    "mse": [
        398.2393098782138,
        247.58853179972937,
        84.68186738836265,
        318.55497293640053,
        262.2661705006766
    ],
    "mse_mean": 262.2661705006766,
    "weight_results": [
        14.793,
        12.173,
        8.449,
        9.028,
        9.223
    ],
    "theta_results": [
        -0.852,
        -4.033,
        -4.197,
        -4.445
    ],
    "iterations": "325"
}