{
    "clk_freq": 1536000,
    "input_freq0": 52,
    "freq0": 52.146329477208035,
    "lf": 4,
    "lp": 292,
    "chosen_bias": [
        -0.801,
        -4.826,
        -4.956,
        -5.553
    ],
    "chosen_weights": [
        11.669,
        10.125,
        9.491,
        9.839,
        10.887
    ],
    "mse": [
        327.11710467244535,
        448.4116103187485,
        58.61118209759298,
        189.17919673999378,
        255.82977345719516
    ],
    "mse_mean": 255.82977345719513,
    "weight_results": [
        17.878,
        11.147,
        8.494,
        7.675,
        8.004
    ],
    "theta_results": [
        -2.864,
        -4.206,
        -3.945,
        -4.247
    ],
    "iterations": "191"
}