{
    "clk_freq": 1536000,
    "input_freq0": 53,
    "freq0": 53.05164769729845,
    "lf": 4,
    "lp": 287,
    "chosen_bias": [
        -1.105,
        -5.002,
        -4.323,
        -5.113
    ],
    "chosen_weights": [
        14.269,
        11.404,
        10.186,
        8.86,
        10.12
    ],
    "mse": [
        40.096260631194205,
        106.2385956280312,
        259.63920714135094,
        185.89850284669993,
        147.96814156181907
    ],
    "mse_mean": 147.96814156181907,
    "weight_results": [
        11.669,
        10.125,
        9.491,
        9.839,
        10.887
    ],
    "theta_results": [
        -0.801,
        -4.826,
        -4.956,
        -5.553
    ],
    "iterations": "32"
}