{
    "clk_freq": 1536000,
    "input_freq0": 54,
    "freq0": 54.1804061589431,
    "lf": 4,
    "lp": 281,
    "chosen_bias": [
        -1.098,
        -4.995,
        -4.318,
        -5.116
    ],
    "chosen_weights": [
        14.421,
        11.258,
        10.161,
        8.42,
        9.521
    ],
    "mse": [
        69.13263437578543,
        43.13651215396216,
        234.62058812969013,
        361.1374815985063,
        177.006804064486
    ],
    "mse_mean": 177.006804064486,
    "weight_results": [
        14.269,
        11.404,
        10.186,
        8.86,
        10.12
    ],
    "theta_results": [
        -1.105,
        -5.002,
        -4.323,
        -5.113
    ],
    "iterations": "15"
}