{
    "clk_freq": 1536000,
    "input_freq0": 55,
    "freq0": 55.15839182968214,
    "lf": 4,
    "lp": 276,
    "chosen_bias": [
        -2.093,
        -4.821,
        -4.243,
        -5.047
    ],
    "chosen_weights": [
        16.559,
        11.231,
        10.127,
        8.994,
        10.08
    ],
    "mse": [
        125.04307287286555,
        23.523894840762,
        266.94749350981755,
        596.7549453362097,
        253.0673516399137
    ],
    "mse_mean": 253.0673516399137,
    "weight_results": [
        14.421,
        11.258,
        10.161,
        8.42,
        9.521
    ],
    "theta_results": [
        -1.098,
        -4.995,
        -4.318,
        -5.116
    ],
    "iterations": "80"
}