{
    "clk_freq": 1536000,
    "input_freq0": 56,
    "freq0": 56.172332855963056,
    "lf": 4,
    "lp": 271,
    "chosen_bias": [
        -1.973,
        -5.248,
        -4.874,
        -5.157
    ],
    "chosen_weights": [
        16.159,
        11.349,
        10.533,
        9.938,
        10.588
    ],
    "mse": [
        30.743201966773448,
        12.778737987037175,
        43.62072562020413,
        145.98893689935187,
        58.28290061834166
    ],
    "mse_mean": 58.28290061834166,
    "weight_results": [
        14.709,
        11.151,
        10.67,
        9.988,
        11.327
    ],
    "theta_results": [
        -1.505,
        -5.251,
        -4.881,
        -5.671
    ],
    "iterations": "20"
}