{
    "clk_freq": 1536000,
    "input_freq0": 61,
    "freq0": 61.115498147287816,
    "lf": 4,
    "lp": 249,
    "chosen_bias": [
        -2.718,
        -6.968,
        -5.858,
        -5.778
    ],
    "chosen_weights": [
        14.82,
        9.48,
        14.108,
        11.915,
        11.83
    ],
    "mse": [
        16.130510676301046,
        110.41653811804822,
        103.12255419339125,
        91.98660388081514,
        80.41405171713892
    ],
    "mse_mean": 80.41405171713892,
    "weight_results": [
        14.784,
        9.42,
        13.527,
        11.397,
        11.316
    ],
    "theta_results": [
        -2.718,
        -6.748,
        -5.652,
        -5.596
    ],
    "iterations": "5"
}