{
    "clk_freq": 1536000,
    "input_freq0": 64,
    "freq0": 64.19695183538636,
    "lf": 4,
    "lp": 237,
    "chosen_bias": [
        -2.297,
        -7.302,
        -6.438,
        -6.483
    ],
    "chosen_weights": [
        13.726,
        9.475,
        14.727,
        13.351,
        12.633
    ],
    "mse": [
        49.16945535256958,
        49.788287519207785,
        38.22438961925901,
        142.73395082806897,
        69.97902082977633
    ],
    "mse_mean": 69.97902082977633,
    "weight_results": [
        13.645,
        9.549,
        14.494,
        12.8,
        12.883
    ],
    "theta_results": [
        -2.345,
        -7.301,
        -6.315,
        -6.481
    ],
    "iterations": "9"
}