{
    "clk_freq": 1536000,
    "input_freq0": 66,
    "freq0": 66.14231401221625,
    "lf": 4,
    "lp": 230,
    "chosen_bias": [
        -1.806,
        -7.096,
        -6.559,
        -6.829
    ],
    "chosen_weights": [
        13.647,
        10.327,
        14.307,
        13.485,
        13.385
    ],
    "mse": [
        73.15327407146629,
        30.05373173737018,
        26.3895881006865,
        8.31614152437951,
        34.47818385847562
    ],
    "mse_mean": 34.47818385847562,
    "weight_results": [
        14.764,
        10.93,
        14.252,
        12.492,
        12.744
    ],
    "theta_results": [
        -2.011,
        -7.097,
        -6.242,
        -6.289
    ],
    "iterations": "49"
}