{
    "clk_freq": 1536000,
    "input_freq0": 67,
    "freq0": 67.01260761764014,
    "lf": 4,
    "lp": 227,
    "chosen_bias": [
        -1.458,
        -7.109,
        -6.571,
        -6.841
    ],
    "chosen_weights": [
        14.667,
        11.492,
        13.857,
        12.942,
        13.647
    ],
    "mse": [
        106.94853498639789,
        23.547607367435223,
        80.97301877536458,
        75.00414752709271,
        71.6183271640726
    ],
    "mse_mean": 71.6183271640726,
    "weight_results": [
        13.647,
        10.327,
        14.307,
        13.485,
        13.385
    ],
    "theta_results": [
        -1.806,
        -7.096,
        -6.559,
        -6.829
    ],
    "iterations": "26"
}