{
    "clk_freq": 1536000,
    "input_freq0": 74,
    "freq0": 74.16929386806774,
    "lf": 4,
    "lp": 205,
    "chosen_bias": [
        -2.1,
        -6.827,
        -6.712,
        -6.51
    ],
    "chosen_weights": [
        20.303,
        15.349,
        14.156,
        13.766,
        13.136
    ],
    "mse": [
        92.32155756766117,
        33.996437583494135,
        148.27104052248777,
        346.1290881203305,
        155.17953094849338
    ],
    "mse_mean": 155.17953094849338,
    "weight_results": [
        20.303,
        15.349,
        14.156,
        13.766,
        13.136
    ],
    "theta_results": [
        -2.1,
        -6.827,
        -6.713,
        -6.512
    ],
    "iterations": "2"
}