{
    "clk_freq": 1536000,
    "input_freq0": 76,
    "freq0": 76.01430117821867,
    "lf": 4,
    "lp": 200,
    "chosen_bias": [
        -2.664,
        -7.836,
        -7.661,
        -7.215
    ],
    "chosen_weights": [
        18.075,
        12.943,
        15.851,
        15.332,
        14.544
    ],
    "mse": [
        19.877816115283135,
        30.875025370407958,
        11.53587375685001,
        14.314237872944997,
        19.150738278871525
    ],
    "mse_mean": 19.150738278871525,
    "weight_results": [
        19.343,
        14.093,
        15.141,
        14.212,
        13.944
    ],
    "theta_results": [
        -2.527,
        -7.502,
        -7.138,
        -6.972
    ],
    "iterations": "39"
}