{
    "clk_freq": 1536000,
    "input_freq0": 79,
    "freq0": 79.16515304052825,
    "lf": 4,
    "lp": 192,
    "chosen_bias": [
        -2.123,
        -7.442,
        -8.187,
        -8.014
    ],
    "chosen_weights": [
        18.013,
        13.72,
        14.973,
        16.46,
        16.173
    ],
    "mse": [
        62.178269149386374,
        43.03136902242912,
        7.479581041049514,
        10.750158696572154,
        30.859844477359292
    ],
    "mse_mean": 30.859844477359292,
    "weight_results": [
        17.646,
        12.944,
        15.485,
        16.604,
        15.105
    ],
    "theta_results": [
        -2.351,
        -7.697,
        -8.215,
        -7.54
    ],
    "iterations": "34"
}