{
    "clk_freq": 1536000,
    "input_freq0": 81,
    "freq0": 81.27060923841464,
    "lf": 4,
    "lp": 187,
    "chosen_bias": [
        -2.538,
        -8.039,
        -8.185,
        -7.864
    ],
    "chosen_weights": [
        18.86,
        13.852,
        16.259,
        16.321,
        15.813
    ],
    "mse": [
        62.425194282919406,
        81.23748709309277,
        76.77794685071464,
        37.68773436226292,
        64.53209064724744
    ],
    "mse_mean": 64.53209064724744,
    "weight_results": [
        17.91,
        14.017,
        15.01,
        16.466,
        16.405
    ],
    "theta_results": [
        -2.124,
        -7.443,
        -8.187,
        -8.013
    ],
    "iterations": "12"
}