{
    "clk_freq": 1536000,
    "input_freq0": 83,
    "freq0": 83.03736161316279,
    "lf": 4,
    "lp": 183,
    "chosen_bias": [
        -2.538,
        -7.325,
        -7.946,
        -8.853
    ],
    "chosen_weights": [
        21.506,
        15.756,
        14.819,
        15.851,
        17.436
    ],
    "mse": [
        119.25184732485138,
        19.93655203066837,
        25.73465192510695,
        79.03555753097395,
        60.98965220290016
    ],
    "mse_mean": 60.98965220290016,
    "weight_results": [
        20.822,
        16.126,
        14.262,
        15.655,
        17.573
    ],
    "theta_results": [
        -2.541,
        -7.328,
        -7.949,
        -8.854
    ],
    "iterations": "14"
}