{
    "clk_freq": 1536000,
    "input_freq0": 87,
    "freq0": 87.30785449612546,
    "lf": 4,
    "lp": 174,
    "chosen_bias": [
        -2.144,
        -8.859,
        -8.99,
        -8.747
    ],
    "chosen_weights": [
        18.526,
        14.277,
        17.641,
        18.167,
        17.425
    ],
    "mse": [
        31.42757692757693,
        65.08576108576109,
        74.28068328068328,
        83.93974493974494,
        63.683441558441565
    ],
    "mse_mean": 63.683441558441565,
    "weight_results": [
        21.719,
        14.129,
        18.742,
        17.099,
        16.313
    ],
    "theta_results": [
        -4.026,
        -9.325,
        -8.459,
        -8.083
    ],
    "iterations": "168"
}