{
    "clk_freq": 1536000,
    "input_freq0": 88,
    "freq0": 88.31719385446216,
    "lf": 4,
    "lp": 172,
    "chosen_bias": [
        -1.931,
        -8.706,
        -8.89,
        -9.042
    ],
    "chosen_weights": [
        19.112,
        14.838,
        17.164,
        17.909,
        17.914
    ],
    "mse": [
        27.700645237672408,
        36.08749186053395,
        57.20517374060262,
        78.54703131474575,
        49.88508553838868
    ],
    "mse_mean": 49.88508553838868,
    "weight_results": [
        18.526,
        14.277,
        17.641,
        18.167,
        17.425
    ],
    "theta_results": [
        -2.144,
        -8.859,
        -8.99,
        -8.747
    ],
    "iterations": "32"
}