{
    "clk_freq": 1536000,
    "input_freq0": 89,
    "freq0": 89.35014349018687,
    "lf": 4,
    "lp": 170,
    "chosen_bias": [
        -2.113,
        -8.982,
        -8.803,
        -8.984
    ],
    "chosen_weights": [
        19.572,
        15.247,
        17.858,
        17.907,
        17.915
    ],
    "mse": [
        128.06344356578,
        128.2738437574886,
        87.94356578001438,
        58.81709801102325,
        100.77448777857656
    ],
    "mse_mean": 100.77448777857656,
    "weight_results": [
        19.112,
        14.838,
        17.164,
        17.909,
        17.914
    ],
    "theta_results": [
        -1.931,
        -8.706,
        -8.89,
        -9.042
    ],
    "iterations": "8"
}