{
    "clk_freq": 1536000,
    "input_freq0": 90,
    "freq0": 90.40754163799971,
    "lf": 4,
    "lp": 168,
    "chosen_bias": [
        -2.379,
        -9.244,
        -8.691,
        -8.912
    ],
    "chosen_weights": [
        20.688,
        15.664,
        18.325,
        17.551,
        17.866
    ],
    "mse": [
        15.659329331150325,
        32.74986356194288,
        44.70456612697835,
        65.1443211448669,
        39.564520041234616
    ],
    "mse_mean": 39.564520041234616,
    "weight_results": [
        19.572,
        15.247,
        17.858,
        17.907,
        17.915
    ],
    "theta_results": [
        -2.113,
        -8.982,
        -8.803,
        -8.984
    ],
    "iterations": "64"
}