{
    "clk_freq": 1536000,
    "input_freq0": 91,
    "freq0": 91.4902666875566,
    "lf": 4,
    "lp": 166,
    "chosen_bias": [
        -2.431,
        -9.05,
        -9.005,
        -8.726
    ],
    "chosen_weights": [
        20.859,
        16.269,
        17.951,
        18.168,
        17.541
    ],
    "mse": [
        89.81927562922039,
        48.85966850828729,
        53.88453038674033,
        80.6707796193984,
        68.3085635359116
    ],
    "mse_mean": 68.3085635359116,
    "weight_results": [
        20.688,
        15.664,
        18.325,
        17.551,
        17.866
    ],
    "theta_results": [
        -2.379,
        -9.244,
        -8.691,
        -8.912
    ],
    "iterations": "12"
}