{
    "clk_freq": 1536000,
    "input_freq0": 94,
    "freq0": 94.3140403507528,
    "lf": 4,
    "lp": 161,
    "chosen_bias": [
        -2.804,
        -9.43,
        -9.342,
        -9.256
    ],
    "chosen_weights": [
        21.797,
        16.375,
        18.959,
        18.54,
        18.538
    ],
    "mse": [
        29.396376995186216,
        22.186090701798836,
        43.85736002026856,
        21.888966303521663,
        29.332198505193816
    ],
    "mse_mean": 29.332198505193816,
    "weight_results": [
        21.915,
        16.963,
        18.126,
        17.553,
        18.886
    ],
    "theta_results": [
        -2.542,
        -9.003,
        -8.841,
        -9.443
    ],
    "iterations": "32"
}