{
    "clk_freq": 1536000,
    "input_freq0": 96,
    "freq0": 96.09355054605001,
    "lf": 4,
    "lp": 158,
    "chosen_bias": [
        -2.874,
        -9.884,
        -9.75,
        -9.763
    ],
    "chosen_weights": [
        21.391,
        15.54,
        19.713,
        19.513,
        19.466
    ],
    "mse": [
        129.14128890610874,
        91.6785483662663,
        45.28503164148263,
        26.53183520599251,
        73.15917602996255
    ],
    "mse_mean": 73.15917602996255,
    "weight_results": [
        21.551,
        15.761,
        18.866,
        19.446,
        19.352
    ],
    "theta_results": [
        -3.003,
        -9.549,
        -9.795,
        -9.763
    ],
    "iterations": "6"
}