{
    "clk_freq": 1536000,
    "input_freq0": 98,
    "freq0": 98.57338410852873,
    "lf": 4,
    "lp": 154,
    "chosen_bias": [
        -2.581,
        -9.934,
        -10.257,
        -9.852
    ],
    "chosen_weights": [
        20.591,
        15.903,
        19.864,
        20.538,
        19.693
    ],
    "mse": [
        33.21778042959427,
        42.73156987536463,
        42.79939008220631,
        49.113564041368335,
        41.96557610713339
    ],
    "mse_mean": 41.96557610713339,
    "weight_results": [
        21.947,
        16.219,
        20.465,
        19.194,
        19.248
    ],
    "theta_results": [
        -3.142,
        -10.203,
        -9.525,
        -9.574
    ],
    "iterations": "38"
}