{
    "clk_freq": 15360,
    "input_freq": 1.67,
    "freq0": 1.6789972018485662,
    "lf": 4,
    "lp": 90,
    "chosen_bias": [
        -8.041,
        -16.119,
        -16.712,
        -17.311
    ],
    "chosen_weights": [
        43.739,
        27.841,
        32.505,
        33.351,
        34.571
    ],
    "converted_from_freq": 16.7,
    "mse": [
        47.09156069364162,
        41.96578034682081,
        53.388670520231216,
        99.14173410404624,
        60.39693641618497
    ],
    "mse_mean": 60.39693641618497,
    "weight_results": [
        44.049,
        28.486,
        32.454,
        32.734,
        33.232
    ],
    "theta_results": [
        -7.916,
        -16.109,
        -16.417,
        -16.634
    ],
    "iterations": "170"
}