{
    "clk_freq": 15360,
    "input_freq": 1.57,
    "freq0": 1.5751417048270056,
    "lf": 4,
    "lp": 96,
    "chosen_bias": [
        -7.437,
        -15.228,
        -15.677,
        -15.813
    ],
    "chosen_weights": [
        40.229,
        25.593,
        30.796,
        31.192,
        31.567
    ],
    "converted_from_freq": 15.7,
    "mse": [
        75.81822111747542,
        55.54274289419648,
        35.82589430454988,
        30.461580028098997,
        49.4121095860802
    ],
    "mse_mean": 49.4121095860802,
    "weight_results": [
        40.221,
        25.592,
        30.794,
        31.196,
        31.57
    ],
    "theta_results": [
        -7.437,
        -15.231,
        -15.68,
        -15.814
    ],
    "iterations": "38"
}