{
    "clk_freq": 15360,
    "input_freq": 1.36,
    "freq0": 1.36418522650196,
    "lf": 4,
    "lp": 111,
    "chosen_bias": [
        -6.051,
        -13.492,
        -13.511,
        -13.566
    ],
    "chosen_weights": [
        34.496,
        22.671,
        27.3,
        27.009,
        27.182
    ],
    "converted_from_freq": 13.6,
    "mse": [
        65.94210575225351,
        46.61286125824738,
        32.44252392900288,
        21.781897593160487,
        41.694847133166064
    ],
    "mse_mean": 41.694847133166064,
    "weight_results": [
        34.829,
        23.041,
        26.85,
        26.331,
        26.869
    ],
    "theta_results": [
        -6.004,
        -13.341,
        -13.26,
        -13.431
    ],
    "iterations": "436"
}