{
    "clk_freq": 15360,
    "input_freq": 1.83,
    "freq0": 1.8408282574484278,
    "lf": 4,
    "lp": 82,
    "chosen_bias": [
        -8.972,
        -17.587,
        -18.021,
        -18.659
    ],
    "chosen_weights": [
        48.703,
        30.86,
        35.324,
        35.86,
        37.195
    ],
    "converted_from_freq": 18.3,
    "mse": [
        51.32946724445577,
        37.64364007137395,
        24.057608972724957,
        32.05505990313536,
        36.271444047922515
    ],
    "mse_mean": 36.271444047922515,
    "weight_results": [
        48.702,
        30.859,
        35.324,
        35.862,
        37.195
    ],
    "theta_results": [
        -8.972,
        -17.588,
        -18.022,
        -18.659
    ],
    "iterations": "10"
}