{
    "clk_freq": 15360,
    "input_freq": 1.73,
    "freq0": 1.7362357428206767,
    "lf": 4,
    "lp": 87,
    "chosen_bias": [
        -8.206,
        -16.51,
        -17.226,
        -17.867
    ],
    "chosen_weights": [
        45.692,
        29.671,
        33.135,
        34.18,
        35.593
    ],
    "converted_from_freq": 17.3,
    "mse": [
        23.63967417345472,
        41.69226161954959,
        67.33984187829421,
        88.82582654528031,
        55.374401054144705
    ],
    "mse_mean": 55.37440105414471,
    "weight_results": [
        45.691,
        29.671,
        33.135,
        34.18,
        35.594
    ],
    "theta_results": [
        -8.206,
        -16.511,
        -17.226,
        -17.867
    ],
    "iterations": "10"
}