{
    "clk_freq": 15360,
    "input_freq": 1.65,
    "freq0": 1.660747232263256,
    "lf": 4,
    "lp": 91,
    "chosen_bias": [
        -7.84,
        -15.746,
        -16.414,
        -17.085
    ],
    "chosen_weights": [
        43.017,
        27.487,
        31.616,
        32.608,
        34.029
    ],
    "converted_from_freq": 16.5,
    "mse": [
        184.8208,
        191.61337142857144,
        151.94491428571428,
        92.79485714285714,
        155.2934857142857
    ],
    "mse_mean": 155.2934857142857,
    "weight_results": [
        43.385,
        27.855,
        31.998,
        32.91,
        34.213
    ],
    "theta_results": [
        -8.024,
        -15.937,
        -16.565,
        -17.177
    ],
    "iterations": "2"
}