{
    "clk_freq": 15360,
    "input_freq": 1.17,
    "freq0": 1.1752980412939964,
    "lf": 4,
    "lp": 129,
    "chosen_bias": [
        -3.383,
        -11.206,
        -11.707,
        -11.549
    ],
    "chosen_weights": [
        25.881,
        20.491,
        22.685,
        23.227,
        23.077
    ],
    "converted_from_freq": 11.7,
    "mse": [
        54.8459152016546,
        40.483334659136105,
        104.45668602338716,
        176.2909871927452,
        94.01923076923077
    ],
    "mse_mean": 94.01923076923077,
    "weight_results": [
        25.881,
        20.491,
        22.685,
        23.227,
        23.077
    ],
    "theta_results": [
        -3.383,
        -11.206,
        -11.707,
        -11.548
    ],
    "iterations": "2"
}