{
    "clk_freq": 15360,
    "input_freq": 1.04,
    "freq0": 1.046498255946709,
    "lf": 4,
    "lp": 145,
    "chosen_bias": [
        -3.512,
        -9.747,
        -9.382,
        -10.468
    ],
    "chosen_weights": [
        27.533,
        20.43,
        19.662,
        18.7,
        20.884
    ],
    "converted_from_freq": 10.4,
    "mse": [
        156.72120741942308,
        128.83151139008393,
        59.57902531913393,
        93.58523168065449,
        109.67924395232387
    ],
    "mse_mean": 109.67924395232387,
    "weight_results": [
        26.909,
        19.806,
        19.74,
        19.396,
        21.49
    ],
    "theta_results": [
        -3.2,
        -9.786,
        -9.73,
        -10.771
    ],
    "iterations": "2"
}