{
    "clk_freq": 15360,
    "input_freq": 1.34,
    "freq0": 1.340252152352803,
    "lf": 4,
    "lp": 113,
    "chosen_bias": [
        -5.852,
        -13.168,
        -13.369,
        -13.346
    ],
    "chosen_weights": [
        33.902,
        22.479,
        26.528,
        26.629,
        26.716
    ],
    "converted_from_freq": 13.4,
    "mse": [
        26.847929209998174,
        31.97710271848203,
        58.64449917898194,
        81.66018974639664,
        49.78243021346469
    ],
    "mse_mean": 49.78243021346469,
    "weight_results": [
        33.909,
        22.471,
        26.526,
        26.632,
        26.715
    ],
    "theta_results": [
        -5.851,
        -13.169,
        -13.37,
        -13.346
    ],
    "iterations": "33"
}