{
    "clk_freq": 15360,
    "input_freq": 1.56,
    "freq0": 1.5751417048270056,
    "lf": 4,
    "lp": 96,
    "chosen_bias": [
        -7.373,
        -15.144,
        -15.505,
        -15.899
    ],
    "chosen_weights": [
        40.369,
        25.843,
        30.651,
        30.867,
        31.744
    ],
    "converted_from_freq": 15.6,
    "mse": [
        75.54771425483627,
        55.90132929860586,
        36.40840808386469,
        28.56900464714147,
        49.10661407111207
    ],
    "mse_mean": 49.10661407111207,
    "weight_results": [
        40.364,
        25.839,
        30.658,
        30.867,
        31.744
    ],
    "theta_results": [
        -7.373,
        -15.147,
        -15.508,
        -15.9
    ],
    "iterations": "36"
}