{
    "clk_freq": 15360,
    "input_freq": 1.63,
    "freq0": 1.6428897351421456,
    "lf": 4,
    "lp": 92,
    "chosen_bias": [
        -7.84,
        -15.628,
        -16.264,
        -16.938
    ],
    "chosen_weights": [
        42.317,
        26.795,
        31.495,
        32.302,
        33.782
    ],
    "converted_from_freq": 16.3,
    "mse": [
        29.669528866794714,
        41.799570669980795,
        72.43362331939893,
        108.82566941588522,
        63.18209806801491
    ],
    "mse_mean": 63.18209806801491,
    "weight_results": [
        42.775,
        27.147,
        31.885,
        32.647,
        33.992
    ],
    "theta_results": [
        -8.046,
        -15.844,
        -16.434,
        -17.034
    ],
    "iterations": "281"
}