{
    "clk_freq": 15360,
    "input_freq": 1.64,
    "freq0": 1.6428897351421456,
    "lf": 4,
    "lp": 92,
    "chosen_bias": [
        -7.84,
        -15.63,
        -16.266,
        -16.939
    ],
    "chosen_weights": [
        42.433,
        26.825,
        31.455,
        32.333,
        33.761
    ],
    "converted_from_freq": 16.4,
    "mse": [
        24.453621059767258,
        36.728279290475655,
        63.30550220314089,
        95.7439837306519,
        55.05784657100892
    ],
    "mse_mean": 55.057846571008916,
    "weight_results": [
        42.853,
        27.198,
        31.82,
        32.645,
        33.94
    ],
    "theta_results": [
        -8.04,
        -15.842,
        -16.431,
        -17.029
    ],
    "iterations": "262"
}