{
    "clk_freq": 15360,
    "input_freq": 1.92,
    "freq0": 1.9340347514964495,
    "lf": 4,
    "lp": 78,
    "chosen_bias": [
        -8.653,
        -17.76,
        -18.598,
        -19.427
    ],
    "chosen_weights": [
        51.86,
        34.551,
        35.711,
        36.941,
        38.765
    ],
    "converted_from_freq": 19.2,
    "mse": [
        62.167674324869004,
        51.21604191858122,
        33.82963858659143,
        18.145505844417574,
        41.33971516861481
    ],
    "mse_mean": 41.33971516861481,
    "weight_results": [
        51.86,
        34.551,
        35.713,
        36.94,
        38.766
    ],
    "theta_results": [
        -8.653,
        -17.762,
        -18.6,
        -19.428
    ],
    "iterations": "13"
}