{
    "clk_freq": 15360,
    "input_freq": 1.76,
    "freq0": 1.776613318235111,
    "lf": 4,
    "lp": 85,
    "chosen_bias": [
        -8.682,
        -17.339,
        -17.833,
        -17.968
    ],
    "chosen_weights": [
        45.0,
        28.109,
        35.193,
        35.525,
        35.763
    ],
    "converted_from_freq": 17.6,
    "mse": [
        78.82582545722352,
        51.76089358045906,
        35.45157726770591,
        40.79378912483123,
        51.70802135755493
    ],
    "mse_mean": 51.70802135755493,
    "weight_results": [
        44.997,
        28.106,
        35.19,
        35.522,
        35.769
    ],
    "theta_results": [
        -8.681,
        -17.341,
        -17.836,
        -17.969
    ],
    "iterations": "29"
}