{
    "clk_freq": 15360,
    "input_freq": 1.94,
    "freq0": 1.9588300688233273,
    "lf": 4,
    "lp": 77,
    "chosen_bias": [
        -9.47,
        -18.611,
        -19.13,
        -20.124
    ],
    "chosen_weights": [
        52.582,
        33.72,
        37.35,
        38.228,
        40.054
    ],
    "converted_from_freq": 19.4,
    "mse": [
        57.18725316628081,
        42.50960098052567,
        27.534658858777068,
        23.409778019882882,
        37.66032275636661
    ],
    "mse_mean": 37.66032275636661,
    "weight_results": [
        51.496,
        33.479,
        36.671,
        37.989,
        39.925
    ],
    "theta_results": [
        -9.07,
        -18.382,
        -19.118,
        -20.005
    ],
    "iterations": "223"
}