{
    "clk_freq": 15360,
    "input_freq": 1.85,
    "freq0": 1.8632773825392628,
    "lf": 4,
    "lp": 81,
    "chosen_bias": [
        -8.972,
        -17.616,
        -18.192,
        -18.822
    ],
    "chosen_weights": [
        49.581,
        31.698,
        35.386,
        36.194,
        37.558
    ],
    "converted_from_freq": 18.5,
    "mse": [
        21.46494512588767,
        37.23576500968367,
        64.24080051646223,
        81.35145255003228,
        51.07324080051646
    ],
    "mse_mean": 51.07324080051646,
    "weight_results": [
        49.982,
        32.015,
        35.738,
        36.565,
        37.886
    ],
    "theta_results": [
        -9.163,
        -17.849,
        -18.399,
        -18.96
    ],
    "iterations": "19"
}