{
    "clk_freq": 15360,
    "input_freq": 1.86,
    "freq0": 1.8632773825392628,
    "lf": 4,
    "lp": 81,
    "chosen_bias": [
        -8.972,
        -17.611,
        -18.187,
        -18.819
    ],
    "chosen_weights": [
        49.656,
        31.772,
        35.383,
        36.183,
        37.51
    ],
    "converted_from_freq": 18.6,
    "mse": [
        23.67359586830213,
        37.77366042608134,
        63.1234344738541,
        81.91052291801162,
        51.6203034215623
    ],
    "mse_mean": 51.6203034215623,
    "weight_results": [
        50.025,
        32.137,
        35.767,
        36.514,
        37.759
    ],
    "theta_results": [
        -9.156,
        -17.806,
        -18.355,
        -18.942
    ],
    "iterations": "26"
}