{
    "clk_freq": 15360,
    "input_freq": 1.52,
    "freq0": 1.5278874536821951,
    "lf": 4,
    "lp": 99,
    "chosen_bias": [
        -6.44,
        -14.567,
        -15.101,
        -15.866
    ],
    "chosen_weights": [
        37.265,
        24.669,
        29.473,
        30.137,
        31.749
    ],
    "converted_from_freq": 15.2,
    "mse": [
        33.16493982208268,
        15.239141810570382,
        5.385975928833072,
        20.066771323914182,
        18.46420722135008
    ],
    "mse_mean": 18.46420722135008,
    "weight_results": [
        37.265,
        24.669,
        29.473,
        30.137,
        31.749
    ],
    "theta_results": [
        -6.44,
        -14.567,
        -15.101,
        -15.866
    ],
    "iterations": "2"
}