{
    "clk_freq": 15360,
    "input_freq": 1.95,
    "freq0": 1.9588300688233273,
    "lf": 4,
    "lp": 77,
    "chosen_bias": [
        -9.469,
        -18.608,
        -19.129,
        -20.123
    ],
    "chosen_weights": [
        52.595,
        33.734,
        37.345,
        38.188,
        40.06
    ],
    "converted_from_freq": 19.5,
    "mse": [
        59.93313359662263,
        44.95342503064143,
        29.6683916655318,
        24.601797630396295,
        39.78918698079804
    ],
    "mse_mean": 39.78918698079804,
    "weight_results": [
        51.535,
        33.512,
        36.678,
        37.982,
        39.883
    ],
    "theta_results": [
        -9.074,
        -18.386,
        -19.113,
        -19.981
    ],
    "iterations": "154"
}