{
    "clk_freq": 15360,
    "input_freq": 1.69,
    "freq0": 1.6976527263135504,
    "lf": 4,
    "lp": 89,
    "chosen_bias": [
        -7.992,
        -16.039,
        -16.714,
        -17.401
    ],
    "chosen_weights": [
        44.011,
        28.368,
        32.333,
        33.157,
        34.593
    ],
    "converted_from_freq": 16.9,
    "mse": [
        51.83214411042227,
        41.28681717159902,
        23.4736226459235,
        28.63598081646976,
        36.307141186103635
    ],
    "mse_mean": 36.307141186103635,
    "weight_results": [
        44.011,
        28.368,
        32.333,
        33.157,
        34.593
    ],
    "theta_results": [
        -7.992,
        -16.039,
        -16.714,
        -17.401
    ],
    "iterations": "2"
}