{
    "clk_freq": 15360,
    "input_freq": 1.75,
    "freq0": 1.7561924754967764,
    "lf": 4,
    "lp": 86,
    "chosen_bias": [
        -8.174,
        -16.739,
        -17.183,
        -17.634
    ],
    "chosen_weights": [
        46.134,
        29.907,
        33.567,
        34.079,
        35.198
    ],
    "converted_from_freq": 17.5,
    "mse": [
        51.815227934044614,
        38.47272065955383,
        22.75715324927255,
        21.692895247332686,
        33.68449927255092
    ],
    "mse_mean": 33.68449927255092,
    "weight_results": [
        46.136,
        29.909,
        33.565,
        34.081,
        35.198
    ],
    "theta_results": [
        -8.174,
        -16.74,
        -17.184,
        -17.634
    ],
    "iterations": "14"
}