{
    "clk_freq": 15360,
    "input_freq": 1.82,
    "freq0": 1.8408282574484278,
    "lf": 4,
    "lp": 82,
    "chosen_bias": [
        -8.972,
        -17.587,
        -18.02,
        -18.659
    ],
    "chosen_weights": [
        48.693,
        30.852,
        35.322,
        35.851,
        37.192
    ],
    "converted_from_freq": 18.2,
    "mse": [
        52.333035941881214,
        38.88554677542697,
        24.571119041549835,
        30.86171297476421,
        36.66285368340556
    ],
    "mse_mean": 36.66285368340556,
    "weight_results": [
        48.692,
        30.853,
        35.321,
        35.851,
        37.192
    ],
    "theta_results": [
        -8.972,
        -17.588,
        -18.021,
        -18.659
    ],
    "iterations": "7"
}