{
    "clk_freq": 15360,
    "input_freq": 1.96,
    "freq0": 1.9842694203664875,
    "lf": 4,
    "lp": 76,
    "chosen_bias": [
        -9.273,
        -18.323,
        -19.109,
        -20.156
    ],
    "chosen_weights": [
        53.312,
        34.775,
        36.844,
        38.003,
        40.199
    ],
    "converted_from_freq": 19.6,
    "mse": [
        62.437033968516985,
        49.25006904170119,
        32.63228389947528,
        20.95084230875449,
        41.31755730461199
    ],
    "mse_mean": 41.31755730461199,
    "weight_results": [
        53.314,
        34.775,
        36.843,
        38.004,
        40.201
    ],
    "theta_results": [
        -9.273,
        -18.324,
        -19.11,
        -20.157
    ],
    "iterations": "10"
}