{
    "clk_freq": 15360,
    "input_freq": 1.87,
    "freq0": 1.886280807015056,
    "lf": 4,
    "lp": 80,
    "chosen_bias": [
        -9.171,
        -17.86,
        -18.554,
        -19.132
    ],
    "chosen_weights": [
        50.957,
        32.997,
        35.851,
        36.909,
        38.158
    ],
    "converted_from_freq": 18.7,
    "mse": [
        21.378809679529105,
        39.55905820797907,
        66.74571615434925,
        85.31379986919555,
        53.24934597776324
    ],
    "mse_mean": 53.24934597776324,
    "weight_results": [
        50.957,
        32.995,
        35.847,
        36.908,
        38.157
    ],
    "theta_results": [
        -9.171,
        -17.861,
        -18.555,
        -19.132
    ],
    "iterations": "21"
}