{
    "clk_freq": 15360,
    "input_freq": 1.55,
    "freq0": 1.5590688302879545,
    "lf": 4,
    "lp": 97,
    "chosen_bias": [
        -7.359,
        -15.193,
        -15.615,
        -16.649
    ],
    "chosen_weights": [
        39.232,
        24.705,
        30.378,
        31.176,
        33.208
    ],
    "converted_from_freq": 15.5,
    "mse": [
        55.80350652127432,
        39.25304682488775,
        28.515501389779775,
        36.281056232627755,
        39.9632777421424
    ],
    "mse_mean": 39.9632777421424,
    "weight_results": [
        39.805,
        25.387,
        30.744,
        30.583,
        31.342
    ],
    "theta_results": [
        -7.343,
        -15.361,
        -15.444,
        -15.691
    ],
    "iterations": "575"
}