{
    "clk_freq": 15360,
    "input_freq": 1.89,
    "freq0": 1.909859317102744,
    "lf": 4,
    "lp": 79,
    "chosen_bias": [
        -8.972,
        -17.667,
        -18.538,
        -19.149
    ],
    "chosen_weights": [
        51.552,
        33.657,
        35.511,
        36.892,
        38.165
    ],
    "converted_from_freq": 18.9,
    "mse": [
        61.07847295864263,
        42.157078472958645,
        26.203870625662777,
        20.633748674443265,
        37.51829268292683
    ],
    "mse_mean": 37.51829268292683,
    "weight_results": [
        51.55,
        33.657,
        35.511,
        36.893,
        38.166
    ],
    "theta_results": [
        -8.972,
        -17.668,
        -18.54,
        -19.15
    ],
    "iterations": "11"
}