{
    "clk_freq": 15360,
    "input_freq": 1.93,
    "freq0": 1.9340347514964495,
    "lf": 4,
    "lp": 78,
    "chosen_bias": [
        -8.611,
        -17.825,
        -18.558,
        -19.235
    ],
    "chosen_weights": [
        51.979,
        34.763,
        35.839,
        36.885,
        38.395
    ],
    "converted_from_freq": 19.3,
    "mse": [
        66.01907832863093,
        53.897621926642486,
        36.85946526938063,
        20.661695552868466,
        44.35946526938062
    ],
    "mse_mean": 44.35946526938062,
    "weight_results": [
        51.983,
        34.775,
        35.834,
        36.887,
        38.395
    ],
    "theta_results": [
        -8.611,
        -17.836,
        -18.569,
        -19.24
    ],
    "iterations": "89"
}