{
    "clk_freq": 15360,
    "input_freq": 1.91,
    "freq0": 1.9340347514964495,
    "lf": 4,
    "lp": 78,
    "chosen_bias": [
        -8.659,
        -17.771,
        -18.604,
        -19.4
    ],
    "chosen_weights": [
        51.878,
        34.603,
        35.712,
        36.888,
        38.741
    ],
    "converted_from_freq": 19.1,
    "mse": [
        63.92516458417305,
        53.609834744054815,
        36.11715706032514,
        19.38976219266425,
        43.260479645304315
    ],
    "mse_mean": 43.260479645304315,
    "weight_results": [
        51.881,
        34.602,
        35.71,
        36.888,
        38.743
    ],
    "theta_results": [
        -8.659,
        -17.773,
        -18.606,
        -19.401
    ],
    "iterations": "14"
}