{
    "clk_freq": 15360,
    "input_freq": 1.74,
    "freq0": 1.7561924754967764,
    "lf": 4,
    "lp": 86,
    "chosen_bias": [
        -7.755,
        -16.206,
        -17.104,
        -17.593
    ],
    "chosen_weights": [
        46.467,
        31.119,
        32.549,
        33.876,
        35.101
    ],
    "converted_from_freq": 17.4,
    "mse": [
        53.870392822502424,
        43.00060620756547,
        25.930649854510186,
        16.299951503394762,
        34.77540009699321
    ],
    "mse_mean": 34.77540009699321,
    "weight_results": [
        46.467,
        31.12,
        32.549,
        33.876,
        35.1
    ],
    "theta_results": [
        -7.755,
        -16.207,
        -17.104,
        -17.593
    ],
    "iterations": "6"
}