{
    "clk_freq": 15360,
    "input_freq": 1.99,
    "freq0": 2.0103782285292042,
    "lf": 4,
    "lp": 75,
    "chosen_bias": [
        -9.273,
        -18.531,
        -19.3,
        -20.336
    ],
    "chosen_weights": [
        54.123,
        35.546,
        37.251,
        38.434,
        40.519
    ],
    "converted_from_freq": 19.9,
    "mse": [
        65.47059647157658,
        52.929991598991876,
        36.46009521142537,
        21.01232147857743,
        43.968251190142816
    ],
    "mse_mean": 43.968251190142816,
    "weight_results": [
        54.124,
        35.546,
        37.248,
        38.434,
        40.518
    ],
    "theta_results": [
        -9.273,
        -18.533,
        -19.302,
        -20.337
    ],
    "iterations": "12"
}