{
    "clk_freq": 15360,
    "input_freq": 2.32,
    "freq0": 2.350596082587993,
    "lf": 4,
    "lp": 64,
    "chosen_bias": [
        -9.69,
        -20.886,
        -21.742,
        -22.793
    ],
    "chosen_weights": [
        66.144,
        46.629,
        41.98,
        43.307,
        45.488
    ],
    "converted_from_freq": 23.2,
    "mse": [
        79.07836315440689,
        44.786282306163024,
        37.772531477799866,
        24.963055003313453,
        46.65005798542081
    ],
    "mse_mean": 46.65005798542081,
    "weight_results": [
        66.144,
        46.629,
        41.98,
        43.307,
        45.488
    ],
    "theta_results": [
        -9.69,
        -20.887,
        -21.743,
        -22.793
    ],
    "iterations": "4"
}