{
    "clk_freq": 15360,
    "input_freq": 2.73,
    "freq0": 2.777977188513082,
    "lf": 4,
    "lp": 54,
    "chosen_bias": [
        -11.288,
        -24.337,
        -25.965,
        -27.033
    ],
    "chosen_weights": [
        78.061,
        55.404,
        48.868,
        51.521,
        53.907
    ],
    "converted_from_freq": 27.3,
    "mse": [
        75.6350626118068,
        47.76068376068376,
        39.86364539852912,
        26.82448817332538,
        47.52096998608627
    ],
    "mse_mean": 47.52096998608627,
    "weight_results": [
        78.059,
        55.404,
        48.868,
        51.521,
        53.907
    ],
    "theta_results": [
        -11.288,
        -24.34,
        -25.968,
        -27.034
    ],
    "iterations": "12"
}