{
    "clk_freq": 15360,
    "input_freq": 2.34,
    "freq0": 2.350596082587993,
    "lf": 4,
    "lp": 64,
    "chosen_bias": [
        -9.521,
        -20.925,
        -21.789,
        -22.816
    ],
    "chosen_weights": [
        65.699,
        46.481,
        41.943,
        43.39,
        45.522
    ],
    "converted_from_freq": 23.4,
    "mse": [
        82.18638170974155,
        51.989562624254475,
        45.40904572564612,
        30.910536779324055,
        52.62388170974155
    ],
    "mse_mean": 52.62388170974155,
    "weight_results": [
        65.697,
        46.485,
        41.944,
        43.39,
        45.521
    ],
    "theta_results": [
        -9.521,
        -20.931,
        -21.796,
        -22.819
    ],
    "iterations": "34"
}