{
    "clk_freq": 15360,
    "input_freq": 2.23,
    "freq0": 2.2468933142385223,
    "lf": 4,
    "lp": 67,
    "chosen_bias": [
        -10.196,
        -20.67,
        -21.175,
        -21.727
    ],
    "chosen_weights": [
        62.919,
        42.452,
        41.436,
        42.242,
        43.346
    ],
    "converted_from_freq": 22.3,
    "mse": [
        81.39476175449668,
        46.62669611864941,
        30.587409277374565,
        17.869832754812244,
        44.11967497633323
    ],
    "mse_mean": 44.11967497633323,
    "weight_results": [
        62.92,
        42.452,
        41.438,
        42.241,
        43.345
    ],
    "theta_results": [
        -10.196,
        -20.671,
        -21.177,
        -21.728
    ],
    "iterations": "9"
}