{
    "clk_freq": 15360,
    "input_freq": 2.57,
    "freq0": 2.5896397520037207,
    "lf": 4,
    "lp": 58,
    "chosen_bias": [
        -12.083,
        -23.823,
        -24.733,
        -24.995
    ],
    "chosen_weights": [
        72.626,
        48.392,
        47.732,
        49.31,
        49.887
    ],
    "converted_from_freq": 25.7,
    "mse": [
        77.849438615866,
        41.649364991717285,
        26.33388551444874,
        14.68120743603902,
        40.12847413951776
    ],
    "mse_mean": 40.12847413951776,
    "weight_results": [
        72.627,
        48.392,
        47.733,
        49.311,
        49.887
    ],
    "theta_results": [
        -12.083,
        -23.824,
        -24.735,
        -24.996
    ],
    "iterations": "8"
}