{
    "clk_freq": 15360,
    "input_freq": 2.07,
    "freq0": 2.092996511893418,
    "lf": 4,
    "lp": 72,
    "chosen_bias": [
        -12.069,
        -20.925,
        -21.69,
        -21.749
    ],
    "chosen_weights": [
        55.838,
        31.985,
        41.889,
        43.298,
        43.413
    ],
    "converted_from_freq": 20.7,
    "mse": [
        65.39195906432748,
        55.3890350877193,
        74.12295321637427,
        92.63932748538012,
        71.88581871345029
    ],
    "mse_mean": 71.88581871345029,
    "weight_results": [
        56.459,
        33.167,
        41.766,
        42.221,
        41.373
    ],
    "theta_results": [
        -11.92,
        -20.789,
        -21.236,
        -20.615
    ],
    "iterations": "13"
}