{
    "clk_freq": 15360,
    "input_freq": 2.36,
    "freq0": 2.3873241463784303,
    "lf": 4,
    "lp": 63,
    "chosen_bias": [
        -9.349,
        -20.968,
        -22.187,
        -23.333
    ],
    "chosen_weights": [
        66.619,
        47.661,
        42.009,
        44.096,
        46.536
    ],
    "converted_from_freq": 23.6,
    "mse": [
        78.32198820556023,
        45.9133951137321,
        40.69182813816344,
        25.743723673125526,
        47.66773378264532
    ],
    "mse_mean": 47.66773378264532,
    "weight_results": [
        66.619,
        47.662,
        42.008,
        44.095,
        46.535
    ],
    "theta_results": [
        -9.349,
        -20.971,
        -22.19,
        -23.334
    ],
    "iterations": "15"
}