{
    "clk_freq": 15360,
    "input_freq": 2.17,
    "freq0": 2.1826963624031364,
    "lf": 4,
    "lp": 69,
    "chosen_bias": [
        -10.36,
        -20.536,
        -21.001,
        -21.072
    ],
    "chosen_weights": [
        60.376,
        39.662,
        41.094,
        41.878,
        42.091
    ],
    "converted_from_freq": 21.7,
    "mse": [
        69.63251261660804,
        41.708518122037006,
        26.905490136106437,
        17.45909160422083,
        38.92640311974307
    ],
    "mse_mean": 38.92640311974307,
    "weight_results": [
        60.376,
        39.662,
        41.094,
        41.879,
        42.092
    ],
    "theta_results": [
        -10.36,
        -20.537,
        -21.002,
        -21.072
    ],
    "iterations": "5"
}