{
    "clk_freq": 15360,
    "input_freq": 2.48,
    "freq0": 2.5047335306265497,
    "lf": 4,
    "lp": 60,
    "chosen_bias": [
        -12.937,
        -23.532,
        -24.357,
        -24.555
    ],
    "chosen_weights": [
        70.197,
        44.361,
        47.068,
        48.541,
        48.999
    ],
    "converted_from_freq": 24.8,
    "mse": [
        81.2790202342918,
        51.24263400780973,
        38.71583244586439,
        32.842208022719205,
        51.01992367767129
    ],
    "mse_mean": 51.01992367767129,
    "weight_results": [
        70.197,
        44.361,
        47.068,
        48.542,
        48.997
    ],
    "theta_results": [
        -12.937,
        -23.534,
        -24.359,
        -24.556
    ],
    "iterations": "10"
}