{
    "clk_freq": 15360,
    "input_freq": 2.45,
    "freq0": 2.4643346027132185,
    "lf": 4,
    "lp": 61,
    "chosen_bias": [
        -13.536,
        -23.638,
        -24.035,
        -23.792
    ],
    "chosen_weights": [
        69.933,
        43.059,
        47.247,
        47.991,
        47.619
    ],
    "converted_from_freq": 24.5,
    "mse": [
        29.085629577956052,
        36.879839553540286,
        53.64858737356121,
        75.10027903732124,
        48.6785838855947
    ],
    "mse_mean": 48.6785838855947,
    "weight_results": [
        70.371,
        43.497,
        47.683,
        48.357,
        48.001
    ],
    "theta_results": [
        -13.755,
        -23.856,
        -24.218,
        -23.983
    ],
    "iterations": "4"
}