{
    "clk_freq": 15360,
    "input_freq": 2.28,
    "freq0": 2.28042903534656,
    "lf": 4,
    "lp": 66,
    "chosen_bias": [
        -9.69,
        -20.773,
        -21.31,
        -22.068
    ],
    "chosen_weights": [
        63.374,
        43.872,
        41.626,
        42.505,
        44.055
    ],
    "converted_from_freq": 22.8,
    "mse": [
        69.35433702100369,
        38.369568702902036,
        27.338303671637004,
        16.447009780343112,
        37.877304793971454
    ],
    "mse_mean": 37.877304793971454,
    "weight_results": [
        63.374,
        43.872,
        41.626,
        42.505,
        44.055
    ],
    "theta_results": [
        -9.69,
        -20.774,
        -21.311,
        -22.068
    ],
    "iterations": "4"
}