{
    "clk_freq": 15360,
    "input_freq": 2.54,
    "freq0": 2.5464790894703255,
    "lf": 4,
    "lp": 59,
    "chosen_bias": [
        -12.414,
        -23.692,
        -24.563,
        -24.649
    ],
    "chosen_weights": [
        71.344,
        46.514,
        47.437,
        48.966,
        49.207
    ],
    "converted_from_freq": 25.4,
    "mse": [
        79.95770829568046,
        44.5427435387674,
        30.43683354418941,
        20.567684800289175,
        43.87624254473161
    ],
    "mse_mean": 43.87624254473161,
    "weight_results": [
        71.344,
        46.514,
        47.437,
        48.966,
        49.207
    ],
    "theta_results": [
        -12.414,
        -23.692,
        -24.563,
        -24.649
    ],
    "iterations": "2"
}