{
    "clk_freq": 15360,
    "input_freq": 2.51,
    "freq0": 2.5464790894703255,
    "lf": 4,
    "lp": 59,
    "chosen_bias": [
        -12.436,
        -23.85,
        -24.73,
        -24.707
    ],
    "chosen_weights": [
        71.296,
        46.425,
        47.39,
        48.967,
        49.254
    ],
    "converted_from_freq": 25.1,
    "mse": [
        90.45960600036146,
        52.47460690403037,
        33.691125971444066,
        26.336345562985723,
        50.7404211097054
    ],
    "mse_mean": 50.7404211097054,
    "weight_results": [
        71.295,
        46.429,
        47.387,
        48.968,
        49.258
    ],
    "theta_results": [
        -12.437,
        -23.854,
        -24.733,
        -24.708
    ],
    "iterations": "19"
}