{
    "clk_freq": 15360,
    "input_freq": 2.16,
    "freq0": 2.1826963624031364,
    "lf": 4,
    "lp": 69,
    "chosen_bias": [
        -10.508,
        -20.528,
        -20.99,
        -21.067
    ],
    "chosen_weights": [
        60.701,
        39.674,
        41.111,
        41.894,
        42.064
    ],
    "converted_from_freq": 21.6,
    "mse": [
        75.4081663862976,
        44.92200642300046,
        29.288117449151247,
        19.627618901972777,
        42.31147729010552
    ],
    "mse_mean": 42.31147729010552,
    "weight_results": [
        60.701,
        39.674,
        41.109,
        41.894,
        42.061
    ],
    "theta_results": [
        -10.508,
        -20.539,
        -21.007,
        -21.074
    ],
    "iterations": "94"
}