{
    "clk_freq": 15360,
    "input_freq": 2.49,
    "freq0": 2.5047335306265497,
    "lf": 4,
    "lp": 60,
    "chosen_bias": [
        -12.937,
        -23.531,
        -24.356,
        -24.554
    ],
    "chosen_weights": [
        70.194,
        44.39,
        47.087,
        48.558,
        49.006
    ],
    "converted_from_freq": 24.9,
    "mse": [
        76.06798012069578,
        44.340965566205185,
        33.99236776712815,
        31.588036918707846,
        46.49733759318424
    ],
    "mse_mean": 46.49733759318424,
    "weight_results": [
        70.194,
        44.39,
        47.087,
        48.558,
        49.006
    ],
    "theta_results": [
        -12.937,
        -23.531,
        -24.356,
        -24.554
    ],
    "iterations": "2"
}