{
    "clk_freq": 15360,
    "input_freq": 2.53,
    "freq0": 2.5464790894703255,
    "lf": 4,
    "lp": 59,
    "chosen_bias": [
        -12.414,
        -23.69,
        -24.561,
        -24.649
    ],
    "chosen_weights": [
        71.348,
        46.5,
        47.441,
        48.95,
        49.202
    ],
    "converted_from_freq": 25.3,
    "mse": [
        76.18199891559732,
        44.915235857581784,
        29.820169889752396,
        18.992589915055124,
        42.47749864449666
    ],
    "mse_mean": 42.47749864449666,
    "weight_results": [
        71.349,
        46.5,
        47.442,
        48.95,
        49.201
    ],
    "theta_results": [
        -12.414,
        -23.691,
        -24.562,
        -24.65
    ],
    "iterations": "6"
}