{
    "clk_freq": 15360,
    "input_freq": 2.02,
    "freq0": 2.0371832715762603,
    "lf": 4,
    "lp": 74,
    "chosen_bias": [
        -9.273,
        -18.558,
        -19.688,
        -20.533
    ],
    "chosen_weights": [
        54.868,
        36.442,
        37.319,
        39.144,
        40.95
    ],
    "converted_from_freq": 20.2,
    "mse": [
        54.36855560289732,
        37.90569521374805,
        23.028547081380484,
        13.207072858968896,
        32.12746768924868
    ],
    "mse_mean": 32.12746768924868,
    "weight_results": [
        54.868,
        36.441,
        37.319,
        39.144,
        40.95
    ],
    "theta_results": [
        -9.273,
        -18.559,
        -19.689,
        -20.533
    ],
    "iterations": "6"
}