{
    "clk_freq": 15360,
    "input_freq": 2.29,
    "freq0": 2.3149809904275687,
    "lf": 4,
    "lp": 65,
    "chosen_bias": [
        -9.69,
        -20.821,
        -21.519,
        -22.434
    ],
    "chosen_weights": [
        64.708,
        45.187,
        41.822,
        42.86,
        44.787
    ],
    "converted_from_freq": 22.9,
    "mse": [
        81.30389441094998,
        47.61121068926185,
        37.06745967084895,
        23.213296398891966,
        47.298965292488184
    ],
    "mse_mean": 47.298965292488184,
    "weight_results": [
        64.708,
        45.187,
        41.822,
        42.86,
        44.787
    ],
    "theta_results": [
        -9.69,
        -20.821,
        -21.519,
        -22.434
    ],
    "iterations": "2"
}