{
    "clk_freq": 15360,
    "input_freq": 2.04,
    "freq0": 2.06471277524621,
    "lf": 4,
    "lp": 73,
    "chosen_bias": [
        -9.273,
        -18.703,
        -20.105,
        -20.723
    ],
    "chosen_weights": [
        55.464,
        37.063,
        37.608,
        39.948,
        41.322
    ],
    "converted_from_freq": 20.4,
    "mse": [
        53.64443163809249,
        38.935167843250255,
        22.68059357441291,
        13.052153868318687,
        32.07808673101859
    ],
    "mse_mean": 32.07808673101859,
    "weight_results": [
        55.464,
        37.063,
        37.608,
        39.947,
        41.323
    ],
    "theta_results": [
        -9.273,
        -18.704,
        -20.106,
        -20.723
    ],
    "iterations": "8"
}