{
    "clk_freq": 15360,
    "input_freq": 2.19,
    "freq0": 2.2143296430176744,
    "lf": 4,
    "lp": 68,
    "chosen_bias": [
        -10.36,
        -20.589,
        -21.07,
        -21.408
    ],
    "chosen_weights": [
        61.672,
        40.923,
        41.34,
        41.965,
        42.738
    ],
    "converted_from_freq": 21.9,
    "mse": [
        75.82976079527803,
        49.850419384902146,
        32.06803355079217,
        19.228642435538987,
        44.24421404162783
    ],
    "mse_mean": 44.24421404162783,
    "weight_results": [
        61.672,
        40.923,
        41.34,
        41.965,
        42.738
    ],
    "theta_results": [
        -10.36,
        -20.59,
        -21.071,
        -21.409
    ],
    "iterations": "8"
}