{
    "clk_freq": 15360,
    "input_freq": 2.47,
    "freq0": 2.5047335306265497,
    "lf": 4,
    "lp": 60,
    "chosen_bias": [
        -12.96,
        -23.688,
        -24.525,
        -24.608
    ],
    "chosen_weights": [
        70.137,
        44.313,
        47.029,
        48.571,
        49.071
    ],
    "converted_from_freq": 24.7,
    "mse": [
        88.0814696485623,
        48.940362087326946,
        35.96237131700391,
        37.902733404330846,
        52.721734114306
    ],
    "mse_mean": 52.721734114306,
    "weight_results": [
        70.118,
        44.335,
        47.026,
        48.584,
        49.087
    ],
    "theta_results": [
        -12.964,
        -23.708,
        -24.541,
        -24.611
    ],
    "iterations": "106"
}