{
    "clk_freq": 15360,
    "input_freq": 2.46,
    "freq0": 2.4643346027132185,
    "lf": 4,
    "lp": 61,
    "chosen_bias": [
        -12.837,
        -23.626,
        -23.984,
        -23.843
    ],
    "chosen_weights": [
        68.883,
        43.309,
        47.122,
        47.821,
        47.769
    ],
    "converted_from_freq": 24.6,
    "mse": [
        34.33972793861179,
        46.2441576560865,
        70.34094872689222,
        92.21294035577259,
        60.784443669340774
    ],
    "mse_mean": 60.784443669340774,
    "weight_results": [
        69.315,
        43.741,
        47.554,
        48.201,
        48.163
    ],
    "theta_results": [
        -13.053,
        -23.842,
        -24.174,
        -24.04
    ],
    "iterations": "4"
}