{
    "clk_freq": 15360,
    "input_freq": 2.24,
    "freq0": 2.2468933142385223,
    "lf": 4,
    "lp": 67,
    "chosen_bias": [
        -10.196,
        -20.671,
        -21.177,
        -21.728
    ],
    "chosen_weights": [
        62.929,
        42.448,
        41.419,
        42.244,
        43.355
    ],
    "converted_from_freq": 22.4,
    "mse": [
        78.55806248027768,
        44.21946986431051,
        28.910224045440202,
        16.403281792363522,
        42.02275954559798
    ],
    "mse_mean": 42.02275954559798,
    "weight_results": [
        62.93,
        42.449,
        41.42,
        42.243,
        43.356
    ],
    "theta_results": [
        -10.196,
        -20.672,
        -21.179,
        -21.729
    ],
    "iterations": "9"
}