{
    "clk_freq": 15360,
    "input_freq": 2.27,
    "freq0": 2.28042903534656,
    "lf": 4,
    "lp": 66,
    "chosen_bias": [
        -9.69,
        -20.77,
        -21.306,
        -22.066
    ],
    "chosen_weights": [
        63.364,
        43.873,
        41.631,
        42.52,
        44.046
    ],
    "converted_from_freq": 22.7,
    "mse": [
        68.08433541766875,
        36.89417989417989,
        25.89385922719256,
        15.228475228475228,
        36.525212441879106
    ],
    "mse_mean": 36.525212441879106,
    "weight_results": [
        63.364,
        43.873,
        41.631,
        42.52,
        44.046
    ],
    "theta_results": [
        -9.69,
        -20.771,
        -21.307,
        -22.066
    ],
    "iterations": "5"
}