{
    "clk_freq": 15360,
    "input_freq": 2.21,
    "freq0": 2.2143296430176744,
    "lf": 4,
    "lp": 68,
    "chosen_bias": [
        -10.36,
        -20.594,
        -21.077,
        -21.411
    ],
    "chosen_weights": [
        61.731,
        40.977,
        41.292,
        42.022,
        42.754
    ],
    "converted_from_freq": 22.1,
    "mse": [
        75.60018639328985,
        44.16744330537434,
        26.987729108418762,
        15.89111525318422,
        40.66161851506679
    ],
    "mse_mean": 40.66161851506679,
    "weight_results": [
        61.73,
        40.977,
        41.292,
        42.024,
        42.753
    ],
    "theta_results": [
        -10.36,
        -20.595,
        -21.078,
        -21.412
    ],
    "iterations": "8"
}