{
    "clk_freq": 15360,
    "input_freq": 2.18,
    "freq0": 2.1826963624031364,
    "lf": 4,
    "lp": 69,
    "chosen_bias": [
        -10.36,
        -20.536,
        -21.002,
        -21.072
    ],
    "chosen_weights": [
        60.39,
        39.674,
        41.117,
        41.89,
        42.097
    ],
    "converted_from_freq": 21.8,
    "mse": [
        64.70989447927818,
        36.64933476066677,
        22.96834378345313,
        14.914818779629913,
        34.81059795075699
    ],
    "mse_mean": 34.81059795075699,
    "weight_results": [
        60.39,
        39.674,
        41.117,
        41.891,
        42.096
    ],
    "theta_results": [
        -10.36,
        -20.537,
        -21.003,
        -21.073
    ],
    "iterations": "8"
}