{
    "clk_freq": 15360,
    "input_freq": 2.08,
    "freq0": 2.092996511893418,
    "lf": 4,
    "lp": 72,
    "chosen_bias": [
        -12.107,
        -20.923,
        -21.683,
        -21.746
    ],
    "chosen_weights": [
        56.027,
        32.109,
        41.837,
        43.267,
        43.365
    ],
    "converted_from_freq": 20.8,
    "mse": [
        69.78230994152047,
        56.617105263157896,
        76.34122807017543,
        76.85964912280701,
        69.90007309941521
    ],
    "mse_mean": 69.90007309941521,
    "weight_results": [
        56.574,
        33.384,
        41.894,
        42.267,
        40.886
    ],
    "theta_results": [
        -11.914,
        -20.813,
        -21.208,
        -20.313
    ],
    "iterations": "469"
}