{
    "clk_freq": 15360,
    "input_freq": 2.39,
    "freq0": 2.4252181804479287,
    "lf": 4,
    "lp": 62,
    "chosen_bias": [
        -9.194,
        -20.985,
        -22.517,
        -23.724
    ],
    "chosen_weights": [
        66.404,
        47.778,
        42.481,
        45.238,
        47.593
    ],
    "converted_from_freq": 23.9,
    "mse": [
        67.28483290488433,
        47.933676092544985,
        49.141902313624676,
        38.71585261353899,
        50.769065981148245
    ],
    "mse_mean": 50.769065981148245,
    "weight_results": [
        66.404,
        47.778,
        42.481,
        45.238,
        47.593
    ],
    "theta_results": [
        -9.194,
        -20.985,
        -22.518,
        -23.725
    ],
    "iterations": "3"
}