{
    "clk_freq": 15360,
    "input_freq": 2.52,
    "freq0": 2.5464790894703255,
    "lf": 4,
    "lp": 59,
    "chosen_bias": [
        -12.414,
        -23.688,
        -24.558,
        -24.648
    ],
    "chosen_weights": [
        71.349,
        46.472,
        47.445,
        48.947,
        49.191
    ],
    "converted_from_freq": 25.2,
    "mse": [
        78.60328935478042,
        48.12109163202602,
        32.64323151997108,
        20.904030363274895,
        45.0679107175131
    ],
    "mse_mean": 45.0679107175131,
    "weight_results": [
        71.349,
        46.471,
        47.446,
        48.946,
        49.19
    ],
    "theta_results": [
        -12.414,
        -23.689,
        -24.559,
        -24.649
    ],
    "iterations": "6"
}