{
    "clk_freq": 15360,
    "input_freq": 2.61,
    "freq0": 2.634288713245164,
    "lf": 4,
    "lp": 57,
    "chosen_bias": [
        -11.443,
        -24.0,
        -24.967,
        -25.394
    ],
    "chosen_weights": [
        73.213,
        50.223,
        48.062,
        49.805,
        50.699
    ],
    "converted_from_freq": 26.1,
    "mse": [
        68.91279069767442,
        34.25131282820705,
        20.735933983495872,
        10.873593398349588,
        33.69340772693173
    ],
    "mse_mean": 33.69340772693173,
    "weight_results": [
        73.212,
        50.227,
        48.064,
        49.803,
        50.696
    ],
    "theta_results": [
        -11.443,
        -24.005,
        -24.974,
        -25.397
    ],
    "iterations": "28"
}