{
    "clk_freq": 15360,
    "input_freq": 2.64,
    "freq0": 2.680504304705606,
    "lf": 4,
    "lp": 56,
    "chosen_bias": [
        -17.694,
        -27.104,
        -29.592,
        -27.323
    ],
    "chosen_weights": [
        73.693,
        39.294,
        53.889,
        58.929,
        54.605
    ],
    "converted_from_freq": 26.4,
    "mse": [
        87.39487767584097,
        55.05351681957187,
        54.254778287461775,
        76.996750764526,
        68.42498088685015
    ],
    "mse_mean": 68.42498088685015,
    "weight_results": [
        73.937,
        39.385,
        54.058,
        59.425,
        53.667
    ],
    "theta_results": [
        -17.842,
        -27.297,
        -29.957,
        -26.75
    ],
    "iterations": "56"
}