{
    "clk_freq": 15360,
    "input_freq": 2.38,
    "freq0": 2.3873241463784303,
    "lf": 4,
    "lp": 63,
    "chosen_bias": [
        -9.194,
        -20.978,
        -22.269,
        -23.338
    ],
    "chosen_weights": [
        66.15,
        47.56,
        41.944,
        44.293,
        46.557
    ],
    "converted_from_freq": 23.8,
    "mse": [
        71.14001684919967,
        39.92687447346251,
        36.696545914069084,
        23.47059814658804,
        42.80850884582982
    ],
    "mse_mean": 42.80850884582982,
    "weight_results": [
        66.149,
        47.56,
        41.945,
        44.293,
        46.557
    ],
    "theta_results": [
        -9.194,
        -20.979,
        -22.27,
        -23.338
    ],
    "iterations": "4"
}