{
    "clk_freq": 15360,
    "input_freq": 2.14,
    "freq0": 2.151954160115768,
    "lf": 4,
    "lp": 70,
    "chosen_bias": [
        -11.005,
        -20.447,
        -20.882,
        -20.88
    ],
    "chosen_weights": [
        60.139,
        38.2,
        40.913,
        41.649,
        41.676
    ],
    "converted_from_freq": 21.4,
    "mse": [
        14.739267962042476,
        26.300346437716524,
        45.23211327007079,
        66.9085705678566,
        38.2950745594216
    ],
    "mse_mean": 38.2950745594216,
    "weight_results": [
        60.485,
        38.546,
        41.273,
        41.961,
        42.0
    ],
    "theta_results": [
        -11.178,
        -20.627,
        -21.038,
        -21.042
    ],
    "iterations": "3"
}