{
    "clk_freq": 15360,
    "input_freq": 2.15,
    "freq0": 2.151954160115768,
    "lf": 4,
    "lp": 70,
    "chosen_bias": [
        -11.005,
        -20.446,
        -20.881,
        -20.88
    ],
    "chosen_weights": [
        60.143,
        38.202,
        40.911,
        41.641,
        41.688
    ],
    "converted_from_freq": 21.5,
    "mse": [
        170.64136165085102,
        177.33107395692122,
        154.4228046392529,
        161.05708691067932,
        165.8630817894261
    ],
    "mse_mean": 165.8630817894261,
    "weight_results": [
        60.483,
        38.542,
        41.265,
        41.949,
        42.01
    ],
    "theta_results": [
        -11.175,
        -20.623,
        -21.035,
        -21.041
    ],
    "iterations": "2"
}