{
    "clk_freq": 15360,
    "input_freq": 2.55,
    "freq0": 2.5896397520037207,
    "lf": 4,
    "lp": 58,
    "chosen_bias": [
        -12.241,
        -23.809,
        -24.713,
        -24.985
    ],
    "chosen_weights": [
        72.986,
        48.414,
        47.711,
        49.267,
        49.898
    ],
    "converted_from_freq": 25.5,
    "mse": [
        78.79182771949199,
        44.48886434750598,
        28.60942389103626,
        15.707896189950304,
        41.89950303699614
    ],
    "mse_mean": 41.89950303699614,
    "weight_results": [
        72.984,
        48.413,
        47.709,
        49.267,
        49.898
    ],
    "theta_results": [
        -12.241,
        -23.819,
        -24.727,
        -24.992
    ],
    "iterations": "58"
}