{
    "clk_freq": 15360,
    "input_freq": 2.33,
    "freq0": 2.350596082587993,
    "lf": 4,
    "lp": 64,
    "chosen_bias": [
        -9.69,
        -20.887,
        -21.743,
        -22.794
    ],
    "chosen_weights": [
        66.161,
        46.61,
        41.969,
        43.302,
        45.511
    ],
    "converted_from_freq": 23.3,
    "mse": [
        86.5720675944334,
        47.93290258449304,
        38.9643803843605,
        25.31742876076872,
        49.696694831013914
    ],
    "mse_mean": 49.696694831013914,
    "weight_results": [
        66.16,
        46.611,
        41.967,
        43.303,
        45.51
    ],
    "theta_results": [
        -9.69,
        -20.889,
        -21.745,
        -22.795
    ],
    "iterations": "10"
}