{
    "clk_freq": 15360,
    "input_freq": 2.01,
    "freq0": 2.0103782285292042,
    "lf": 4,
    "lp": 75,
    "chosen_bias": [
        -9.273,
        -18.53,
        -19.301,
        -20.336
    ],
    "chosen_weights": [
        54.158,
        35.585,
        37.265,
        38.424,
        40.526
    ],
    "converted_from_freq": 20.1,
    "mse": [
        60.47801736208345,
        45.72276673200784,
        30.108092971156537,
        18.708765051806218,
        38.75441052926351
    ],
    "mse_mean": 38.75441052926351,
    "weight_results": [
        54.158,
        35.585,
        37.265,
        38.424,
        40.526
    ],
    "theta_results": [
        -9.273,
        -18.53,
        -19.301,
        -20.336
    ],
    "iterations": "2"
}