{
    "clk_freq": 15360,
    "input_freq": 2.37,
    "freq0": 2.3873241463784303,
    "lf": 4,
    "lp": 63,
    "chosen_bias": [
        -9.194,
        -20.975,
        -22.266,
        -23.337
    ],
    "chosen_weights": [
        66.253,
        47.415,
        41.986,
        44.286,
        46.541
    ],
    "converted_from_freq": 23.7,
    "mse": [
        79.18887952822242,
        53.897556866048866,
        47.550126368997475,
        31.24313395113732,
        52.96992417860152
    ],
    "mse_mean": 52.96992417860152,
    "weight_results": [
        66.252,
        47.415,
        41.985,
        44.286,
        46.54
    ],
    "theta_results": [
        -9.194,
        -20.978,
        -22.27,
        -23.339
    ],
    "iterations": "16"
}