{
    "clk_freq": 15360,
    "input_freq": 2.03,
    "freq0": 2.0371832715762603,
    "lf": 4,
    "lp": 74,
    "chosen_bias": [
        -9.273,
        -18.558,
        -19.688,
        -20.534
    ],
    "chosen_weights": [
        54.881,
        36.44,
        37.317,
        39.164,
        40.955
    ],
    "converted_from_freq": 20.3,
    "mse": [
        54.37565686692231,
        34.93736685129953,
        21.070444539127966,
        13.650191734128676,
        31.00841499786962
    ],
    "mse_mean": 31.008414997869625,
    "weight_results": [
        54.881,
        36.44,
        37.317,
        39.164,
        40.955
    ],
    "theta_results": [
        -9.273,
        -18.558,
        -19.689,
        -20.534
    ],
    "iterations": "4"
}