{
    "clk_freq": 15360,
    "input_freq": 2.26,
    "freq0": 2.28042903534656,
    "lf": 4,
    "lp": 66,
    "chosen_bias": [
        -9.848,
        -20.762,
        -21.295,
        -22.06
    ],
    "chosen_weights": [
        63.725,
        43.929,
        41.64,
        42.483,
        44.026
    ],
    "converted_from_freq": 22.6,
    "mse": [
        77.04745871412538,
        38.799743466410135,
        24.74987974987975,
        13.901875901875902,
        38.624739458072796
    ],
    "mse_mean": 38.624739458072796,
    "weight_results": [
        63.725,
        43.929,
        41.64,
        42.483,
        44.026
    ],
    "theta_results": [
        -9.848,
        -20.763,
        -21.297,
        -22.061
    ],
    "iterations": "8"
}