{
    "clk_freq": 15360,
    "input_freq": 2.6,
    "freq0": 2.634288713245164,
    "lf": 4,
    "lp": 57,
    "chosen_bias": [
        -11.443,
        -23.999,
        -24.965,
        -25.393
    ],
    "chosen_weights": [
        73.213,
        50.223,
        48.062,
        49.805,
        50.699
    ],
    "converted_from_freq": 26.0,
    "mse": [
        66.92685671417854,
        33.05570142535634,
        20.20967741935484,
        10.662040510127532,
        32.713569017254315
    ],
    "mse_mean": 32.713569017254315,
    "weight_results": [
        73.213,
        50.224,
        48.06,
        49.803,
        50.7
    ],
    "theta_results": [
        -11.443,
        -24.002,
        -24.969,
        -25.395
    ],
    "iterations": "17"
}