{
    "clk_freq": 15360,
    "input_freq": 2.42,
    "freq0": 2.4252181804479287,
    "lf": 4,
    "lp": 62,
    "chosen_bias": [
        -9.195,
        -21.004,
        -22.821,
        -24.142
    ],
    "chosen_weights": [
        66.532,
        48.085,
        42.091,
        45.205,
        47.919
    ],
    "converted_from_freq": 24.2,
    "mse": [
        69.9000856898029,
        48.660154241645245,
        39.54944301628106,
        22.487746358183376,
        45.149357326478146
    ],
    "mse_mean": 45.149357326478146,
    "weight_results": [
        66.532,
        48.085,
        42.091,
        45.205,
        47.919
    ],
    "theta_results": [
        -9.195,
        -21.004,
        -22.821,
        -24.142
    ],
    "iterations": "2"
}