{
    "clk_freq": 15360,
    "input_freq": 2.58,
    "freq0": 2.5896397520037207,
    "lf": 4,
    "lp": 58,
    "chosen_bias": [
        -12.083,
        -23.824,
        -24.735,
        -24.996
    ],
    "chosen_weights": [
        72.626,
        48.402,
        47.733,
        49.312,
        49.88
    ],
    "converted_from_freq": 25.8,
    "mse": [
        78.26228602981779,
        42.365359838026876,
        26.979569298729984,
        15.03478741027057,
        40.660500644211304
    ],
    "mse_mean": 40.660500644211304,
    "weight_results": [
        72.624,
        48.402,
        47.733,
        49.311,
        49.881
    ],
    "theta_results": [
        -12.083,
        -23.826,
        -24.738,
        -24.997
    ],
    "iterations": "11"
}