{
    "clk_freq": 15360,
    "input_freq": 2.4,
    "freq0": 2.4252181804479287,
    "lf": 4,
    "lp": 62,
    "chosen_bias": [
        -9.195,
        -21.063,
        -22.836,
        -24.107
    ],
    "chosen_weights": [
        66.493,
        47.967,
        42.28,
        45.153,
        47.823
    ],
    "converted_from_freq": 24.0,
    "mse": [
        72.31962296486718,
        60.61559554413025,
        46.314652956298204,
        27.38628963153385,
        51.65904027420737
    ],
    "mse_mean": 51.65904027420737,
    "weight_results": [
        66.49,
        47.969,
        42.279,
        45.156,
        47.823
    ],
    "theta_results": [
        -9.195,
        -21.067,
        -22.839,
        -24.108
    ],
    "iterations": "14"
}