{
    "clk_freq": 15360,
    "input_freq": 2.13,
    "freq0": 2.151954160115768,
    "lf": 4,
    "lp": 70,
    "chosen_bias": [
        -11.005,
        -20.445,
        -20.878,
        -20.878
    ],
    "chosen_weights": [
        60.142,
        38.155,
        40.916,
        41.633,
        41.675
    ],
    "converted_from_freq": 21.3,
    "mse": [
        13.65416478385299,
        24.922277451423408,
        44.463021539388464,
        65.46844404277752,
        37.12697695436059
    ],
    "mse_mean": 37.12697695436059,
    "weight_results": [
        60.51,
        38.523,
        41.296,
        41.963,
        42.015
    ],
    "theta_results": [
        -11.189,
        -20.635,
        -21.043,
        -21.048
    ],
    "iterations": "3"
}