{
    "clk_freq": 15360,
    "input_freq": 2.56,
    "freq0": 2.5896397520037207,
    "lf": 4,
    "lp": 58,
    "chosen_bias": [
        -12.083,
        -23.822,
        -24.732,
        -24.994
    ],
    "chosen_weights": [
        72.626,
        48.392,
        47.732,
        49.308,
        49.887
    ],
    "converted_from_freq": 25.6,
    "mse": [
        76.32449843548684,
        41.60150929504878,
        26.27443401435671,
        14.462543714338302,
        39.66574636480765
    ],
    "mse_mean": 39.66574636480765,
    "weight_results": [
        72.625,
        48.392,
        47.732,
        49.309,
        49.886
    ],
    "theta_results": [
        -12.083,
        -23.824,
        -24.736,
        -24.996
    ],
    "iterations": "14"
}