{
    "clk_freq": 15360,
    "input_freq": 2.25,
    "freq0": 2.28042903534656,
    "lf": 4,
    "lp": 66,
    "chosen_bias": [
        -9.847,
        -20.788,
        -21.329,
        -22.076
    ],
    "chosen_weights": [
        63.534,
        43.808,
        41.644,
        42.516,
        44.114
    ],
    "converted_from_freq": 22.5,
    "mse": [
        72.48324514991182,
        36.7999037999038,
        24.182619849286517,
        13.827000160333494,
        36.823192239858905
    ],
    "mse_mean": 36.823192239858905,
    "weight_results": [
        63.533,
        43.81,
        41.643,
        42.516,
        44.115
    ],
    "theta_results": [
        -9.847,
        -20.79,
        -21.332,
        -22.077
    ],
    "iterations": "18"
}