{
    "clk_freq": 15360,
    "input_freq": 2.76,
    "freq0": 2.777977188513082,
    "lf": 4,
    "lp": 54,
    "chosen_bias": [
        -11.288,
        -24.336,
        -25.965,
        -27.033
    ],
    "chosen_weights": [
        78.052,
        55.418,
        48.86,
        51.541,
        53.931
    ],
    "converted_from_freq": 27.6,
    "mse": [
        76.39375869608428,
        43.919300337904986,
        35.513019280461144,
        23.331146889286423,
        44.78930630093421
    ],
    "mse_mean": 44.78930630093421,
    "weight_results": [
        78.052,
        55.418,
        48.86,
        51.541,
        53.931
    ],
    "theta_results": [
        -11.288,
        -24.336,
        -25.965,
        -27.033
    ],
    "iterations": "2"
}