{
    "clk_freq": 15360,
    "input_freq": 2.59,
    "freq0": 2.634288713245164,
    "lf": 4,
    "lp": 57,
    "chosen_bias": [
        -11.443,
        -24.003,
        -24.97,
        -25.395
    ],
    "chosen_weights": [
        73.214,
        50.222,
        48.062,
        49.801,
        50.703
    ],
    "converted_from_freq": 25.9,
    "mse": [
        64.90791447861966,
        31.766316579144785,
        19.716804201050262,
        10.183608402100525,
        31.643660915228807
    ],
    "mse_mean": 31.643660915228804,
    "weight_results": [
        73.214,
        50.222,
        48.062,
        49.801,
        50.703
    ],
    "theta_results": [
        -11.443,
        -24.004,
        -24.972,
        -25.396
    ],
    "iterations": "6"
}