{
    "clk_freq": 15360,
    "input_freq": 2.22,
    "freq0": 2.2468933142385223,
    "lf": 4,
    "lp": 67,
    "chosen_bias": [
        -10.36,
        -20.659,
        -21.159,
        -21.719
    ],
    "chosen_weights": [
        63.269,
        42.453,
        41.447,
        42.178,
        43.332
    ],
    "converted_from_freq": 22.2,
    "mse": [
        81.57683811928052,
        48.951246449984225,
        32.13142947301988,
        18.713000946670874,
        45.34312874723888
    ],
    "mse_mean": 45.34312874723888,
    "weight_results": [
        63.268,
        42.454,
        41.448,
        42.178,
        43.33
    ],
    "theta_results": [
        -10.36,
        -20.662,
        -21.163,
        -21.721
    ],
    "iterations": "18"
}