{
    "clk_freq": 15360,
    "input_freq": 2.09,
    "freq0": 2.092996511893418,
    "lf": 4,
    "lp": 72,
    "chosen_bias": [
        -12.141,
        -20.924,
        -21.688,
        -21.748
    ],
    "chosen_weights": [
        56.103,
        32.152,
        41.835,
        43.253,
        43.336
    ],
    "converted_from_freq": 20.9,
    "mse": [
        72.18669590643275,
        58.04780701754386,
        77.475,
        77.36973684210527,
        71.26980994152046
    ],
    "mse_mean": 71.26980994152046,
    "weight_results": [
        56.635,
        33.505,
        41.777,
        42.249,
        40.842
    ],
    "theta_results": [
        -11.938,
        -20.78,
        -21.206,
        -20.301
    ],
    "iterations": "459"
}