{
    "f0": 1046,
    "amplitude_gain": 2.386869317305992,
    "lf_lp_option": 1,
    "th_gain0": 19.244670325829375,
    "th_gain1": 15.280552269519811,
    "th_gain2": 12.863962044619393,
    "th_gain3": 4.84149646263947,
    "weight_gain0": 4.8410593065071765,
    "weight_gain1": 3.066508501917436,
    "weight_gain2": 17.712489042045032,
    "weight_gain3": 12.908484488697605,
    "weight_gain4": 14.846998168606948,
    "LF": 4.0,
    "LP": 28.0,
    "f_resonator": 1053.7154852980657
}