{
    "f0": 1235,
    "amplitude_gain": 2.7687684080749504,
    "lf_lp_option": 1,
    "th_gain0": 22.323817577962078,
    "th_gain1": 17.725440632642982,
    "th_gain2": 14.922195971758498,
    "th_gain3": 5.616135896661785,
    "weight_gain0": 5.615628795548325,
    "weight_gain1": 3.5571498622242252,
    "weight_gain2": 20.546487288772237,
    "weight_gain3": 14.973842006889223,
    "weight_gain4": 17.22251787558406,
    "LF": 4.0,
    "LP": 24.0,
    "f_resonator": 1222.309962945756
}