{
    "f0": 1457,
    "amplitude_gain": 4.996993663330533,
    "lf_lp_option": 1,
    "th_gain0": 11.925187737344823,
    "th_gain1": 11.643549863261441,
    "th_gain2": 18.876031447536104,
    "th_gain3": 13.563903990445308,
    "weight_gain0": 7.380978407168587,
    "weight_gain1": 7.512320555824061,
    "weight_gain2": 16.90168044802507,
    "weight_gain3": 15.713773118521852,
    "weight_gain4": 17.034281652889426,
    "LF": 4.0,
    "LP": 20.0,
    "f_resonator": 1455.1309082687574
}