{
    "f0": 160,
    "amplitude_gain": 2.227762621495083,
    "lf_lp_option": 1,
    "th_gain0": 1.3970300650931218,
    "th_gain1": 1.149927911680278,
    "th_gain2": 1.1258481725113583,
    "th_gain3": 2.459510591556737,
    "weight_gain0": 1.5483657256986245,
    "weight_gain1": 1.4272388126545694,
    "weight_gain2": 1.9259647709914907,
    "weight_gain3": 1.0467926932709817,
    "weight_gain4": 1.821963824184433,
    "LF": 4.0,
    "LP": 190.0,
    "f_resonator": 159.98821504525606,
    "th": 50
}