{
    "f0": 1719,
    "amplitude_gain": 3.811580276468332,
    "lf_lp_option": 1,
    "th_gain0": 16.688847319767895,
    "th_gain1": 20.837122754277935,
    "th_gain2": 19.43804084538797,
    "th_gain3": 16.03376656889845,
    "weight_gain0": 6.456680686614585,
    "weight_gain1": 6.50629657478918,
    "weight_gain2": 27.829999643523426,
    "weight_gain3": 19.87162283353482,
    "weight_gain4": 18.613525054859156,
    "LF": 4.0,
    "LP": 17.0,
    "f_resonator": 1697.6527263135504,
    "th": 50
}