{
    "f0": 180,
    "amplitude_gain": 1.8929552489493007,
    "lf_lp_option": 0,
    "th_gain0": 1.2159673107102773,
    "th_gain1": 5.112552581778595,
    "th_gain2": 1.9100280301203207,
    "th_gain3": 3.3971650846328365,
    "weight_gain0": 2.192994792417866,
    "weight_gain1": 2.1749403439705834,
    "weight_gain2": 4.195265966442209,
    "weight_gain3": 6.444029133636061,
    "weight_gain4": 2.5047612245928614,
    "LF": 3.0,
    "LP": 339.0,
    "f_resonator": 89.8757325695409,
    "th": 8000
}