{
    "f0": 200,
    "amplitude_gain": 1.4398380033534537,
    "lf_lp_option": 0,
    "th_gain0": 7.276737734136653,
    "th_gain1": 4.086363001559303,
    "th_gain2": 3.5040061362348425,
    "th_gain3": 2.6233561398654297,
    "weight_gain0": 4.386411586120713,
    "weight_gain1": 3.708133569086435,
    "weight_gain2": 5.577988279438091,
    "weight_gain3": 2.327455694342205,
    "weight_gain4": 4.507019768998746,
    "LF": 3.0,
    "LP": 299.0,
    "f_resonator": 101.85916357881302,
    "th": 50
}