{
    "f0": 2394,
    "amplitude_gain": 5.43022536839173,
    "lf_lp_option": 1,
    "th_gain0": 15.98866217173086,
    "th_gain1": 7.251190878755484,
    "th_gain2": 25.758423589498964,
    "th_gain3": 7.6409617182327345,
    "weight_gain0": 7.504012061362029,
    "weight_gain1": 17.08621302098673,
    "weight_gain2": 36.164610020071045,
    "weight_gain3": 6.805798903847723,
    "weight_gain4": 43.21642442894298,
    "LF": 4.0,
    "LP": 12.0,
    "f_resonator": 2350.5960825879924,
    "th": 50
}