{
    "f0": 236,
    "amplitude_gain": 1.4342304073845653,
    "lf_lp_option": 1,
    "th_gain0": 2.5225363755960504,
    "th_gain1": 3.810512069027977,
    "th_gain2": 2.047300870007141,
    "th_gain3": 3.5111111681544327,
    "weight_gain0": 1.6258641219755,
    "weight_gain1": 0.9120013496191507,
    "weight_gain2": 3.2228003561928453,
    "weight_gain3": 2.2870158079306058,
    "weight_gain4": 3.6508438077335685,
    "LF": 4.0,
    "LP": 128.0,
    "f_resonator": 236.88177576468144,
    "th": 10000
}