{
    "f0": 328,
    "amplitude_gain": 0.7086354052948753,
    "lf_lp_option": 1,
    "th_gain0": 6.250089810877683,
    "th_gain1": 3.849198779066711,
    "th_gain2": 4.735588002538952,
    "th_gain3": 2.2913718232426756,
    "weight_gain0": 3.150713264651375,
    "weight_gain1": 2.018847301047681,
    "weight_gain2": 5.426770117808448,
    "weight_gain3": 2.541234962475981,
    "weight_gain4": 3.604811489090699,
    "LF": 4.0,
    "LP": 92.0,
    "f_resonator": 328.5779470284291,
    "th": 50
}