{
    "amplitude_gain": 32.032547791685175,
    "lf_lp_option": 0,
    "th_gain0": 118.29582295755586,
    "th_gain1": 79.8084716731454,
    "th_gain2": 73.5675984631922,
    "th_gain3": 61.31714286017756,
    "weight_gain0": 35.76461105246565,
    "weight_gain1": 102.92573557990592,
    "weight_gain2": 120.5751633779053,
    "weight_gain3": 120.43174447472434,
    "weight_gain4": 107.12153774277871,
    "f0": 3334,
    "LF": 3.0,
    "LP": 17.0,
    "f_resonator": 3395.3054526271007,
    "th": 50
}