{
    "amplitude_gain": 31.098263365461662,
    "lf_lp_option": 0,
    "th_gain0": 18.506435389722718,
    "th_gain1": 126.31013792525579,
    "th_gain2": 116.6796803042129,
    "th_gain3": 57.77661706055804,
    "weight_gain0": 26.33957075615525,
    "weight_gain1": 97.53186838777403,
    "weight_gain2": 87.77417738392327,
    "weight_gain3": 96.48317483490764,
    "weight_gain4": 50.04126587305312,
    "f0": 3334,
    "LF": 3.0,
    "LP": 17.0,
    "f_resonator": 3395.3054526271007,
    "th": 50
}