{
    "amplitude_gain": 15.38971965698561,
    "lf_lp_option": 0,
    "th_gain0": 45.77729127737166,
    "th_gain1": 30.9174873754925,
    "th_gain2": 51.469409828403386,
    "th_gain3": 39.21827335397681,
    "weight_gain0": 116.97799095898286,
    "weight_gain1": 36.22035031436964,
    "weight_gain2": 108.00695006118916,
    "weight_gain3": 44.84932867972669,
    "weight_gain4": 74.89677572945527,
    "f0": 3334,
    "LF": 3.0,
    "LP": 17.0,
    "f_resonator": 3395.3054526271007,
    "th": 50
}