{
    "f0": 387,
    "amplitude_gain": 0.9020004669830641,
    "lf_lp_option": 1,
    "th_gain0": 4.36095936711919,
    "th_gain1": 6.624313006390686,
    "th_gain2": 5.008849695892569,
    "th_gain3": 3.059424660392667,
    "weight_gain0": 2.1713263187405367,
    "weight_gain1": 1.3217548788167144,
    "weight_gain2": 6.759116961343666,
    "weight_gain3": 4.009899398152109,
    "weight_gain4": 5.027405470045427,
    "LF": 4.0,
    "LP": 78.0,
    "f_resonator": 386.80695029928995,
    "th": 50
}