{
    "f0": 457,
    "amplitude_gain": 1.1616502987513773,
    "lf_lp_option": 1,
    "th_gain0": 8.402507905917771,
    "th_gain1": 4.826543700965468,
    "th_gain2": 6.4486378433393705,
    "th_gain3": 6.202680395431111,
    "weight_gain0": 2.8830380874918453,
    "weight_gain1": 1.745223694813771,
    "weight_gain2": 8.2204818843784,
    "weight_gain3": 3.9642315891810442,
    "weight_gain4": 6.5096366895610185,
    "LF": 4.0,
    "LP": 66.0,
    "f_resonator": 456.085807069312,
    "th": 50
}