{
    "f0": 539,
    "amplitude_gain": 1.53264739682032,
    "lf_lp_option": 1,
    "th_gain0": 6.126122935248078,
    "th_gain1": 4.369746575710781,
    "th_gain2": 6.336810860699323,
    "th_gain3": 2.783390680005982,
    "weight_gain0": 4.24354646545931,
    "weight_gain1": 6.10384659354895,
    "weight_gain2": 8.384633213866683,
    "weight_gain3": 6.796750006396293,
    "weight_gain4": 1.8963731719264023,
    "LF": 4.0,
    "LP": 56.0,
    "f_resonator": 536.1008609411211,
    "th": 12000
}