{
    "f0": 637,
    "amplitude_gain": 1.2248472499945025,
    "lf_lp_option": 1,
    "th_gain0": 5.584657873189834,
    "th_gain1": 11.337832307764698,
    "th_gain2": 7.7872772146463625,
    "th_gain3": 2.795144049908879,
    "weight_gain0": 4.806752151435868,
    "weight_gain1": 2.7920232051382454,
    "weight_gain2": 10.342225551802604,
    "weight_gain3": 6.858831045668492,
    "weight_gain4": 7.004196518867197,
    "LF": 4.0,
    "LP": 47.0,
    "f_resonator": 636.6197723675814,
    "th": 20000
}