{
    "f0": 751,
    "amplitude_gain": 2.4856079346887943,
    "lf_lp_option": 1,
    "th_gain0": 12.640730133365125,
    "th_gain1": 10.445276044261192,
    "th_gain2": 3.6257187465797305,
    "th_gain3": 12.150718358422075,
    "weight_gain0": 2.8287246008522637,
    "weight_gain1": 2.2469614607932193,
    "weight_gain2": 12.773794779497448,
    "weight_gain3": 8.455690233159613,
    "weight_gain4": 10.451647575299997,
    "LF": 4.0,
    "LP": 40.0,
    "f_resonator": 745.3109530157051,
    "th": 50
}