{
    "f0": 887,
    "amplitude_gain": 1.7621601248903147,
    "lf_lp_option": 1,
    "th_gain0": 14.90998553758761,
    "th_gain1": 11.833432910101578,
    "th_gain2": 10.441622366352647,
    "th_gain3": 13.231016699351976,
    "weight_gain0": 3.9992684505221843,
    "weight_gain1": 2.530079264414404,
    "weight_gain2": 15.435801596264259,
    "weight_gain3": 11.608493331044802,
    "weight_gain4": 12.143893093099525,
    "LF": 4.0,
    "LP": 33.0,
    "f_resonator": 898.7573256954089,
    "th": 20000
}