{
    "freq0": 110.0,
    "f_resonator": 110.71648215088372,
    "lf": 4,
    "mse": [
        14.179140186915888, 38.63865420560747, 56.47170093457944, 75.6444859813084, 46.2334953271028
    ],
    "mean_mse": "???",
    "thetas": [
        -2.629, -10.487, -11.313, -11.006
    ],
    "weights": [
        24.307, 18.98, 21.2, 22.368, 21.883
    ],
    "peaks": [
        "???"
    ],
    "snrs": [
        "???"
    ],
    "best_neuron": 1
}