{
    "clk_freq": 1536000,
    "input_freq0": 16.4,
    "freq0": 16.41125084513636,
    "lf": 4,
    "lp": 930,
    "chosen_bias": [
        -0.75,
        -1.571,
        -1.703,
        -1.434
    ],
    "chosen_weights": [
        4.097,
        2.649,
        3.15,
        3.417,
        2.933
    ],
    "weight_and_bias_owner": 16.5,
    "chosen_amplitude_size": 1e-05,
    "chosen_window_size": "5 / 180",
    "mse": [
        142.64094053450202,
        206.6687183122798,
        227.49489773996734,
        9.26276102088167,
        146.51682940190773
    ],
    "mse_mean": 146.51682940190773,
    "weight_results": [
        4.192,
        2.774,
        3.146,
        3.459,
        3.049
    ],
    "theta_results": [
        -0.75,
        -1.571,
        -1.703,
        -1.435
    ],
    "iterations": "11"
}