{
    "clk_freq": 1536000,
    "input_freq0": 16.9,
    "freq0": 16.901409885864993,
    "lf": 4,
    "lp": 903,
    "chosen_bias": [
        -0.75,
        -1.585,
        -1.715,
        -1.707
    ],
    "chosen_weights": [
        4.314,
        2.913,
        3.072,
        3.417,
        3.418
    ],
    "weight_and_bias_owner": 17.8,
    "chosen_amplitude_size": 1e-05,
    "chosen_window_size": "5 / 180",
    "mse": [
        39.200252265409766,
        44.80239209568383,
        75.37225744348923,
        142.66022726015424,
        75.50878226618426
    ],
    "mse_mean": 75.50878226618426,
    "weight_results": [
        4.314,
        2.913,
        3.072,
        3.417,
        3.418
    ],
    "theta_results": [
        -0.75,
        -1.585,
        -1.715,
        -1.706
    ],
    "iterations": "2"
}