{
    "clk_freq": 1536000,
    "input_freq0": 17.5,
    "freq0": 17.501574498077836,
    "lf": 4,
    "lp": 872,
    "chosen_bias": [
        -0.75,
        -1.587,
        -1.716,
        -1.708
    ],
    "chosen_weights": [
        4.569,
        3.124,
        3.188,
        3.46,
        3.522
    ],
    "weight_and_bias_owner": 17.6,
    "chosen_amplitude_size": 1e-05,
    "chosen_window_size": "5 / 180",
    "mse": [
        89.64988254168338,
        61.80469833266487,
        70.32184724689165,
        54.54839855612216,
        69.08120666934052
    ],
    "mse_mean": 69.08120666934052,
    "weight_results": [
        4.569,
        3.124,
        3.188,
        3.46,
        3.306
    ],
    "theta_results": [
        -0.75,
        -1.587,
        -1.716,
        -1.6
    ],
    "iterations": "2"
}