{
    "clk_freq": 1536000,
    "input_freq0": 17.3,
    "freq0": 17.303368671372542,
    "lf": 4,
    "lp": 882,
    "chosen_bias": [
        -0.75,
        -1.587,
        -1.716,
        -1.6
    ],
    "chosen_weights": [
        4.569,
        3.124,
        3.188,
        3.46,
        3.306
    ],
    "weight_and_bias_owner": 17.5,
    "chosen_amplitude_size": 1e-05,
    "chosen_window_size": "5 / 180",
    "mse": [
        87.69837997054492,
        87.07526906083608,
        68.67341112495751,
        10.317129262490088,
        63.44104735470715
    ],
    "mse_mean": 63.44104735470715,
    "weight_results": [
        4.569,
        3.124,
        3.188,
        3.46,
        3.306
    ],
    "theta_results": [
        -0.75,
        -1.587,
        -1.716,
        -1.6
    ],
    "iterations": "2"
}