{
    "clk_freq": 1536000,
    "input_freq0": 18.6,
    "freq0": 18.610078607578508,
    "lf": 4,
    "lp": 820,
    "chosen_bias": [
        -0.75,
        -1.853,
        -1.716,
        -1.873
    ],
    "chosen_weights": [
        4.709,
        3.12,
        3.754,
        3.505,
        3.743
    ],
    "weight_and_bias_owner": 18.7,
    "chosen_amplitude_size": 1e-05,
    "chosen_window_size": "5 / 180",
    "mse": [
        29.49144898033814,
        19.941416677840486,
        55.021368406938336,
        123.47084851957044,
        56.98127064617185
    ],
    "mse_mean": 56.98127064617186,
    "weight_results": [
        4.709,
        3.12,
        3.754,
        3.505,
        3.743
    ],
    "theta_results": [
        -0.75,
        -1.853,
        -1.716,
        -1.874
    ],
    "iterations": "2"
}