{
    "clk_freq": 1536000,
    "input_freq0": 22.1,
    "freq0": 22.11125113867142,
    "lf": 4,
    "lp": 690,
    "chosen_bias": [
        -0.75,
        -2.104,
        -2.018,
        -2.238
    ],
    "chosen_weights": [
        5.568,
        3.942,
        4.286,
        4.111,
        4.49
    ],
    "weight_and_bias_owner": 22.3,
    "chosen_amplitude_size": 1e-05,
    "chosen_window_size": "5 / 180",
    "mse": [
        170.4255306808955,
        158.65804431040482,
        102.2887281057882,
        8.851945829950122,
        110.05606223175967
    ],
    "mse_mean": 110.05606223175967,
    "weight_results": [
        5.498,
        4.033,
        3.949,
        4.192,
        4.683
    ],
    "theta_results": [
        -0.75,
        -1.929,
        -2.029,
        -2.25
    ],
    "iterations": "28"
}