{
    "clk_freq": 1536000,
    "input_freq0": 23.3,
    "freq0": 23.326526010415197,
    "lf": 4,
    "lp": 654,
    "chosen_bias": [
        -0.751,
        -2.258,
        -2.399,
        -2.567
    ],
    "chosen_weights": [
        5.353,
        3.825,
        4.449,
        4.734,
        5.054
    ],
    "weight_and_bias_owner": 23.6,
    "chosen_amplitude_size": 1e-05,
    "chosen_window_size": "5 / 180",
    "mse": [
        101.45924191647921,
        168.06924359974903,
        93.1887863624539,
        32.21596351895209,
        98.73330884940856
    ],
    "mse_mean": 98.73330884940856,
    "weight_results": [
        5.012,
        3.572,
        2.927,
        4.2,
        4.256
    ],
    "theta_results": [
        -0.126,
        -1.455,
        -2.052,
        -2.059
    ],
    "iterations": "219"
}