{
    "clk_freq": 1536000,
    "input_freq0": 27.2,
    "freq0": 27.235070475618453,
    "lf": 4,
    "lp": 560,
    "chosen_bias": [
        -0.911,
        -2.75,
        -2.858,
        -2.817
    ],
    "chosen_weights": [
        5.855,
        4.047,
        5.5,
        5.875,
        5.482
    ],
    "weight_and_bias_owner": 28.2,
    "chosen_amplitude_size": 1e-05,
    "chosen_window_size": "5 / 180",
    "mse": [
        18.459578883343173,
        16.382135637489043,
        123.47396196711927,
        128.09792661764968,
        71.60340077640029
    ],
    "mse_mean": 71.60340077640029,
    "weight_results": [
        5.855,
        4.047,
        5.5,
        5.875,
        4.97
    ],
    "theta_results": [
        -0.911,
        -2.75,
        -2.858,
        -2.561
    ],
    "iterations": "2"
}