{
    "clk_freq": 1536000,
    "input_freq0": 28.8,
    "freq0": 28.828065163815005,
    "lf": 4,
    "lp": 529,
    "chosen_bias": [
        -0.756,
        -2.712,
        -2.796,
        -3.538
    ],
    "chosen_weights": [
        6.171,
        4.579,
        5.352,
        5.643,
        6.873
    ],
    "weight_and_bias_owner": 29.0,
    "chosen_amplitude_size": 1e-05,
    "chosen_window_size": "5 / 180",
    "mse": [
        94.93981016615199,
        51.28751681412576,
        83.87850254816892,
        186.139666180399,
        104.06137392721142
    ],
    "mse_mean": 104.0613739272114,
    "weight_results": [
        6.366,
        5.006,
        5.105,
        5.886,
        6.228
    ],
    "theta_results": [
        -0.751,
        -2.636,
        -2.972,
        -3.105
    ],
    "iterations": "311"
}