{
    "clk_freq": 1536000,
    "input_freq0": 30.6,
    "freq0": 30.618987047739385,
    "lf": 4,
    "lp": 498,
    "chosen_bias": [
        -1.446,
        -3.093,
        -2.883,
        -3.013
    ],
    "chosen_weights": [
        7.867,
        5.094,
        6.252,
        5.801,
        6.141
    ],
    "chosen_amplitude_size": 1e-05,
    "chosen_window_size": "5 / 180",
    "mse": [
        69.02730237989772,
        107.54705432287682,
        77.85795111343776,
        99.78083598437563,
        88.55328595014699
    ],
    "mse_mean": 88.55328595014699,
    "weight_results": [
        7.867,
        5.094,
        6.252,
        5.801,
        5.745
    ],
    "theta_results": [
        -1.446,
        -3.093,
        -2.883,
        -2.815
    ],
    "iterations": "2"
}