{
    "clk_freq": 1536000,
    "input_freq0": 34,
    "freq0": 34.028673801385196,
    "lf": 4,
    "lp": 448,
    "chosen_bias": [
        -1.076,
        -3.147,
        -3.316,
        -3.388
    ],
    "chosen_weights": [
        7.768,
        5.933,
        6.22,
        6.536,
        6.72
    ],
    "mse": [
        51.3548835125448,
        66.26503136200716,
        32.946505376344085,
        21.511379928315414,
        43.019450044802866
    ],
    "mse_mean": 43.019450044802866,
    "weight_results": [
        7.438,
        5.906,
        6.379,
        6.812,
        6.902
    ],
    "theta_results": [
        -0.75,
        -3.226,
        -3.456,
        -3.477
    ],
    "iterations": "59"
}