{
    "clk_freq": 1536000,
    "input_freq0": 45.8,
    "freq0": 45.88250611658244,
    "lf": 4,
    "lp": 332,
    "chosen_bias": [
        -0.782,
        -3.688,
        -4.208,
        -3.772
    ],
    "chosen_weights": [
        11.257,
        9.485,
        7.473,
        8.707,
        7.874
    ],
    "mse": [
        115.84653405300503,
        86.96440050943053,
        33.79274061495543,
        202.86151373643034,
        109.86629722845532
    ],
    "mse_mean": 109.86629722845532,
    "weight_results": [
        12.122,
        9.969,
        8.461,
        8.741,
        7.801
    ],
    "theta_results": [
        -0.782,
        -4.138,
        -4.232,
        -3.802
    ],
    "iterations": "43"
}