{
    "clk_freq": 1536000,
    "input_freq0": 47.5,
    "freq0": 47.59773999009954,
    "lf": 4,
    "lp": 320,
    "chosen_bias": [
        -0.75,
        -4.239,
        -4.716,
        -5.102
    ],
    "chosen_weights": [
        10.394,
        8.847,
        8.518,
        9.549,
        10.202
    ],
    "mse": [
        108.51441520835957,
        39.22856603298502,
        4.347129548029712,
        22.396544126904192,
        43.62166372906962
    ],
    "mse_mean": 43.62166372906962,
    "weight_results": [
        10.186,
        7.569,
        9.1,
        9.894,
        9.256
    ],
    "theta_results": [
        -1.515,
        -4.504,
        -4.947,
        -4.706
    ],
    "iterations": "39"
}