{
    "freq0": 55.0,
    "f_resonator": 55.15839182968214,
    "lf": 4,
    "mse": [
        105.16172711295734, 71.88185013580444, 185.28850455344303, 263.5127416520211, 156.46120586355647
    ],
    "mean_mse": "???",
    "thetas": [
       -0.566, -4.702, -5.638, -6.132
    ],
    "weights": [
        14.874, 13.506, 9.34, 11.395, 12.331
    ],
    "peaks": [
        "???"
    ],
    "snrs": [
        "???"
    ],
    "best_neuron": 1
}