{
    "clk_freq": 1536000,
    "input_freq0": 56,
    "freq0": 56.172332855963056,
    "lf": 4,
    "lp": 271,
    "mse": [
        30.743201966773448,
        12.778737987037175,
        43.62072562020413,
        145.98893689935187,
        58.28290061834166
    ],
    "mse_mean": 58.28290061834166,
    "weights": [
        14.709,
        11.151,
        10.67,
        9.988,
        11.327
    ],
    "thetas": [
        -1.505,
        -5.251,
        -4.881,
        -5.671
    ],
    "iterations": "20"
}