{
    "clk_freq": 1536000,
    "input_freq0": 58,
    "freq0": 58.09457998791617,
    "lf": 4,
    "lp": 262,
    "mse": [
        341.7036737211364,
        254.08395975482827,
        22.817239119540496,
        154.0909371265564,
        193.17395243051539
    ],
    "mse_mean": 193.17395243051539,
    "weights": [
        17.159,
        11.823,
        10.899,
        10.329,
        10.699
    ],
    "thetas": [
        -2.373,
        -5.247,
        -4.87,
        -5.149
    ],
    "iterations": "47"
}