{
    "clk_freq": 1536000,
    "input_freq0": 59,
    "freq0": 59.22044394117036,
    "lf": 4,
    "lp": 257,
    "mse": [
        44.69427627958173,
        158.90659643053698,
        52.30073118955893,
        30.766176586209607,
        71.66694512147181
    ],
    "mse_mean": 71.66694512147181,
    "weights": [
        16.178,
        10.47,
        11.899,
        10.579,
        11.191
    ],
    "thetas": [
        -2.717,
        -5.865,
        -5.252,
        -5.6
    ],
    "iterations": "20"
}