{
    "clk_freq": 1536000,
    "input_freq0": 60,
    "freq0": 60.15304935756674,
    "lf": 4,
    "lp": 253,
    "mse": [
        41.6936411567343,
        155.36359642115355,
        68.02376577728072,
        29.702029078127495,
        73.69575810832403
    ],
    "mse_mean": 73.69575810832403,
    "weights": [
        15.243,
        9.82,
        12.969,
        10.767,
        11.315
    ],
    "thetas": [
        -2.718,
        -6.439,
        -5.349,
        -5.597
    ],
    "iterations": "12"
}