{
    "clk_freq": 1536000,
    "input_freq0": 61,
    "freq0": 61.115498147287816,
    "lf": 4,
    "lp": 249,
    "mse": [
        16.130510676301046,
        110.41653811804822,
        103.12255419339125,
        91.98660388081514,
        80.41405171713892
    ],
    "mse_mean": 80.41405171713892,
    "weights": [
        14.784,
        9.42,
        13.527,
        11.397,
        11.316
    ],
    "thetas": [
        -2.718,
        -6.748,
        -5.652,
        -5.596
    ],
    "iterations": "5"
}