{
    "clk_freq": 1536000,
    "input_freq0": 62,
    "freq0": 62.10924608464209,
    "lf": 4,
    "lp": 245,
    "mse": [
        126.50957411687025,
        98.45047870584351,
        47.250371409706176,
        41.48378177616375,
        78.42355150214593
    ],
    "mse_mean": 78.42355150214593,
    "weights": [
        14.82,
        9.48,
        14.108,
        11.915,
        11.83
    ],
    "thetas": [
        -2.718,
        -6.968,
        -5.858,
        -5.778
    ],
    "iterations": "2"
}