{
    "clk_freq": 1536000,
    "input_freq0": 63,
    "freq0": 63.13584519347914,
    "lf": 4,
    "lp": 241,
    "mse": [
        41.101258917331094,
        160.67477968946704,
        115.1547209399916,
        121.04250944187999,
        109.49331724716743
    ],
    "mse_mean": 109.49331724716743,
    "weights": [
        14.82,
        9.48,
        14.108,
        11.915,
        11.83
    ],
    "thetas": [
        -2.718,
        -6.968,
        -5.858,
        -5.778
    ],
    "iterations": "37"
}