{
    "clk_freq": 1536000,
    "input_freq0": 67,
    "freq0": 67.01260761764014,
    "lf": 4,
    "lp": 227,
    "mse": [
        106.94853498639789,
        23.547607367435223,
        80.97301877536458,
        75.00414752709271,
        71.6183271640726
    ],
    "mse_mean": 71.6183271640726,
    "weights": [
        13.647,
        10.327,
        14.307,
        13.485,
        13.385
    ],
    "thetas": [
        -1.806,
        -7.096,
        -6.559,
        -6.829
    ],
    "iterations": "26"
}