{
    "clk_freq": 1536000,
    "input_freq0": 68,
    "freq0": 68.209261325098,
    "lf": 4,
    "lp": 223,
    "mse": [
        88.07306993642143,
        33.823841961852864,
        28.63065395095368,
        66.25626702997275,
        54.19595821980018
    ],
    "mse_mean": 54.19595821980018,
    "weights": [
        14.667,
        11.492,
        13.857,
        12.942,
        13.647
    ],
    "thetas": [
        -1.458,
        -7.109,
        -6.571,
        -6.841
    ],
    "iterations": "8"
}