{
    "clk_freq": 1536000,
    "input_freq0": 69,
    "freq0": 69.13517889964685,
    "lf": 4,
    "lp": 220,
    "mse": [
        19.736405911874396,
        9.620056172015286,
        3.9888116395782496,
        6.693724388784014,
        10.009749528062986
    ],
    "mse_mean": 10.009749528062986,
    "weights": [
        15.997,
        12.222,
        14.232,
        13.047,
        12.988
    ],
    "thetas": [
        -1.935,
        -7.109,
        -6.571,
        -6.469
    ],
    "iterations": "27"
}