{
    "clk_freq": 1536000,
    "input_freq0": 72,
    "freq0": 72.07016290953752,
    "lf": 4,
    "lp": 211,
    "mse": [
        46.157201883347746,
        41.69458057076967,
        48.821706543672526,
        69.28384741039685,
        51.4893341020467
    ],
    "mse_mean": 51.4893341020467,
    "weights": [
        14.959,
        12.209,
        14.569,
        14.292,
        13.84
    ],
    "thetas": [
        -1.318,
        -7.285,
        -6.941,
        -6.95
    ],
    "iterations": "25"
}