{
    "clk_freq": 1536000,
    "input_freq0": 75,
    "freq0": 75.26539180700469,
    "lf": 4,
    "lp": 202,
    "mse": [
        130.1404892259782,
        31.59500728313828,
        73.80918177708574,
        264.72153297503644,
        125.06655281530966
    ],
    "mse_mean": 125.06655281530966,
    "weights": [
        20.303,
        15.349,
        14.156,
        13.766,
        13.136
    ],
    "thetas": [
        -2.1,
        -6.827,
        -6.712,
        -6.51
    ],
    "iterations": "51"
}