{
    "clk_freq": 1536000,
    "input_freq0": 78,
    "freq0": 78.3532027529331,
    "lf": 4,
    "lp": 194,
    "mse": [
        43.41852918084271,
        45.135409578644335,
        69.36388380005235,
        84.89358806595132,
        60.70285265637268
    ],
    "mse_mean": 60.702852656372684,
    "weights": [
        17.646,
        12.923,
        15.453,
        16.522,
        15.025
    ],
    "thetas": [
        -2.351,
        -7.697,
        -8.215,
        -7.54
    ],
    "iterations": "8"
}