{
    "clk_freq": 1536000,
    "input_freq0": 79,
    "freq0": 79.16515304052825,
    "lf": 4,
    "lp": 192,
    "mse": [
        62.178269149386374,
        43.03136902242912,
        7.479581041049514,
        10.750158696572154,
        30.859844477359292
    ],
    "mse_mean": 30.859844477359292,
    "weights": [
        17.646,
        12.944,
        15.485,
        16.604,
        15.105
    ],
    "thetas": [
        -2.351,
        -7.697,
        -8.215,
        -7.54
    ],
    "iterations": "34"
}