{
    "clk_freq": 1536000,
    "input_freq0": 80,
    "freq0": 80.41512914116817,
    "lf": 4,
    "lp": 189,
    "mse": [
        21.48000215030642,
        29.513439415116654,
        42.69798946349855,
        83.0689173207182,
        44.19008708740995
    ],
    "mse_mean": 44.19008708740995,
    "weights": [
        18.013,
        13.72,
        14.973,
        16.46,
        16.173
    ],
    "thetas": [
        -2.123,
        -7.442,
        -8.187,
        -8.014
    ],
    "iterations": "15"
}