{
    "clk_freq": 1536000,
    "input_freq0": 82,
    "freq0": 82.14448675710727,
    "lf": 4,
    "lp": 185,
    "mse": [
        61.90653846153846,
        27.37818681318681,
        12.011978021978022,
        9.11368131868132,
        27.602596153846154
    ],
    "mse_mean": 27.602596153846157,
    "weights": [
        18.86,
        13.852,
        16.259,
        16.321,
        15.813
    ],
    "thetas": [
        -2.538,
        -8.039,
        -8.185,
        -7.864
    ],
    "iterations": "59"
}