{
    "clk_freq": 1536000,
    "input_freq0": 83,
    "freq0": 83.03736161316279,
    "lf": 4,
    "lp": 183,
    "mse": [
        119.25184732485138,
        19.93655203066837,
        25.73465192510695,
        79.03555753097395,
        60.98965220290016
    ],
    "mse_mean": 60.98965220290016,
    "weights": [
        20.822,
        16.126,
        14.262,
        15.655,
        17.573
    ],
    "thetas": [
        -2.541,
        -7.328,
        -7.949,
        -8.854
    ],
    "iterations": "14"
}