{
    "clk_freq": 1536000,
    "input_freq0": 85,
    "freq0": 85.35684098783213,
    "lf": 4,
    "lp": 178,
    "mse": [
        104.73795507801337,
        11.508601474538493,
        58.08292850202892,
        204.08315711264788,
        94.60316054180717
    ],
    "mse_mean": 94.60316054180717,
    "weights": [
        21.624,
        15.912,
        15.221,
        16.21,
        17.81
    ],
    "thetas": [
        -2.539,
        -7.324,
        -7.943,
        -8.847
    ],
    "iterations": "49"
}