{
    "clk_freq": 1536000,
    "input_freq0": 86,
    "freq0": 86.32132506679069,
    "lf": 4,
    "lp": 176,
    "mse": [
        128.53448973691818,
        65.42578779994219,
        25.61786643538595,
        51.29343740965597,
        67.71789534547557
    ],
    "mse_mean": 67.71789534547557,
    "weights": [
        21.679,
        15.042,
        15.917,
        17.148,
        17.155
    ],
    "thetas": [
        -3.349,
        -7.771,
        -8.471,
        -8.365
    ],
    "iterations": "43"
}