{
    "clk_freq": 1536000,
    "input_freq0": 89,
    "freq0": 89.35014349018687,
    "lf": 4,
    "lp": 170,
    "mse": [
        128.06344356578,
        128.2738437574886,
        87.94356578001438,
        58.81709801102325,
        100.77448777857656
    ],
    "mse_mean": 100.77448777857656,
    "weights": [
        19.112,
        14.838,
        17.164,
        17.909,
        17.914
    ],
    "thetas": [
        -1.931,
        -8.706,
        -8.89,
        -9.042
    ],
    "iterations": "8"
}