{
    "clk_freq": 1536000,
    "input_freq0": 93,
    "freq0": 93.16386912696314,
    "lf": 4,
    "lp": 163,
    "mse": [
        102.21314653824504,
        135.29201325911563,
        106.93314153480517,
        74.37544561886297,
        104.7034367377572
    ],
    "mse_mean": 104.70343673775719,
    "weights": [
        20.634,
        16.057,
        17.608,
        18.369,
        18.589
    ],
    "thetas": [
        -2.12,
        -8.868,
        -9.126,
        -9.242
    ],
    "iterations": "30"
}