{
    "clk_freq": 1536000,
    "input_freq0": 98,
    "freq0": 98.57338410852873,
    "lf": 4,
    "lp": 154,
    "mse": [
        33.21778042959427,
        42.73156987536463,
        42.79939008220631,
        49.113564041368335,
        41.96557610713339
    ],
    "mse_mean": 41.96557610713339,
    "weights": [
        21.947,
        16.219,
        20.465,
        19.194,
        19.248
    ],
    "thetas": [
        -3.142,
        -10.203,
        -9.525,
        -9.574
    ],
    "iterations": "38"
}