{
    "clk_freq": 1536000,
    "input_freq0": 99,
    "freq0": 99.21347101832437,
    "lf": 4,
    "lp": 153,
    "mse": [
        145.94493759594206,
        106.1378228659147,
        39.38583728225322,
        24.660949075619033,
        79.03238670493225
    ],
    "mse_mean": 79.03238670493225,
    "weights": [
        20.591,
        15.903,
        19.864,
        20.538,
        19.693
    ],
    "thetas": [
        -2.581,
        -9.934,
        -10.257,
        -9.852
    ],
    "iterations": "170"
}