{
    "clk_freq": 1536000,
    "input_freq0": 31.3,
    "freq0": 31.30916913283187,
    "lf": 4,
    "lp": 487,
    "chosen_bias": [
        -1.109,
        -3.273,
        -3.243,
        -2.96
    ],
    "chosen_weights": [
        7.086,
        5.057,
        6.426,
        6.228,
        5.818
    ],
    "mse": [
        4.320998331994811,
        59.96083276703528,
        151.78651592841993,
        130.27431477934968,
        86.58566545169992
    ],
    "mse_mean": 86.58566545169992,
    "weight_results": [
        7.233,
        4.99,
        6.324,
        5.835,
        5.423
    ],
    "theta_results": [
        -1.109,
        -3.155,
        -2.941,
        -2.698
    ],
    "iterations": "5"
}