{
    "clk_freq": 1536000,
    "input_freq0": 32.5,
    "freq0": 32.508243695365856,
    "lf": 4,
    "lp": 469,
    "chosen_bias": [
        -0.763,
        -2.999,
        -3.628,
        -3.706
    ],
    "chosen_weights": [
        6.468,
        5.062,
        5.927,
        7.19,
        7.339
    ],
    "mse": [
        186.552394601185,
        204.0637419520438,
        55.156082222840155,
        96.71256229813267,
        135.6211952685504
    ],
    "mse_mean": 135.6211952685504,
    "weight_results": [
        7.29,
        5.688,
        6.327,
        7.087,
        6.128
    ],
    "theta_results": [
        -0.767,
        -3.206,
        -3.629,
        -3.076
    ],
    "iterations": "48"
}