{
    "clk_freq": 1536000,
    "input_freq0": 32.1,
    "freq0": 32.16605165646727,
    "lf": 4,
    "lp": 474,
    "chosen_bias": [
        -0.763,
        -2.999,
        -3.628,
        -3.706
    ],
    "chosen_weights": [
        6.468,
        5.062,
        5.927,
        7.19,
        7.339
    ],
    "mse": [
        125.19488297287002,
        130.86181064036907,
        22.39387141829263,
        59.10257332712575,
        84.38828458966437
    ],
    "mse_mean": 84.38828458966437,
    "weight_results": [
        7.241,
        5.639,
        6.187,
        7.09,
        5.878
    ],
    "theta_results": [
        -0.777,
        -3.133,
        -3.625,
        -2.939
    ],
    "iterations": "112"
}