{
    "clk_freq": 1536000,
    "input_freq0": 35.2,
    "freq0": 35.20478003876026,
    "lf": 4,
    "lp": 433,
    "chosen_bias": [
        -0.75,
        -3.752,
        -3.475,
        -3.396
    ],
    "chosen_weights": [
        7.464,
        6.103,
        7.461,
        6.96,
        6.879
    ],
    "mse": [
        54.834647129741256,
        40.9796670685338,
        12.430608365019012,
        20.501367893907076,
        32.18657261430029
    ],
    "mse_mean": 32.18657261430029,
    "weight_results": [
        7.261,
        5.847,
        7.522,
        7.095,
        6.879
    ],
    "theta_results": [
        -0.804,
        -3.748,
        -3.471,
        -3.394
    ],
    "iterations": "9"
}