{
    "clk_freq": 1536000,
    "input_freq0": 41.2,
    "freq0": 41.2942555049242,
    "lf": 4,
    "lp": 369,
    "chosen_bias": [
        -1.408,
        -4.056,
        -4.21,
        -4.049
    ],
    "chosen_weights": [
        9.172,
        6.032,
        8.266,
        8.261,
        7.555
    ],
    "mse": [
        24.12333097171508,
        20.327184042727126,
        13.033544062346722,
        44.88642432830127,
        25.59262085127255
    ],
    "mse_mean": 25.59262085127255,
    "weight_results": [
        9.51,
        6.737,
        8.151,
        8.476,
        8.088
    ],
    "theta_results": [
        -1.413,
        -4.062,
        -4.214,
        -4.046
    ],
    "iterations": "20"
}