{
    "clk_freq": 1536000,
    "input_freq0": 48.5,
    "freq0": 48.50436360895858,
    "lf": 4,
    "lp": 314,
    "chosen_bias": [
        -0.546,
        -4.029,
        -4.439,
        -5.114
    ],
    "chosen_weights": [
        12.41,
        10.444,
        8.104,
        9.106,
        10.255
    ],
    "mse": [
        30.706920337514838,
        118.92351374763386,
        174.45718502358113,
        136.7346081042061,
        115.20555680323397
    ],
    "mse_mean": 115.20555680323397,
    "weight_results": [
        11.137,
        9.302,
        8.403,
        9.423,
        10.127
    ],
    "theta_results": [
        -0.75,
        -4.131,
        -4.599,
        -5.103
    ],
    "iterations": "21"
}