{
    "clk_freq": 1536000,
    "input_freq0": 57,
    "freq0": 57.010725883664,
    "lf": 4,
    "lp": 267,
    "chosen_bias": [
        -2.373,
        -5.247,
        -4.87,
        -5.149
    ],
    "chosen_weights": [
        17.159,
        11.823,
        10.899,
        10.329,
        10.699
    ],
    "mse": [
        199.37430040841022,
        127.36484646800787,
        13.820223869308728,
        37.350703373165935,
        94.47751852972318
    ],
    "mse_mean": 94.47751852972318,
    "weight_results": [
        16.159,
        11.349,
        10.533,
        9.938,
        10.588
    ],
    "theta_results": [
        -1.973,
        -5.248,
        -4.874,
        -5.157
    ],
    "iterations": "16"
}