{
    "clk_freq": 1536000,
    "input_freq0": 63,
    "freq0": 63.13584519347914,
    "lf": 4,
    "lp": 241,
    "chosen_bias": [
        -2.345,
        -7.301,
        -6.315,
        -6.481
    ],
    "chosen_weights": [
        13.645,
        9.549,
        14.494,
        12.8,
        12.883
    ],
    "mse": [
        41.101258917331094,
        160.67477968946704,
        115.1547209399916,
        121.04250944187999,
        109.49331724716743
    ],
    "mse_mean": 109.49331724716743,
    "weight_results": [
        14.82,
        9.48,
        14.108,
        11.915,
        11.83
    ],
    "theta_results": [
        -2.718,
        -6.968,
        -5.858,
        -5.778
    ],
    "iterations": "37"
}