{
    "clk_freq": 1536000,
    "input_freq0": 65,
    "freq0": 65.01648739073171,
    "lf": 4,
    "lp": 234,
    "chosen_bias": [
        -2.011,
        -7.097,
        -6.242,
        -6.289
    ],
    "chosen_weights": [
        14.764,
        10.93,
        14.252,
        12.492,
        12.744
    ],
    "mse": [
        115.1449018420825,
        17.43877021534204,
        131.7122719017556,
        130.24634610395225,
        98.6355725157831
    ],
    "mse_mean": 98.6355725157831,
    "weight_results": [
        13.726,
        9.475,
        14.727,
        13.351,
        12.633
    ],
    "theta_results": [
        -2.297,
        -7.302,
        -6.438,
        -6.483
    ],
    "iterations": "25"
}