{
    "clk_freq": 1536000,
    "input_freq0": 69,
    "freq0": 69.13517889964685,
    "lf": 4,
    "lp": 220,
    "chosen_bias": [
        -1.935,
        -7.282,
        -6.829,
        -6.646
    ],
    "chosen_weights": [
        15.207,
        11.46,
        14.72,
        13.762,
        13.346
    ],
    "mse": [
        19.736405911874396,
        9.620056172015286,
        3.9888116395782496,
        6.693724388784014,
        10.009749528062986
    ],
    "mse_mean": 10.009749528062986,
    "weight_results": [
        15.997,
        12.222,
        14.232,
        13.047,
        12.988
    ],
    "theta_results": [
        -1.935,
        -7.109,
        -6.571,
        -6.469
    ],
    "iterations": "27"
}