{
    "clk_freq": 1536000,
    "input_freq0": 70,
    "freq0": 70.0865804441374,
    "lf": 4,
    "lp": 217,
    "chosen_bias": [
        -1.424,
        -7.284,
        -6.942,
        -6.95
    ],
    "chosen_weights": [
        14.644,
        11.926,
        14.535,
        13.931,
        13.941
    ],
    "mse": [
        36.148993789979926,
        31.621375542793107,
        54.99467712564785,
        57.3386095158052,
        45.025913993556514
    ],
    "mse_mean": 45.025913993556514,
    "weight_results": [
        15.207,
        11.46,
        14.72,
        13.762,
        13.346
    ],
    "theta_results": [
        -1.935,
        -7.282,
        -6.829,
        -6.646
    ],
    "iterations": "41"
}