{
    "clk_freq": 1536000,
    "input_freq0": 71,
    "freq0": 71.06453272940443,
    "lf": 4,
    "lp": 214,
    "chosen_bias": [
        -1.318,
        -7.285,
        -6.941,
        -6.95
    ],
    "chosen_weights": [
        14.959,
        12.209,
        14.569,
        14.292,
        13.84
    ],
    "mse": [
        45.21642356506914,
        40.19539685546505,
        55.54806781587422,
        76.83221254025383,
        54.44802519416556
    ],
    "mse_mean": 54.44802519416557,
    "weight_results": [
        14.644,
        11.926,
        14.535,
        13.931,
        13.941
    ],
    "theta_results": [
        -1.424,
        -7.284,
        -6.942,
        -6.95
    ],
    "iterations": "232"
}