{
    "clk_freq": 1536000,
    "input_freq0": 73,
    "freq0": 73.10466285560743,
    "lf": 4,
    "lp": 208,
    "chosen_bias": [
        -2.1,
        -6.827,
        -6.713,
        -6.512
    ],
    "chosen_weights": [
        20.303,
        15.349,
        14.156,
        13.766,
        13.136
    ],
    "mse": [
        68.30689352574103,
        54.19876170046802,
        140.97167511700468,
        106.30855109204369,
        92.44647035881435
    ],
    "mse_mean": 92.44647035881435,
    "weight_results": [
        16.145,
        13.746,
        14.678,
        13.98,
        13.568
    ],
    "theta_results": [
        -1.26,
        -7.29,
        -6.948,
        -6.96
    ],
    "iterations": "20"
}