{
    "clk_freq": 1536000,
    "input_freq0": 77,
    "freq0": 77.16603301425228,
    "lf": 4,
    "lp": 197,
    "chosen_bias": [
        -2.351,
        -7.697,
        -8.215,
        -7.54
    ],
    "chosen_weights": [
        17.646,
        12.923,
        15.453,
        16.522,
        15.025
    ],
    "mse": [
        101.39619724841552,
        41.822486731591695,
        23.93455969495543,
        21.419951563868707,
        47.14329880970783
    ],
    "mse_mean": 47.14329880970783,
    "weight_results": [
        18.075,
        12.943,
        15.851,
        15.332,
        14.544
    ],
    "theta_results": [
        -2.664,
        -7.836,
        -7.661,
        -7.215
    ],
    "iterations": "34"
}