{
    "clk_freq": 1536000,
    "input_freq0": 84,
    "freq0": 84.41367147415444,
    "lf": 4,
    "lp": 180,
    "chosen_bias": [
        -2.539,
        -7.324,
        -7.943,
        -8.847
    ],
    "chosen_weights": [
        21.624,
        15.912,
        15.221,
        16.21,
        17.81
    ],
    "mse": [
        53.61735789354729,
        111.20132218329755,
        150.09515199457564,
        91.58837156740874,
        101.6255509097073
    ],
    "mse_mean": 101.6255509097073,
    "weight_results": [
        21.506,
        15.756,
        14.819,
        15.851,
        17.436
    ],
    "theta_results": [
        -2.538,
        -7.325,
        -7.946,
        -8.853
    ],
    "iterations": "7"
}