{
    "clk_freq": 1536000,
    "input_freq0": 92,
    "freq0": 92.04141287242139,
    "lf": 4,
    "lp": 165,
    "chosen_bias": [
        -2.12,
        -8.868,
        -9.126,
        -9.242
    ],
    "chosen_weights": [
        20.634,
        16.057,
        17.608,
        18.369,
        18.589
    ],
    "mse": [
        99.96862260654726,
        91.07134033353923,
        53.48276714021001,
        61.608338480543544,
        76.53276714021
    ],
    "mse_mean": 76.53276714021,
    "weight_results": [
        20.859,
        16.269,
        17.951,
        18.168,
        17.541
    ],
    "theta_results": [
        -2.431,
        -9.05,
        -9.005,
        -8.726
    ],
    "iterations": "29"
}