{
    "clk_freq": 1536000,
    "input_freq0": 95,
    "freq0": 95.4929658551372,
    "lf": 4,
    "lp": 159,
    "chosen_bias": [
        -3.003,
        -9.549,
        -9.795,
        -9.763
    ],
    "chosen_weights": [
        21.551,
        15.761,
        18.866,
        19.446,
        19.352
    ],
    "mse": [
        50.355639676632876,
        23.05376620043629,
        16.61093288848967,
        11.791928653920184,
        25.453066854869753
    ],
    "mse_mean": 25.453066854869753,
    "weight_results": [
        21.797,
        16.375,
        18.959,
        18.54,
        18.538
    ],
    "theta_results": [
        -2.804,
        -9.43,
        -9.342,
        -9.256
    ],
    "iterations": "30"
}