{
    "clk_freq": 1536000,
    "input_freq0": 97,
    "freq0": 97.31767220905702,
    "lf": 4,
    "lp": 156,
    "chosen_bias": [
        -3.142,
        -10.203,
        -9.525,
        -9.574
    ],
    "chosen_weights": [
        21.947,
        16.219,
        20.465,
        19.194,
        19.248
    ],
    "mse": [
        129.652208047105,
        79.15780176643769,
        56.760614982008505,
        57.009421000981355,
        80.64501144913315
    ],
    "mse_mean": 80.64501144913315,
    "weight_results": [
        21.391,
        15.54,
        19.713,
        19.513,
        19.466
    ],
    "theta_results": [
        -2.874,
        -9.884,
        -9.75,
        -9.763
    ],
    "iterations": "13"
}