{
    "clk_freq": 1536,
    "input_freq": 0.117,
    "freq0": 0.11752980412939965,
    "lf": 4,
    "lp": 129,
    "chosen_bias": [
        -3.383,
        -11.206,
        -11.707,
        -11.548
    ],
    "chosen_weights": [
        25.881,
        20.491,
        22.685,
        23.227,
        23.077
    ],
    "converted_from_freq": 1.17,
    "mse": [
        55.50489221223451,
        41.33139766128391,
        105.31620396149869,
        176.92474743457163,
        94.76931031739718
    ],
    "mse_mean": 94.76931031739718,
    "weight_results": [
        25.881,
        20.491,
        22.685,
        23.227,
        23.077
    ],
    "theta_results": [
        -3.383,
        -11.206,
        -11.707,
        -11.547
    ],
    "iterations": "2"
}