{
    "clk_freq": 1536,
    "input_freq": 0.155,
    "freq0": 0.15590688302879543,
    "lf": 4,
    "lp": 97,
    "chosen_bias": [
        -7.343,
        -15.361,
        -15.444,
        -15.691
    ],
    "chosen_weights": [
        39.805,
        25.387,
        30.744,
        30.583,
        31.342
    ],
    "converted_from_freq": 1.55,
    "mse": [
        54.5926876202694,
        38.67243959803293,
        28.277849048535387,
        36.55217019456917,
        39.523786615351725
    ],
    "mse_mean": 39.523786615351725,
    "weight_results": [
        39.806,
        25.388,
        30.744,
        30.584,
        31.343
    ],
    "theta_results": [
        -7.343,
        -15.361,
        -15.444,
        -15.691
    ],
    "iterations": "7"
}