{
    "clk_freq": 1536,
    "input_freq": 0.115,
    "freq0": 0.11574904952137843,
    "lf": 4,
    "lp": 131,
    "chosen_bias": [
        -3.124,
        -10.985,
        -11.596,
        -11.55
    ],
    "chosen_weights": [
        25.578,
        19.711,
        22.241,
        23.112,
        23.204
    ],
    "converted_from_freq": 1.15,
    "mse": [
        34.671782023175695,
        30.33823989978077,
        58.16841528343251,
        78.05316316943313,
        50.307900093955524
    ],
    "mse_mean": 50.307900093955524,
    "weight_results": [
        25.579,
        19.71,
        22.242,
        23.112,
        23.204
    ],
    "theta_results": [
        -3.124,
        -10.985,
        -11.596,
        -11.55
    ],
    "iterations": "3"
}