{
    "clk_freq": 1536,
    "input_freq": 0.156,
    "freq0": 0.15751417048270056,
    "lf": 4,
    "lp": 96,
    "chosen_bias": [
        -7.373,
        -15.147,
        -15.508,
        -15.9
    ],
    "chosen_weights": [
        40.364,
        25.839,
        30.658,
        30.867,
        31.744
    ],
    "converted_from_freq": 1.56,
    "mse": [
        72.4689289960013,
        53.438992759105155,
        34.61515184264563,
        28.19215389603372,
        47.178806873446455
    ],
    "mse_mean": 47.178806873446455,
    "weight_results": [
        40.361,
        25.839,
        30.661,
        30.866,
        31.75
    ],
    "theta_results": [
        -7.373,
        -15.149,
        -15.51,
        -15.901
    ],
    "iterations": "21"
}