{
    "clk_freq": 1536,
    "input_freq": 0.164,
    "freq0": 0.16428897351421456,
    "lf": 4,
    "lp": 92,
    "chosen_bias": [
        -8.04,
        -15.842,
        -16.431,
        -17.029
    ],
    "chosen_weights": [
        42.853,
        27.198,
        31.82,
        32.645,
        33.94
    ],
    "converted_from_freq": 1.64,
    "mse": [
        24.899107445486386,
        37.205852446051296,
        63.69122133092306,
        95.82295785786917,
        55.40478477008248
    ],
    "mse_mean": 55.404784770082486,
    "weight_results": [
        42.854,
        27.195,
        31.821,
        32.646,
        33.941
    ],
    "theta_results": [
        -8.04,
        -15.842,
        -16.431,
        -17.029
    ],
    "iterations": "12"
}