{
    "clk_freq": 1536,
    "input_freq": 0.138,
    "freq0": 0.1388988594256541,
    "lf": 4,
    "lp": 109,
    "chosen_bias": [
        -5.971,
        -13.571,
        -13.449,
        -13.889
    ],
    "chosen_weights": [
        35.002,
        23.503,
        27.353,
        26.758,
        27.821
    ],
    "converted_from_freq": 1.38,
    "mse": [
        20.407670454545453,
        17.775473484848487,
        17.523958333333333,
        41.17973484848485,
        24.22170928030303
    ],
    "mse_mean": 24.22170928030303,
    "weight_results": [
        35.002,
        23.503,
        27.353,
        26.758,
        27.821
    ],
    "theta_results": [
        -5.971,
        -13.571,
        -13.449,
        -13.889
    ],
    "iterations": "2"
}