{
    "clk_freq": 1536,
    "input_freq": 0.125,
    "freq0": 0.12523667653132747,
    "lf": 4,
    "lp": 121,
    "chosen_bias": [
        -5.212,
        -12.758,
        -12.64,
        -11.874
    ],
    "chosen_weights": [
        30.22,
        20.552,
        25.462,
        25.222,
        23.763
    ],
    "converted_from_freq": 1.25,
    "mse": [
        42.24893761686214,
        28.296787353391128,
        44.65646778854326,
        57.72114567397586,
        43.2308346081931
    ],
    "mse_mean": 43.2308346081931,
    "weight_results": [
        30.22,
        20.552,
        25.462,
        25.222,
        23.763
    ],
    "theta_results": [
        -5.212,
        -12.758,
        -12.64,
        -11.874
    ],
    "iterations": "2"
}