{
    "clk_freq": 1536,
    "input_freq": 0.147,
    "freq0": 0.14833858773613548,
    "lf": 4,
    "lp": 102,
    "chosen_bias": [
        -6.137,
        -14.029,
        -14.494,
        -15.015
    ],
    "chosen_weights": [
        37.951,
        25.58,
        28.259,
        28.687,
        29.889
    ],
    "converted_from_freq": 1.47,
    "mse": [
        101.27637987012987,
        115.70576298701299,
        99.64265422077922,
        66.67928165584415,
        95.82601968344156
    ],
    "mse_mean": 95.82601968344156,
    "weight_results": [
        38.153,
        25.782,
        28.489,
        28.885,
        30.021
    ],
    "theta_results": [
        -6.238,
        -14.144,
        -14.593,
        -15.081
    ],
    "iterations": "2"
}