{
    "clk_freq": 1536,
    "input_freq": 0.112,
    "freq0": 0.11234466571192611,
    "lf": 4,
    "lp": 135,
    "chosen_bias": [
        -2.817,
        -10.696,
        -11.42,
        -11.089
    ],
    "chosen_weights": [
        24.683,
        19.356,
        21.618,
        22.582,
        22.049
    ],
    "converted_from_freq": 1.12,
    "mse": [
        12.411112797935328,
        22.068468194929405,
        38.72134507362988,
        58.861621375436464,
        33.01563686048277
    ],
    "mse_mean": 33.01563686048277,
    "weight_results": [
        24.683,
        19.356,
        21.618,
        22.582,
        22.049
    ],
    "theta_results": [
        -2.817,
        -10.696,
        -11.42,
        -11.089
    ],
    "iterations": "2"
}