{
    "clk_freq": 1536,
    "input_freq": 0.141,
    "freq0": 0.1414710605261292,
    "lf": 4,
    "lp": 107,
    "chosen_bias": [
        -6.166,
        -13.546,
        -13.828,
        -14.212
    ],
    "chosen_weights": [
        35.685,
        23.729,
        27.63,
        27.394,
        28.205
    ],
    "converted_from_freq": 1.41,
    "mse": [
        35.356984264890436,
        36.16951443189497,
        66.38690993339125,
        100.14335360556038,
        59.51419055893426
    ],
    "mse_mean": 59.51419055893426,
    "weight_results": [
        35.982,
        23.94,
        27.872,
        27.691,
        28.526
    ],
    "theta_results": [
        -6.348,
        -13.745,
        -13.989,
        -14.329
    ],
    "iterations": "489"
}