{
    "clk_freq": 1536,
    "input_freq": 0.146,
    "freq0": 0.14691225516174952,
    "lf": 4,
    "lp": 103,
    "chosen_bias": [
        -6.393,
        -14.133,
        -14.275,
        -15.118
    ],
    "chosen_weights": [
        36.927,
        24.541,
        28.597,
        28.29,
        29.958
    ],
    "converted_from_freq": 1.46,
    "mse": [
        26.765190318368987,
        20.454454152857288,
        6.583609520940042,
        25.65712564025309,
        19.86509490810485
    ],
    "mse_mean": 19.86509490810485,
    "weight_results": [
        36.927,
        24.541,
        28.597,
        28.29,
        29.958
    ],
    "theta_results": [
        -6.393,
        -14.133,
        -14.275,
        -15.118
    ],
    "iterations": "2"
}