{
    "clk_freq": 1536,
    "input_freq": 0.132,
    "freq0": 0.13285977858106046,
    "lf": 4,
    "lp": 114,
    "chosen_bias": [
        -5.674,
        -13.018,
        -13.075,
        -13.097
    ],
    "chosen_weights": [
        33.279,
        22.408,
        26.234,
        25.909,
        26.131
    ],
    "converted_from_freq": 1.32,
    "mse": [
        123.2461357678749,
        87.86314742836483,
        80.04167043297478,
        79.1589984633463,
        92.5774880231402
    ],
    "mse_mean": 92.5774880231402,
    "weight_results": [
        33.525,
        22.654,
        26.408,
        25.909,
        26.131
    ],
    "theta_results": [
        -5.797,
        -13.105,
        -13.075,
        -13.097
    ],
    "iterations": "2"
}