{
    "clk_freq": 1536,
    "input_freq": 0.111,
    "freq0": 0.11152463165563468,
    "lf": 4,
    "lp": 136,
    "chosen_bias": [
        -2.784,
        -10.616,
        -11.382,
        -10.791
    ],
    "chosen_weights": [
        24.624,
        19.288,
        21.458,
        22.507,
        21.457
    ],
    "converted_from_freq": 1.11,
    "mse": [
        22.969187886093113,
        24.81836673195721,
        6.802094319722766,
        17.480412837125208,
        18.017515443724577
    ],
    "mse_mean": 18.017515443724577,
    "weight_results": [
        24.624,
        19.288,
        21.458,
        22.507,
        21.457
    ],
    "theta_results": [
        -2.784,
        -10.616,
        -11.382,
        -10.791
    ],
    "iterations": "2"
}