{
    "clk_freq": 1536,
    "input_freq": 0.103,
    "freq0": 0.10323563876231048,
    "lf": 4,
    "lp": 147,
    "chosen_bias": [
        -3.512,
        -9.746,
        -9.3,
        -9.848
    ],
    "chosen_weights": [
        27.396,
        20.27,
        19.597,
        18.477,
        19.634
    ],
    "converted_from_freq": 1.03,
    "mse": [
        54.40744089012517,
        41.52454798331015,
        36.808901251738526,
        35.69923504867872,
        42.110031293463145
    ],
    "mse_mean": 42.110031293463145,
    "weight_results": [
        27.396,
        20.27,
        19.597,
        18.477,
        19.634
    ],
    "theta_results": [
        -3.512,
        -9.746,
        -9.3,
        -9.848
    ],
    "iterations": "2"
}