{
    "clk_freq": 1536,
    "input_freq": 0.107,
    "freq0": 0.1075977080057884,
    "lf": 4,
    "lp": 141,
    "chosen_bias": [
        -3.155,
        -10.056,
        -10.221,
        -11.217
    ],
    "chosen_weights": [
        26.663,
        19.644,
        19.955,
        20.204,
        22.276
    ],
    "converted_from_freq": 1.07,
    "mse": [
        127.50177832619583,
        85.5104159105756,
        59.35138273934819,
        108.22334325324817,
        95.14673005734195
    ],
    "mse_mean": 95.14673005734195,
    "weight_results": [
        26.632,
        19.66,
        19.903,
        20.167,
        22.231
    ],
    "theta_results": [
        -3.167,
        -10.076,
        -10.237,
        -11.229
    ],
    "iterations": "90"
}