{
    "clk_freq": 1536,
    "input_freq": 0.123,
    "freq0": 0.12321673013566091,
    "lf": 4,
    "lp": 123,
    "chosen_bias": [
        -5.069,
        -12.101,
        -11.859,
        -12.243
    ],
    "chosen_weights": [
        31.387,
        21.666,
        24.54,
        23.583,
        24.369
    ],
    "converted_from_freq": 1.23,
    "mse": [
        59.02648951282694,
        47.81682961477396,
        44.85468371354558,
        30.058076376702598,
        45.43901980446227
    ],
    "mse_mean": 45.43901980446227,
    "weight_results": [
        31.584,
        22.605,
        23.544,
        22.773,
        24.073
    ],
    "theta_results": [
        -4.482,
        -11.747,
        -11.486,
        -12.062
    ],
    "iterations": "74"
}