{
    "clk_freq": 1536,
    "input_freq": 0.157,
    "freq0": 0.15751417048270056,
    "lf": 4,
    "lp": 96,
    "chosen_bias": [
        -7.437,
        -15.231,
        -15.68,
        -15.814
    ],
    "chosen_weights": [
        40.221,
        25.592,
        30.794,
        31.196,
        31.57
    ],
    "converted_from_freq": 1.57,
    "mse": [
        76.21074246190425,
        55.8559386145034,
        36.255592780719766,
        30.285204798443747,
        49.65186966389279
    ],
    "mse_mean": 49.65186966389279,
    "weight_results": [
        40.218,
        25.593,
        30.791,
        31.197,
        31.572
    ],
    "theta_results": [
        -7.437,
        -15.232,
        -15.681,
        -15.814
    ],
    "iterations": "10"
}