{
    "clk_freq": 1536,
    "input_freq": 0.148,
    "freq0": 0.14833858773613548,
    "lf": 4,
    "lp": 102,
    "chosen_bias": [
        -6.22,
        -14.024,
        -14.588,
        -15.054
    ],
    "chosen_weights": [
        37.077,
        24.513,
        28.447,
        29.182,
        30.1
    ],
    "converted_from_freq": 1.48,
    "mse": [
        21.217126623376622,
        37.56544237012987,
        52.41314935064935,
        70.14519074675324,
        45.335227272727266
    ],
    "mse_mean": 45.335227272727266,
    "weight_results": [
        37.779,
        24.854,
        28.776,
        29.416,
        30.213
    ],
    "theta_results": [
        -6.428,
        -14.264,
        -14.81,
        -15.207
    ],
    "iterations": "497"
}