{
    "clk_freq": 1536,
    "input_freq": 0.145,
    "freq0": 0.14551309082687575,
    "lf": 4,
    "lp": 104,
    "chosen_bias": [
        -6.217,
        -14.127,
        -14.131,
        -14.948
    ],
    "chosen_weights": [
        35.935,
        23.532,
        28.552,
        28.343,
        29.935
    ],
    "converted_from_freq": 1.45,
    "mse": [
        43.94222929302973,
        35.412647906930495,
        55.63945510589639,
        76.2906433330019,
        52.82124390971463
    ],
    "mse_mean": 52.82124390971463,
    "weight_results": [
        36.268,
        23.772,
        28.867,
        28.58,
        30.021
    ],
    "theta_results": [
        -6.394,
        -14.286,
        -14.28,
        -15.032
    ],
    "iterations": "367"
}