{
    "clk_freq": 1536,
    "input_freq": 0.142,
    "freq0": 0.14279321997029862,
    "lf": 4,
    "lp": 106,
    "chosen_bias": [
        -6.434,
        -14.021,
        -14.063,
        -14.756
    ],
    "chosen_weights": [
        36.369,
        23.684,
        28.016,
        27.99,
        29.435
    ],
    "converted_from_freq": 1.42,
    "mse": [
        78.82852407876778,
        57.0553714174303,
        44.399493078572824,
        25.020861766426204,
        51.326062585299276
    ],
    "mse_mean": 51.32606258529928,
    "weight_results": [
        36.619,
        24.076,
        27.77,
        27.378,
        28.64
    ],
    "theta_results": [
        -6.338,
        -13.665,
        -13.696,
        -14.416
    ],
    "iterations": "38"
}