{
    "clk_freq": 1536,
    "input_freq": 0.13,
    "freq0": 0.1305886712548885,
    "lf": 4,
    "lp": 116,
    "chosen_bias": [
        -5.729,
        -13.147,
        -12.849,
        -12.734
    ],
    "chosen_weights": [
        32.904,
        21.713,
        26.682,
        25.69,
        25.602
    ],
    "converted_from_freq": 1.3,
    "mse": [
        68.49041193181819,
        46.0947265625,
        32.39799360795455,
        20.239435369318183,
        41.805641867897734
    ],
    "mse_mean": 41.805641867897734,
    "weight_results": [
        33.327,
        22.143,
        26.075,
        24.989,
        25.46
    ],
    "theta_results": [
        -5.685,
        -12.942,
        -12.563,
        -12.702
    ],
    "iterations": "204"
}