{
    "clk_freq": 1536,
    "input_freq": 0.172,
    "freq0": 0.17362357428206768,
    "lf": 4,
    "lp": 87,
    "chosen_bias": [
        -8.206,
        -16.511,
        -17.226,
        -17.867
    ],
    "chosen_weights": [
        45.691,
        29.671,
        33.135,
        34.18,
        35.594
    ],
    "converted_from_freq": 1.72,
    "mse": [
        24.367393387637758,
        42.477000479156686,
        68.48706276952564,
        90.1245807379013,
        56.36400934355534
    ],
    "mse_mean": 56.36400934355534,
    "weight_results": [
        45.693,
        29.67,
        33.133,
        34.181,
        35.593
    ],
    "theta_results": [
        -8.206,
        -16.512,
        -17.227,
        -17.867
    ],
    "iterations": "14"
}