{
    "clk_freq": 1536,
    "input_freq": 0.104,
    "freq0": 0.10464982559467091,
    "lf": 4,
    "lp": 145,
    "chosen_bias": [
        -3.2,
        -9.786,
        -9.73,
        -10.771
    ],
    "chosen_weights": [
        26.909,
        19.806,
        19.74,
        19.396,
        21.49
    ],
    "converted_from_freq": 1.04,
    "mse": [
        67.7662740672826,
        83.45898864517949,
        148.78588052754074,
        192.00444319063405,
        123.00389660765923
    ],
    "mse_mean": 123.00389660765923,
    "weight_results": [
        21.004,
        16.574,
        19.509,
        23.017,
        21.106
    ],
    "theta_results": [
        -1.999,
        -9.636,
        -11.186,
        -10.681
    ],
    "iterations": "545"
}