{
    "clk_freq": 1536,
    "input_freq": 0.163,
    "freq0": 0.16428897351421456,
    "lf": 4,
    "lp": 92,
    "chosen_bias": [
        -8.046,
        -15.844,
        -16.434,
        -17.034
    ],
    "chosen_weights": [
        42.775,
        27.147,
        31.885,
        32.647,
        33.992
    ],
    "converted_from_freq": 1.63,
    "mse": [
        25.47373178171958,
        37.30674500056491,
        64.98836289684782,
        97.99073551011185,
        56.439893797311036
    ],
    "mse_mean": 56.439893797311036,
    "weight_results": [
        42.796,
        27.104,
        31.869,
        32.657,
        33.999
    ],
    "theta_results": [
        -8.044,
        -15.852,
        -16.442,
        -17.035
    ],
    "iterations": "219"
}