{
    "clk_freq": 1536,
    "input_freq": 0.135,
    "freq0": 0.13521127908691993,
    "lf": 4,
    "lp": 112,
    "chosen_bias": [
        -5.834,
        -13.149,
        -13.348,
        -13.425
    ],
    "chosen_weights": [
        33.67,
        22.755,
        26.556,
        26.556,
        26.882
    ],
    "converted_from_freq": 1.35,
    "mse": [
        25.229168584844857,
        19.021637049995395,
        39.41543135991161,
        70.38385047417366,
        38.51252186723138
    ],
    "mse_mean": 38.51252186723138,
    "weight_results": [
        33.67,
        22.755,
        26.556,
        26.556,
        26.882
    ],
    "theta_results": [
        -5.834,
        -13.149,
        -13.348,
        -13.425
    ],
    "iterations": "2"
}