{
    "clk_freq": 1536,
    "input_freq": 0.113,
    "freq0": 0.11317684842090336,
    "lf": 4,
    "lp": 134,
    "chosen_bias": [
        -2.955,
        -10.834,
        -11.508,
        -11.174
    ],
    "chosen_weights": [
        25.032,
        19.468,
        21.813,
        22.766,
        22.298
    ],
    "converted_from_freq": 1.13,
    "mse": [
        23.241337107014456,
        36.419261072439376,
        74.92801958234529,
        101.5149544863459,
        59.02589306203626
    ],
    "mse_mean": 59.02589306203627,
    "weight_results": [
        25.032,
        19.468,
        21.813,
        22.766,
        22.298
    ],
    "theta_results": [
        -2.955,
        -10.834,
        -11.508,
        -11.174
    ],
    "iterations": "4"
}