{
    "clk_freq": 1536,
    "input_freq": 0.127,
    "freq0": 0.12732395447351627,
    "lf": 4,
    "lp": 119,
    "chosen_bias": [
        -5.339,
        -12.758,
        -12.64,
        -12.118
    ],
    "chosen_weights": [
        30.66,
        20.735,
        25.721,
        25.479,
        24.489
    ],
    "converted_from_freq": 1.27,
    "mse": [
        109.4440121054907,
        72.53791612624298,
        48.857501080847385,
        25.726070038910507,
        64.14137483787289
    ],
    "mse_mean": 64.14137483787289,
    "weight_results": [
        30.66,
        20.735,
        25.721,
        25.479,
        24.489
    ],
    "theta_results": [
        -5.339,
        -12.758,
        -12.64,
        -12.118
    ],
    "iterations": "2"
}