{
    "clk_freq": 1536,
    "input_freq": 0.151,
    "freq0": 0.15127598551308863,
    "lf": 4,
    "lp": 100,
    "chosen_bias": [
        -6.602,
        -14.574,
        -15.124,
        -15.778
    ],
    "chosen_weights": [
        37.739,
        24.743,
        29.328,
        30.082,
        31.493
    ],
    "converted_from_freq": 1.51,
    "mse": [
        47.01481097876748,
        47.209321595028484,
        72.99865354738478,
        147.17856033143448,
        78.60033661315381
    ],
    "mse_mean": 78.60033661315381,
    "weight_results": [
        37.84,
        25.063,
        29.43,
        29.896,
        30.267
    ],
    "theta_results": [
        -6.63,
        -14.567,
        -14.956,
        -15.112
    ],
    "iterations": "520"
}