{
    "clk_freq": 1536,
    "input_freq": 0.124,
    "freq0": 0.12421849216928417,
    "lf": 4,
    "lp": 122,
    "chosen_bias": [
        -5.234,
        -12.549,
        -12.64,
        -11.874
    ],
    "chosen_weights": [
        30.264,
        20.596,
        25.044,
        25.222,
        23.763
    ],
    "converted_from_freq": 1.24,
    "mse": [
        15.119406758237128,
        55.94379371365973,
        128.270835088902,
        138.56526502064548,
        84.47482514536108
    ],
    "mse_mean": 84.47482514536108,
    "weight_results": [
        30.264,
        20.596,
        25.044,
        25.222,
        23.763
    ],
    "theta_results": [
        -5.234,
        -12.549,
        -12.64,
        -11.874
    ],
    "iterations": "2"
}