{
    "clk_freq": 1536,
    "input_freq": 0.102,
    "freq0": 0.10254278212632183,
    "lf": 4,
    "lp": 148,
    "chosen_bias": [
        -3.742,
        -9.743,
        -9.642,
        -10.095
    ],
    "chosen_weights": [
        25.436,
        18.287,
        19.667,
        19.202,
        20.297
    ],
    "converted_from_freq": 1.02,
    "mse": [
        65.77480836958773,
        44.373247703887856,
        54.59464125405704,
        29.26607278502866,
        48.50219252814032
    ],
    "mse_mean": 48.50219252814032,
    "weight_results": [
        25.436,
        18.287,
        19.667,
        19.202,
        20.297
    ],
    "theta_results": [
        -3.742,
        -9.743,
        -9.642,
        -10.095
    ],
    "iterations": "2"
}