{
    "clk_freq": 1536,
    "input_freq": 0.126,
    "freq0": 0.1262716903869583,
    "lf": 4,
    "lp": 120,
    "chosen_bias": [
        -5.521,
        -12.896,
        -12.446,
        -11.673
    ],
    "chosen_weights": [
        31.288,
        20.653,
        26.059,
        25.155,
        23.567
    ],
    "converted_from_freq": 1.26,
    "mse": [
        65.04465969483971,
        47.723812789302244,
        54.36713526487228,
        19.03891650951483,
        46.543631064632265
    ],
    "mse_mean": 46.543631064632265,
    "weight_results": [
        32.086,
        20.916,
        26.271,
        25.073,
        23.37
    ],
    "theta_results": [
        -5.704,
        -12.913,
        -12.524,
        -11.756
    ],
    "iterations": "10"
}