{
    "clk_freq": 1536,
    "input_freq": 0.139,
    "freq0": 0.1401731608882748,
    "lf": 4,
    "lp": 108,
    "chosen_bias": [
        -6.072,
        -13.465,
        -13.923,
        -13.6
    ],
    "chosen_weights": [
        35.918,
        23.927,
        27.241,
        27.656,
        27.035
    ],
    "converted_from_freq": 1.39,
    "mse": [
        69.1394014724161,
        56.830958982694334,
        34.66459508557224,
        21.897695764413424,
        45.633162826274024
    ],
    "mse_mean": 45.633162826274024,
    "weight_results": [
        35.926,
        23.927,
        27.234,
        27.655,
        27.043
    ],
    "theta_results": [
        -6.072,
        -13.471,
        -13.928,
        -13.601
    ],
    "iterations": "56"
}