{
    "clk_freq": 1536,
    "input_freq": 0.167,
    "freq0": 0.16789972018485663,
    "lf": 4,
    "lp": 90,
    "chosen_bias": [
        -7.916,
        -16.109,
        -16.417,
        -16.634
    ],
    "chosen_weights": [
        44.049,
        28.486,
        32.454,
        32.734,
        33.232
    ],
    "converted_from_freq": 1.67,
    "mse": [
        54.34034682080925,
        36.69341040462428,
        24.995260115606936,
        22.320693641618497,
        34.58742774566474
    ],
    "mse_mean": 34.58742774566474,
    "weight_results": [
        44.049,
        28.486,
        32.454,
        32.734,
        33.232
    ],
    "theta_results": [
        -7.916,
        -16.109,
        -16.417,
        -16.634
    ],
    "iterations": "2"
}