{
    "clk_freq": 1536,
    "input_freq": 0.121,
    "freq0": 0.12126090902239645,
    "lf": 4,
    "lp": 125,
    "chosen_bias": [
        -3.755,
        -11.899,
        -12.135,
        -11.346
    ],
    "chosen_weights": [
        27.235,
        20.392,
        24.221,
        24.395,
        22.962
    ],
    "converted_from_freq": 1.21,
    "mse": [
        114.11111111111111,
        46.84541420118343,
        25.372205785667322,
        14.760930309007232,
        50.272415351742275
    ],
    "mse_mean": 50.272415351742275,
    "weight_results": [
        27.235,
        20.392,
        24.221,
        24.395,
        22.962
    ],
    "theta_results": [
        -3.755,
        -11.899,
        -12.135,
        -11.346
    ],
    "iterations": "2"
}