{
    "clk_freq": 1536,
    "input_freq": 0.158,
    "freq0": 0.15915494309189535,
    "lf": 4,
    "lp": 95,
    "chosen_bias": [
        -7.704,
        -15.43,
        -15.796,
        -16.745
    ],
    "chosen_weights": [
        40.072,
        24.908,
        30.894,
        31.573,
        33.425
    ],
    "converted_from_freq": 1.58,
    "mse": [
        59.71765734265734,
        42.74890734265734,
        25.720170454545453,
        46.32036713286713,
        43.62677556818181
    ],
    "mse_mean": 43.62677556818181,
    "weight_results": [
        40.072,
        24.908,
        30.894,
        31.573,
        33.425
    ],
    "theta_results": [
        -7.704,
        -15.43,
        -15.796,
        -16.745
    ],
    "iterations": "2"
}