{
    "clk_freq": 1536,
    "input_freq": 0.166,
    "freq0": 0.16607472322632558,
    "lf": 4,
    "lp": 91,
    "chosen_bias": [
        -8.024,
        -15.937,
        -16.565,
        -17.177
    ],
    "chosen_weights": [
        43.385,
        27.855,
        31.998,
        32.91,
        34.213
    ],
    "converted_from_freq": 1.66,
    "mse": [
        87.48251428571429,
        53.2384,
        30.05794285714286,
        28.41222857142857,
        49.79777142857142
    ],
    "mse_mean": 49.79777142857142,
    "weight_results": [
        44.062,
        28.704,
        31.213,
        32.406,
        33.147
    ],
    "theta_results": [
        -7.609,
        -15.781,
        -16.419,
        -16.647
    ],
    "iterations": "287"
}