{
    "clk_freq": 1536,
    "input_freq": 0.122,
    "freq0": 0.12223099629457564,
    "lf": 4,
    "lp": 124,
    "chosen_bias": [
        -5.075,
        -12.217,
        -12.081,
        -11.536
    ],
    "chosen_weights": [
        31.162,
        21.374,
        24.828,
        24.042,
        22.98
    ],
    "converted_from_freq": 1.22,
    "mse": [
        29.73351010938018,
        35.85159098442161,
        62.92401392111369,
        72.19506131919125,
        50.17604408352669
    ],
    "mse_mean": 50.17604408352669,
    "weight_results": [
        31.162,
        21.374,
        24.828,
        24.042,
        22.98
    ],
    "theta_results": [
        -5.075,
        -12.217,
        -12.081,
        -11.536
    ],
    "iterations": "2"
}