{
    "clk_freq": 1536,
    "input_freq": 0.136,
    "freq0": 0.136418522650196,
    "lf": 4,
    "lp": 111,
    "chosen_bias": [
        -6.004,
        -13.341,
        -13.26,
        -13.431
    ],
    "chosen_weights": [
        34.829,
        23.041,
        26.85,
        26.331,
        26.869
    ],
    "converted_from_freq": 1.36,
    "mse": [
        63.42533221819534,
        44.370690456277295,
        30.438899730508318,
        20.30889322553666,
        39.6359539076294
    ],
    "mse_mean": 39.6359539076294,
    "weight_results": [
        34.827,
        23.042,
        26.851,
        26.333,
        26.871
    ],
    "theta_results": [
        -6.004,
        -13.342,
        -13.26,
        -13.431
    ],
    "iterations": "12"
}