{
    "clk_freq": 1536,
    "input_freq": 0.116,
    "freq0": 0.11663263005207597,
    "lf": 4,
    "lp": 130,
    "chosen_bias": [
        -3.254,
        -11.102,
        -11.707,
        -11.55
    ],
    "chosen_weights": [
        25.959,
        19.837,
        22.5,
        23.398,
        23.217
    ],
    "converted_from_freq": 1.16,
    "mse": [
        41.52395233209691,
        34.022255544155946,
        63.33706889748244,
        83.80017362481256,
        55.67086259963696
    ],
    "mse_mean": 55.67086259963696,
    "weight_results": [
        25.959,
        19.837,
        22.5,
        23.398,
        23.217
    ],
    "theta_results": [
        -3.254,
        -11.102,
        -11.707,
        -11.55
    ],
    "iterations": "2"
}