{
    "clk_freq": 1536,
    "input_freq": 0.128,
    "freq0": 0.12839390367077272,
    "lf": 4,
    "lp": 118,
    "chosen_bias": [
        -5.519,
        -12.904,
        -12.761,
        -12.514
    ],
    "chosen_weights": [
        32.219,
        21.471,
        26.049,
        25.412,
        25.112
    ],
    "converted_from_freq": 1.28,
    "mse": [
        72.14051460968165,
        50.22433493240297,
        33.45032708242477,
        21.3440034888792,
        44.28979502834714
    ],
    "mse_mean": 44.28979502834714,
    "weight_results": [
        32.219,
        21.822,
        25.586,
        24.713,
        24.885
    ],
    "theta_results": [
        -5.25,
        -12.714,
        -12.452,
        -12.445
    ],
    "iterations": "254"
}