{
    "clk_freq": 1536,
    "input_freq": 0.134,
    "freq0": 0.1340252152352803,
    "lf": 4,
    "lp": 113,
    "chosen_bias": [
        -5.851,
        -13.169,
        -13.37,
        -13.346
    ],
    "chosen_weights": [
        33.909,
        22.471,
        26.526,
        26.632,
        26.715
    ],
    "converted_from_freq": 1.34,
    "mse": [
        26.647235905856597,
        31.977558839627804,
        58.70899470899471,
        81.50164203612479,
        49.708857872650974
    ],
    "mse_mean": 49.708857872650974,
    "weight_results": [
        33.909,
        22.47,
        26.525,
        26.632,
        26.715
    ],
    "theta_results": [
        -5.851,
        -13.169,
        -13.37,
        -13.346
    ],
    "iterations": "3"
}