{
    "amplitude_gain": 10.700456507845464,
    "lf_lp_option": 0,
    "th_gain0": 31.054748672197906,
    "th_gain1": 37.491628141083055,
    "th_gain2": 35.04618265144985,
    "th_gain3": 21.998743146347486,
    "weight_gain0": 8.874653058503412,
    "weight_gain1": 21.154308205321634,
    "weight_gain2": 64.85446561688991,
    "weight_gain3": 31.460190428376894,
    "weight_gain4": 62.20111827424737,
    "LF": 3.0,
    "LP": 29.0,
    "f_resonator": 1018.5916357881302
}