{
    "amplitude_gain": 1.8257514781436541,
    "lf_lp_option": 0,
    "th_gain0": 5.50755771355642,
    "th_gain1": 8.058992191719142,
    "th_gain2": 4.507660560563201,
    "th_gain3": 8.84335545336664,
    "weight_gain0": 2.2186666483860185,
    "weight_gain1": 1.7215891203703173,
    "weight_gain2": 8.182741531541366,
    "weight_gain3": 5.568360094999742,
    "weight_gain4": 10.166699798888583,
    "LF": 3.0,
    "LP": 218.0,
    "f_resonator": 139.53310079289454
}