{
    "amplitude_gain": 3.206202254829339,
    "lf_lp_option": 3,
    "th_gain0": 6.380330523648675,
    "th_gain1": 4.683160688129191,
    "th_gain2": 6.220506084588335,
    "th_gain3": 4.9153825876943005,
    "weight_gain0": 5.6955685223986325,
    "weight_gain1": 5.1769079650515994,
    "weight_gain2": 5.883184101279004,
    "weight_gain3": 3.670639782968307,
    "weight_gain4": 11.885332642303448,
    "LF": 6.0,
    "LP": 2.0,
    "f_resonator": 1273.2395447351628
}