{
    "amplitude_gain": 3.5462669747868643,
    "lf_lp_option": 2,
    "th_gain0": 17.004278904440607,
    "th_gain1": 6.986153829481127,
    "th_gain2": 16.86190742300476,
    "th_gain3": 15.428364386034152,
    "weight_gain0": 8.610206769923067,
    "weight_gain1": 20.623791828651136,
    "weight_gain2": 6.879497493197186,
    "weight_gain3": 10.753957103440179,
    "weight_gain4": 28.912150042082786,
    "LF": 5.0,
    "LP": 4.0,
    "f_resonator": 1527.8874536821952
}