{
    "amplitude_gain": 2.5322121476777526,
    "lf_lp_option": 3,
    "th_gain0": 8.566165832936218,
    "th_gain1": 8.766519647073856,
    "th_gain2": 4.46456949081183,
    "th_gain3": 11.665029821022314,
    "weight_gain0": 5.942346175248156,
    "weight_gain1": 6.519048602721813,
    "weight_gain2": 8.064936054363939,
    "weight_gain3": 9.020425504936306,
    "weight_gain4": 13.694886922021333,
    "LF": 6.0,
    "LP": 1.0,
    "f_resonator": 1909.8593171027442
}