{
    "amplitude_gain": 5.187120289593405,
    "lf_lp_option": 2,
    "th_gain0": 26.969748670395905,
    "th_gain1": 19.523527692920545,
    "th_gain2": 15.251275094031948,
    "th_gain3": 17.95979110939929,
    "weight_gain0": 16.716184510287352,
    "weight_gain1": 21.963496569577387,
    "weight_gain2": 23.379275300379433,
    "weight_gain3": 13.694382711705746,
    "weight_gain4": 46.47965743945057,
    "LF": 5.0,
    "LP": 2.0,
    "f_resonator": 2546.4790894703256
}