{
    "amplitude_gain": 4.9106165907450965,
    "lf_lp_option": 2,
    "th_gain0": 22.338631492759337,
    "th_gain1": 19.504871931924637,
    "th_gain2": 15.26351979784152,
    "th_gain3": 13.27067358755148,
    "weight_gain0": 17.78223134789871,
    "weight_gain1": 23.812509802535384,
    "weight_gain2": 17.917254533933235,
    "weight_gain3": 21.449970252422737,
    "weight_gain4": 32.413604724487094,
    "LF": 5.0,
    "LP": 2.0,
    "f_resonator": 2546.4790894703256
}