{
    "amplitude_gain": 0.5365388501451728,
    "lf_lp_option": 2,
    "th_gain0": 0.42195594519373203,
    "th_gain1": 0.13219899795154544,
    "th_gain2": 0.20973791444644485,
    "th_gain3": 0.05755137507666379,
    "weight_gain0": 0.43314966025288554,
    "weight_gain1": 0.46742255403943717,
    "weight_gain2": 0.5263921353752216,
    "weight_gain3": 0.23959775434311856,
    "weight_gain4": 0.09411921828969257,
    "LF": 6.0,
    "LP": 63.0,
    "f_resonator": 59.683103659460755
}