{
    "amplitude_gain": 0.42241493771465805,
    "lf_lp_option": 3,
    "th_gain0": 0.5860776352451539,
    "th_gain1": 0.5010070271427816,
    "th_gain2": 0.10484252554285926,
    "th_gain3": 0.4722495301066869,
    "weight_gain0": 0.5498808824320508,
    "weight_gain1": 0.3979075733296709,
    "weight_gain2": 0.4298739479884973,
    "weight_gain3": 0.1255903387240629,
    "weight_gain4": 0.4909938553034633,
    "LF": 6.0,
    "LP": 54.0,
    "f_resonator": 69.44942971282705
}