{
    "clk_freq": 15360,
    "input_freq": 1.9,
    "freq0": 1.909859317102744,
    "lf": 4,
    "lp": 79,
    "chosen_bias": [
        -8.972,
        -17.669,
        -18.541,
        -19.151
    ],
    "chosen_weights": [
        51.57,
        33.699,
        35.473,
        36.907,
        38.19
    ],
    "converted_from_freq": 19.0,
    "mse": [
        58.215933191940614,
        37.083377518557796,
        22.512990455991517,
        19.122348886532343,
        34.23366251325557
    ],
    "mse_mean": 34.23366251325557,
    "weight_results": [
        51.57,
        33.699,
        35.473,
        36.907,
        38.19
    ],
    "theta_results": [
        -8.972,
        -17.669,
        -18.541,
        -19.151
    ],
    "iterations": "2"
}