{
    "clk_freq": 15360,
    "input_freq": 1.23,
    "freq0": 1.2321673013566092,
    "lf": 4,
    "lp": 123,
    "chosen_bias": [
        -4.911,
        -11.978,
        -11.732,
        -12.133
    ],
    "chosen_weights": [
        31.071,
        21.35,
        24.294,
        23.329,
        24.149
    ],
    "converted_from_freq": 12.3,
    "mse": [
        158.1434778975516,
        123.81891869307262,
        127.38154926046629,
        110.43553104370352,
        129.9448692236985
    ],
    "mse_mean": 129.9448692236985,
    "weight_results": [
        31.387,
        21.666,
        24.54,
        23.583,
        24.369
    ],
    "theta_results": [
        -5.069,
        -12.101,
        -11.859,
        -12.243
    ],
    "iterations": "2"
}