{
    "clk_freq": 15360,
    "input_freq": 1.39,
    "freq0": 1.401731608882748,
    "lf": 4,
    "lp": 108,
    "chosen_bias": [
        -6.16,
        -13.736,
        -13.784,
        -14.142
    ],
    "chosen_weights": [
        35.702,
        23.517,
        27.673,
        27.479,
        28.321
    ],
    "converted_from_freq": 13.9,
    "mse": [
        67.07103929629984,
        54.58217802849221,
        33.1629218854575,
        20.620805048283774,
        43.859236064633336
    ],
    "mse_mean": 43.859236064633336,
    "weight_results": [
        35.918,
        23.927,
        27.241,
        27.656,
        27.035
    ],
    "theta_results": [
        -6.072,
        -13.465,
        -13.923,
        -13.6
    ],
    "iterations": "38"
}