{
    "clk_freq": 15360,
    "input_freq": 1.41,
    "freq0": 1.4147106052612919,
    "lf": 4,
    "lp": 107,
    "chosen_bias": [
        -6.166,
        -13.546,
        -13.828,
        -14.212
    ],
    "chosen_weights": [
        35.685,
        23.729,
        27.63,
        27.394,
        28.205
    ],
    "converted_from_freq": 14.1,
    "mse": [
        68.6796988126267,
        52.09740322424945,
        29.37551887247804,
        19.156289217105897,
        42.32722753161502
    ],
    "mse_mean": 42.32722753161502,
    "weight_results": [
        35.685,
        23.729,
        27.63,
        27.394,
        28.205
    ],
    "theta_results": [
        -6.166,
        -13.546,
        -13.828,
        -14.212
    ],
    "iterations": "2"
}