{
    "clk_freq": 15360,
    "input_freq": 1.22,
    "freq0": 1.2223099629457563,
    "lf": 4,
    "lp": 124,
    "chosen_bias": [
        -4.915,
        -12.109,
        -11.999,
        -11.426
    ],
    "chosen_weights": [
        30.796,
        21.087,
        24.635,
        23.913,
        22.764
    ],
    "converted_from_freq": 12.2,
    "mse": [
        29.580129267484256,
        35.57275439177992,
        62.340735830294996,
        71.60432548889625,
        49.774486244613854
    ],
    "mse_mean": 49.774486244613854,
    "weight_results": [
        31.162,
        21.374,
        24.828,
        24.042,
        22.98
    ],
    "theta_results": [
        -5.075,
        -12.217,
        -12.081,
        -11.536
    ],
    "iterations": "127"
}