{
    "clk_freq": 15360,
    "input_freq": 1.07,
    "freq0": 1.075977080057884,
    "lf": 4,
    "lp": 141,
    "chosen_bias": [
        -3.155,
        -10.056,
        -10.046,
        -11.105
    ],
    "chosen_weights": [
        26.663,
        19.644,
        19.955,
        19.854,
        22.052
    ],
    "converted_from_freq": 10.7,
    "mse": [
        126.52703781665095,
        148.59599332220367,
        175.7352834434202,
        112.71808085940336,
        140.89409886041955
    ],
    "mse_mean": 140.89409886041955,
    "weight_results": [
        26.663,
        19.644,
        19.955,
        20.204,
        22.276
    ],
    "theta_results": [
        -3.155,
        -10.056,
        -10.221,
        -11.217
    ],
    "iterations": "2"
}