{
    "clk_freq": 15360,
    "input_freq": 1.02,
    "freq0": 1.0254278212632184,
    "lf": 4,
    "lp": 148,
    "chosen_bias": [
        -3.742,
        -10.123,
        -9.642,
        -10.086
    ],
    "chosen_weights": [
        25.436,
        18.289,
        20.427,
        19.201,
        20.276
    ],
    "converted_from_freq": 10.2,
    "mse": [
        66.0631171880395,
        44.21676679787308,
        54.24701332780885,
        29.17961466749534,
        48.426627995304194
    ],
    "mse_mean": 48.426627995304194,
    "weight_results": [
        25.436,
        18.287,
        19.667,
        19.202,
        20.297
    ],
    "theta_results": [
        -3.742,
        -9.743,
        -9.642,
        -10.095
    ],
    "iterations": "6"
}