{
    "clk_freq": 15360,
    "input_freq": 1.47,
    "freq0": 1.4833858773613546,
    "lf": 4,
    "lp": 102,
    "chosen_bias": [
        -6.137,
        -14.029,
        -14.494,
        -15.015
    ],
    "chosen_weights": [
        37.951,
        25.58,
        28.259,
        28.687,
        29.889
    ],
    "converted_from_freq": 14.7,
    "mse": [
        23.952414772727273,
        22.89163961038961,
        7.4928977272727275,
        20.387479707792206,
        18.681107954545453
    ],
    "mse_mean": 18.681107954545453,
    "weight_results": [
        37.951,
        25.58,
        28.259,
        28.687,
        29.889
    ],
    "theta_results": [
        -6.137,
        -14.029,
        -14.494,
        -15.015
    ],
    "iterations": "2"
}