{
    "clk_freq": 15360,
    "input_freq": 1.28,
    "freq0": 1.2839390367077272,
    "lf": 4,
    "lp": 118,
    "chosen_bias": [
        -5.336,
        -12.763,
        -12.648,
        -12.412
    ],
    "chosen_weights": [
        31.704,
        21.255,
        25.791,
        25.167,
        24.932
    ],
    "converted_from_freq": 12.8,
    "mse": [
        30.421543829044918,
        31.241168774531182,
        60.54095071958133,
        77.84561709550808,
        50.01232010466637
    ],
    "mse_mean": 50.01232010466637,
    "weight_results": [
        32.219,
        21.471,
        26.049,
        25.412,
        25.112
    ],
    "theta_results": [
        -5.519,
        -12.904,
        -12.761,
        -12.514
    ],
    "iterations": "460"
}