{
    "clk_freq": 15360,
    "input_freq": 1.6,
    "freq0": 1.6083025828233635,
    "lf": 4,
    "lp": 94,
    "chosen_bias": [
        -7.834,
        -15.606,
        -15.937,
        -16.792
    ],
    "chosen_weights": [
        40.952,
        25.272,
        31.537,
        31.844,
        33.296
    ],
    "converted_from_freq": 16.0,
    "mse": [
        72.2824790101635,
        57.26911179849757,
        30.620967741935484,
        53.366327883340695,
        53.38472160848431
    ],
    "mse_mean": 53.38472160848431,
    "weight_results": [
        41.127,
        25.484,
        31.392,
        31.744,
        33.304
    ],
    "theta_results": [
        -7.842,
        -15.725,
        -16.065,
        -16.82
    ],
    "iterations": "99"
}