{
    "clk_freq": 15360,
    "input_freq": 1.01,
    "freq0": 1.0118459958160233,
    "lf": 4,
    "lp": 150,
    "chosen_bias": [
        -3.677,
        -10.151,
        -9.348,
        -9.831
    ],
    "chosen_weights": [
        24.724,
        17.573,
        20.542,
        18.76,
        19.907
    ],
    "converted_from_freq": 10.1,
    "mse": [
        32.49046451437134,
        24.903895926985424,
        7.469826999046451,
        8.844571584252826,
        18.42718975616401
    ],
    "mse_mean": 18.42718975616401,
    "weight_results": [
        24.724,
        17.573,
        20.542,
        18.76,
        19.907
    ],
    "theta_results": [
        -3.677,
        -10.151,
        -9.348,
        -9.831
    ],
    "iterations": "2"
}