{
    "clk_freq": 15360,
    "input_freq": 1.14,
    "freq0": 1.14021451767328,
    "lf": 4,
    "lp": 133,
    "chosen_bias": [
        -3.014,
        -10.882,
        -11.508,
        -11.174
    ],
    "chosen_weights": [
        25.077,
        19.75,
        21.99,
        22.758,
        22.219
    ],
    "converted_from_freq": 11.4,
    "mse": [
        21.207970400061665,
        14.825714946427196,
        28.529715563092577,
        65.22708702690203,
        32.447621984120865
    ],
    "mse_mean": 32.447621984120865,
    "weight_results": [
        25.077,
        19.75,
        21.99,
        22.758,
        22.219
    ],
    "theta_results": [
        -3.014,
        -10.882,
        -11.508,
        -11.174
    ],
    "iterations": "2"
}