{
    "clk_freq": 15360,
    "input_freq": 1.48,
    "freq0": 1.4833858773613546,
    "lf": 4,
    "lp": 102,
    "chosen_bias": [
        -6.22,
        -14.024,
        -14.587,
        -15.053
    ],
    "chosen_weights": [
        37.074,
        24.515,
        28.447,
        29.182,
        30.1
    ],
    "converted_from_freq": 14.8,
    "mse": [
        65.25365259740259,
        49.239955357142854,
        32.64884334415584,
        28.193892045454547,
        43.83408583603895
    ],
    "mse_mean": 43.83408583603895,
    "weight_results": [
        37.077,
        24.513,
        28.447,
        29.182,
        30.1
    ],
    "theta_results": [
        -6.22,
        -14.024,
        -14.588,
        -15.054
    ],
    "iterations": "5"
}