{
    "clk_freq": 15360,
    "input_freq": 1.26,
    "freq0": 1.262716903869583,
    "lf": 4,
    "lp": 120,
    "chosen_bias": [
        -5.521,
        -12.896,
        -12.638,
        -11.803
    ],
    "chosen_weights": [
        31.288,
        20.653,
        26.059,
        25.539,
        23.827
    ],
    "converted_from_freq": 12.6,
    "mse": [
        40.96125492885308,
        63.12480713183611,
        96.1601234356249,
        65.58486199211383,
        66.45776187210697
    ],
    "mse_mean": 66.45776187210697,
    "weight_results": [
        31.288,
        20.653,
        26.059,
        25.155,
        23.567
    ],
    "theta_results": [
        -5.521,
        -12.896,
        -12.446,
        -11.673
    ],
    "iterations": "2"
}