{
    "clk_freq": 15360,
    "input_freq": 1.42,
    "freq0": 1.4279321997029863,
    "lf": 4,
    "lp": 106,
    "chosen_bias": [
        -6.217,
        -13.799,
        -13.853,
        -14.637
    ],
    "chosen_weights": [
        35.756,
        23.441,
        27.693,
        27.632,
        29.271
    ],
    "converted_from_freq": 14.2,
    "mse": [
        20.570676545135505,
        31.114057321115226,
        55.435952427373756,
        84.4562292844609,
        47.89422889452135
    ],
    "mse_mean": 47.89422889452135,
    "weight_results": [
        36.369,
        23.684,
        28.016,
        27.99,
        29.435
    ],
    "theta_results": [
        -6.434,
        -14.021,
        -14.063,
        -14.756
    ],
    "iterations": "473"
}