{
    "clk_freq": 15360,
    "input_freq": 1.15,
    "freq0": 1.1574904952137843,
    "lf": 4,
    "lp": 131,
    "chosen_bias": [
        -3.124,
        -10.985,
        -11.596,
        -11.55
    ],
    "chosen_weights": [
        25.576,
        19.712,
        22.241,
        23.111,
        23.204
    ],
    "converted_from_freq": 11.5,
    "mse": [
        34.76440651424992,
        30.469464453492012,
        58.38427810836204,
        78.49585029752583,
        50.52849984340745
    ],
    "mse_mean": 50.52849984340745,
    "weight_results": [
        25.578,
        19.711,
        22.241,
        23.112,
        23.204
    ],
    "theta_results": [
        -3.124,
        -10.985,
        -11.596,
        -11.55
    ],
    "iterations": "3"
}