{
    "clk_freq": 15360,
    "input_freq": 1.13,
    "freq0": 1.1317684842090336,
    "lf": 4,
    "lp": 134,
    "chosen_bias": [
        -2.955,
        -10.834,
        -11.508,
        -11.174
    ],
    "chosen_weights": [
        25.032,
        19.468,
        21.813,
        22.767,
        22.297
    ],
    "converted_from_freq": 11.3,
    "mse": [
        23.191080853667867,
        36.348122083683926,
        74.4848925265815,
        100.6612866212805,
        58.67134552130345
    ],
    "mse_mean": 58.67134552130345,
    "weight_results": [
        25.032,
        19.468,
        21.813,
        22.766,
        22.298
    ],
    "theta_results": [
        -2.955,
        -10.834,
        -11.508,
        -11.174
    ],
    "iterations": "5"
}