{
    "clk_freq": 15360,
    "input_freq": 1.3,
    "freq0": 1.3058867125488849,
    "lf": 4,
    "lp": 116,
    "chosen_bias": [
        -5.729,
        -13.147,
        -12.849,
        -12.734
    ],
    "chosen_weights": [
        32.904,
        21.713,
        26.682,
        25.69,
        25.602
    ],
    "converted_from_freq": 13.0,
    "mse": [
        40.66361860795455,
        24.187943892045453,
        45.75346235795455,
        63.8310546875,
        43.60901988636364
    ],
    "mse_mean": 43.60901988636364,
    "weight_results": [
        32.904,
        21.713,
        26.682,
        25.69,
        25.602
    ],
    "theta_results": [
        -5.729,
        -13.147,
        -12.849,
        -12.734
    ],
    "iterations": "2"
}