{
    "clk_freq": 15360,
    "input_freq": 1.35,
    "freq0": 1.3521127908691994,
    "lf": 4,
    "lp": 112,
    "chosen_bias": [
        -5.834,
        -13.149,
        -13.348,
        -13.425
    ],
    "chosen_weights": [
        33.67,
        22.755,
        26.556,
        26.556,
        26.882
    ],
    "converted_from_freq": 13.5,
    "mse": [
        85.48374919436516,
        57.59561734646902,
        64.84909308535126,
        64.97339103213332,
        68.22546266457968
    ],
    "mse_mean": 68.22546266457968,
    "weight_results": [
        33.67,
        22.755,
        26.556,
        26.556,
        26.882
    ],
    "theta_results": [
        -5.834,
        -13.149,
        -13.348,
        -13.425
    ],
    "iterations": "2"
}