{
    "clk_freq": 15360,
    "input_freq": 1.5,
    "freq0": 1.5127598551308865,
    "lf": 4,
    "lp": 100,
    "chosen_bias": [
        -6.44,
        -14.375,
        -14.949,
        -15.689
    ],
    "chosen_weights": [
        37.199,
        24.648,
        29.019,
        29.769,
        31.354
    ],
    "converted_from_freq": 15.0,
    "mse": [
        36.77006732263076,
        43.53526670119109,
        56.64930088037286,
        69.2414293112377,
        51.5490160538581
    ],
    "mse_mean": 51.5490160538581,
    "weight_results": [
        37.739,
        24.743,
        29.328,
        30.082,
        31.493
    ],
    "theta_results": [
        -6.602,
        -14.574,
        -15.124,
        -15.778
    ],
    "iterations": "277"
}