{
    "clk_freq": 15360,
    "input_freq": 1.7,
    "freq0": 1.7167274760474103,
    "lf": 4,
    "lp": 88,
    "chosen_bias": [
        -7.992,
        -16.159,
        -16.877,
        -17.57
    ],
    "chosen_weights": [
        44.586,
        28.736,
        32.551,
        33.553,
        35.008
    ],
    "converted_from_freq": 17.0,
    "mse": [
        53.64528346549888,
        43.53994555568706,
        25.32536394839626,
        23.082376612616876,
        36.398242395549765
    ],
    "mse_mean": 36.398242395549765,
    "weight_results": [
        44.585,
        28.737,
        32.552,
        33.553,
        35.008
    ],
    "theta_results": [
        -7.992,
        -16.16,
        -16.878,
        -17.57
    ],
    "iterations": "5"
}