{
    "clk_freq": 15360,
    "input_freq": 1.24,
    "freq0": 1.2421849216928418,
    "lf": 4,
    "lp": 122,
    "chosen_bias": [
        -5.103,
        -12.549,
        -12.64,
        -11.874
    ],
    "chosen_weights": [
        30.002,
        20.334,
        25.044,
        25.222,
        23.763
    ],
    "converted_from_freq": 12.4,
    "mse": [
        131.86095896182692,
        84.18050054773742,
        54.355776523131375,
        77.70203084183028,
        87.0248167186315
    ],
    "mse_mean": 87.0248167186315,
    "weight_results": [
        30.264,
        20.596,
        25.044,
        25.222,
        23.763
    ],
    "theta_results": [
        -5.234,
        -12.549,
        -12.64,
        -11.874
    ],
    "iterations": "2"
}