{
    "clk_freq": 1536000,
    "freq0": 103.23563876231049,
    "lf": 5,
    "lp": 73,
    "chosen_bias": [
        -0.783,
        -4.848,
        -5.201,
        -5.394
    ],
    "chosen_weights": [
        10.76,
        9.156,
        9.779,
        10.395,
        10.747
    ],
    "mse": [
        300.6169680111266,
        403.50716272600835,
        220.63219749652293,
        121.08379694019472,
        261.46003129346315
    ],
    "mse_mean": 261.46003129346315,
    "weight_results": [
        10.705,
        8.822,
        10.073,
        9.763,
        9.935
    ],
    "theta_results": [
        -0.789,
        -4.85,
        -4.65,
        -4.782
    ],
    "iterations": "48"
}