{
    "clk_freq": 1536000,
    "freq0": 104.64982559467092,
    "lf": 5,
    "lp": 72,
    "chosen_bias": [
        -1,
        -5,
        -5,
        -5
    ],
    "chosen_weights": [
        11,
        9,
        10,
        10,
        10
    ],
    "mse": [
        20.039001340009875,
        52.68354608928697,
        55.055645673178645,
        59.42541787150011,
        46.8009027434939
    ],
    "mse_mean": 46.8009027434939,
    "weight_results": [
        10.76,
        9.156,
        9.779,
        10.395,
        10.747
    ],
    "theta_results": [
        -0.783,
        -4.848,
        -5.201,
        -5.394
    ],
    "iterations": "29"
}