{
    "clk_freq": 1536000,
    "freq0": 100.51891142646022,
    "lf": 5,
    "lp": 75,
    "chosen_bias": [
        -0.789,
        -4.85,
        -4.65,
        -4.782
    ],
    "chosen_weights": [
        10.705,
        8.822,
        10.073,
        9.763,
        9.935
    ],
    "mse": [
        400.07164118522525,
        430.15715058855363,
        267.48315518874307,
        37.31592477337302,
        283.7569679339738
    ],
    "mse_mean": 283.7569679339738,
    "weight_results": [
        8.278,
        6.554,
        6.581,
        9.322,
        9.596
    ],
    "theta_results": [
        0.867,
        -3.2,
        -4.472,
        -4.604
    ],
    "iterations": "64"
}