{
    "clk_freq": 1536000,
    "freq0": 99.21347101832437,
    "lf": 5,
    "lp": 76,
    "chosen_bias": [
        0.867,
        -3.2,
        -4.472,
        -4.604
    ],
    "chosen_weights": [
        8.278,
        6.554,
        6.581,
        9.322,
        9.596
    ],
    "mse": [
        892.3607421744643,
        190.82233197623975,
        63.47854234799439,
        98.46185677100713,
        311.28086831742644
    ],
    "mse_mean": 311.28086831742644,
    "weight_results": [
        9.321,
        7.492,
        7.46,
        9.208,
        10.001
    ],
    "theta_results": [
        -0.75,
        -3.586,
        -4.449,
        -4.851
    ],
    "iterations": "302"
}