{
    "amplitude_gain": 0.22741818485233756,
    "lf_lp_option": 5,
    "th_gain0": 0.0770601288828003,
    "th_gain1": 0.11022367046546638,
    "th_gain2": 0.09834237164884888,
    "th_gain3": 0.03687983407524873,
    "weight_gain0": 0.11713574178916568,
    "weight_gain1": 0.14481152503521838,
    "weight_gain2": 0.03470583606662919,
    "weight_gain3": 0.16896584370520368,
    "weight_gain4": 0.16094767091721332,
    "LF": 8.0,
    "LP": 9.0,
    "f_resonator": 9.549296585513721
}