{
    "amplitude_gain": 2.61820403771571,
    "lf_lp_option": 2,
    "th_gain0": 18.146520818532387,
    "th_gain1": 4.366346143425705,
    "th_gain2": 8.898778523119699,
    "th_gain3": 2.1139594124476098,
    "weight_gain0": 6.75085460032817,
    "weight_gain1": 7.005392774660387,
    "weight_gain2": 11.709860977384887,
    "weight_gain3": 10.626627381513822,
    "weight_gain4": 18.245900195003564,
    "LF": 5.0,
    "LP": 7.0,
    "f_resonator": 95.4929658551372
}