{
    "amplitude_gain": 0.39102810356868595,
    "lf_lp_option": 2,
    "th_gain0": 0.3760069067415319,
    "th_gain1": 0.33881248186221863,
    "th_gain2": 0.30090658194729647,
    "th_gain3": 0.33303209450597837,
    "weight_gain0": 0.3958800924016245,
    "weight_gain1": 0.3204219040188175,
    "weight_gain2": 0.34713064425727197,
    "weight_gain3": 0.33966399548009724,
    "weight_gain4": 0.30009430512457336,
    "LF": 5.0,
    "LP": 50.0,
    "f_resonator": 14.97928876159015
}