{
    "amplitude_gain": 0.10728754792351868,
    "lf_lp_option": 4,
    "th_gain0": 0.4642795587250967,
    "th_gain1": 0.2136737001421584,
    "th_gain2": 0.19715810136380907,
    "th_gain3": 0.42481684097044214,
    "weight_gain0": 0.11347269020670026,
    "weight_gain1": 0.31221546302157427,
    "weight_gain2": 0.294755402276271,
    "weight_gain3": 0.24144679271825756,
    "weight_gain4": 0.21280722679779893,
    "LF": 7.0,
    "LP": 9.0,
    "f_resonator": 19.098593171027442
}