{
    "amplitude_gain": 0.06013380780524702,
    "lf_lp_option": 6,
    "th_gain0": 0.2808459798027006,
    "th_gain1": 0.2160271719308613,
    "th_gain2": 0.10286388735887449,
    "th_gain3": 0.2268990864775443,
    "weight_gain0": 0.11245123196581822,
    "weight_gain1": 0.26616354967575134,
    "weight_gain2": 0.08719351394232795,
    "weight_gain3": 0.07126241952249662,
    "weight_gain4": 0.14028047595366086,
    "LF": 9.0,
    "LP": 1.0,
    "f_resonator": 23.8732414637843
}