{
    "amplitude_gain": 1.5486138041504327,
    "lf_lp_option": 3,
    "th_gain0": 1.366072175663774,
    "th_gain1": 0.7213443425887671,
    "th_gain2": 0.8089345855823298,
    "th_gain3": 0.4592965000377741,
    "weight_gain0": 0.8446435864776729,
    "weight_gain1": 1.05981010919678,
    "weight_gain2": 0.41606274990493136,
    "weight_gain3": 0.4253624314904827,
    "weight_gain4": 1.3218700145655784,
    "LF": 6.0,
    "LP": 12.0,
    "f_resonator": 29.382451032349906
}