{
    "amplitude_gain": 0.2667006306799552,
    "lf_lp_option": 4,
    "th_gain0": 0.668506260542234,
    "th_gain1": 0.2285284677211732,
    "th_gain2": 0.6999224907346537,
    "th_gain3": 0.5570698235386589,
    "weight_gain0": 0.37222893161503384,
    "weight_gain1": 0.3614519917939043,
    "weight_gain2": 0.5182474794193204,
    "weight_gain3": 0.1810378630352544,
    "weight_gain4": 0.6458032209863733,
    "LF": 7.0,
    "LP": 5.0,
    "f_resonator": 31.830988618379067
}