{
    "amplitude_gain": 0.276485580468814,
    "lf_lp_option": 4,
    "th_gain0": 0.7025052068415099,
    "th_gain1": 1.0457244773317083,
    "th_gain2": 0.9963851514241758,
    "th_gain3": 1.5908488429404142,
    "weight_gain0": 0.5578302507302833,
    "weight_gain1": 0.521138194654458,
    "weight_gain2": 1.6511583692882768,
    "weight_gain3": 0.5240348804021184,
    "weight_gain4": 1.446426010505448,
    "LF": 7.0,
    "LP": 4.0,
    "f_resonator": 38.197186342054884
}