{
    "amplitude_gain": 1.847935762321144,
    "lf_lp_option": 1,
    "th_gain0": 9.837047768723735,
    "th_gain1": 6.151402758483686,
    "th_gain2": 4.362707559531772,
    "th_gain3": 1.7462279095512998,
    "weight_gain0": 1.8296051671362008,
    "weight_gain1": 2.140260192747632,
    "weight_gain2": 6.31161126919046,
    "weight_gain3": 2.602217227941779,
    "weight_gain4": 8.4470744474907,
    "LF": 4.0,
    "LP": 33.0,
    "f_resonator": 44.93786628477044
}