{
    "amplitude_gain": 0.024710132260936893,
    "lf_lp_option": 5,
    "th_gain0": 0.04347230420161065,
    "th_gain1": 0.039378769888232384,
    "th_gain2": 0.016084857172182398,
    "th_gain3": 0.010989220948503875,
    "weight_gain0": 0.03356847333439268,
    "weight_gain1": 0.03815155684184936,
    "weight_gain2": 0.02771833336317564,
    "weight_gain3": 0.016162715585591424,
    "weight_gain4": 0.048694928407200584,
    "LF": 9.0,
    "LP": 9.0,
    "f_resonator": 4.7746482927568605
}