{
    "amplitude_gain": 0.8038012323799335,
    "lf_lp_option": 3,
    "th_gain0": 0.5474615751055139,
    "th_gain1": 1.3819569519970525,
    "th_gain2": 0.7083954961960194,
    "th_gain3": 1.9726749823419265,
    "weight_gain0": 1.0296462007311855,
    "weight_gain1": 4.48114766355231,
    "weight_gain2": 0.8002373879228188,
    "weight_gain3": 0.7855026214113747,
    "weight_gain4": 0.5377692707666702,
    "LF": 6.0,
    "LP": 7.0,
    "f_resonator": 47.7464829275686
}