{
    "amplitude_gain": 3.163337119852953,
    "lf_lp_option": 1,
    "th_gain0": 20.260226131737863,
    "th_gain1": 15.734602904947653,
    "th_gain2": 13.164872466903148,
    "th_gain3": 4.074618810183551,
    "weight_gain0": 4.744192812324202,
    "weight_gain1": 3.4879367966873724,
    "weight_gain2": 18.727021420304744,
    "weight_gain3": 13.89895030832598,
    "weight_gain4": 15.111646433189247,
    "LF": 4.0,
    "LP": 27.0,
    "f_resonator": 54.567409060078404
}