{
    "amplitude_gain": 8.02375564770033,
    "lf_lp_option": 0,
    "th_gain0": 14.91783440078319,
    "th_gain1": 30.099756812367424,
    "th_gain2": 6.882739733720047,
    "th_gain3": 21.08001854447899,
    "weight_gain0": 16.777632332458438,
    "weight_gain1": 30.248123795532056,
    "weight_gain2": 45.59352233806661,
    "weight_gain3": 17.13223890520836,
    "weight_gain4": 29.619812952157567,
    "LF": 3.0,
    "LP": 50.0,
    "f_resonator": 59.9171550463606
}