{
    "amplitude_gain": 2.8841337584114073,
    "lf_lp_option": 1,
    "th_gain0": 23.253976643710498,
    "th_gain1": 18.464000659003105,
    "th_gain2": 15.543954137248434,
    "th_gain3": 5.850141559022694,
    "weight_gain0": 5.849613328696171,
    "weight_gain1": 3.7053644398169014,
    "weight_gain2": 21.402590925804414,
    "weight_gain3": 15.597752090509605,
    "weight_gain4": 17.940122787066727,
    "LF": 4.0,
    "LP": 23.0,
    "f_resonator": 63.66197723675813
}