{
    "amplitude_gain": 0.713266665809497,
    "lf_lp_option": 3,
    "th_gain0": 6.068633350370828,
    "th_gain1": 3.0489997838332146,
    "th_gain2": 2.3996156067740113,
    "th_gain3": 1.8989733955283414,
    "weight_gain0": 1.3844800267830046,
    "weight_gain1": 1.174133755315552,
    "weight_gain2": 1.757498484200319,
    "weight_gain3": 6.079421893369332,
    "weight_gain4": 2.138269493222236,
    "LF": 6.0,
    "LP": 5.0,
    "f_resonator": 63.66197723675813
}