{
    "amplitude_gain": 39.65957481599848,
    "lf_lp_option": 0,
    "th_gain0": 29.651652664951143,
    "th_gain1": 39.15181263998684,
    "th_gain2": 6.055824356754342,
    "th_gain3": 8.003503502445659,
    "weight_gain0": 6.381069750398588,
    "weight_gain1": 9.540263286657718,
    "weight_gain2": 29.737944256234524,
    "weight_gain3": 37.24834131285517,
    "weight_gain4": 24.010739298886108,
    "LF": 3.0,
    "LP": 40.0,
    "f_resonator": 74.5310953015705
}