{
    "amplitude_gain": 2.8573812916933456,
    "lf_lp_option": 3,
    "th_gain0": 5.926065990007564,
    "th_gain1": 2.358274189711074,
    "th_gain2": 1.0969366450616325,
    "th_gain3": 3.3596279555263386,
    "weight_gain0": 2.673935152985563,
    "weight_gain1": 4.976595456813461,
    "weight_gain2": 7.295067061201877,
    "weight_gain3": 7.298951397476015,
    "weight_gain4": 2.832175148937859,
    "LF": 6.0,
    "LP": 4.0,
    "f_resonator": 76.39437268410977
}