{
    "amplitude_gain": 3.7925811535443796,
    "lf_lp_option": 1,
    "th_gain0": 30.151366709600445,
    "th_gain1": 5.971205523999214,
    "th_gain2": 21.026586036057672,
    "th_gain3": 18.204426443147625,
    "weight_gain0": 5.0602382934457255,
    "weight_gain1": 4.215480241123064,
    "weight_gain2": 30.999250442593652,
    "weight_gain3": 21.301306841608522,
    "weight_gain4": 22.96472287544645,
    "LF": 4.0,
    "LP": 17.0,
    "f_resonator": 84.88263631567752
}