{
    "amplitude_gain": 6.817710445231524,
    "lf_lp_option": 1,
    "th_gain0": 6.466883431313697,
    "th_gain1": 7.219628933408679,
    "th_gain2": 19.851029421652623,
    "th_gain3": 14.265007680057984,
    "weight_gain0": 5.027400750240017,
    "weight_gain1": 26.19909202956294,
    "weight_gain2": 30.907813063376746,
    "weight_gain3": 18.9438315923295,
    "weight_gain4": 29.158522803426937,
    "LF": 4.0,
    "LP": 16.0,
    "f_resonator": 89.87573256954089
}