{
    "amplitude_gain": 4.439976936486761,
    "lf_lp_option": 1,
    "th_gain0": 34.933748363412704,
    "th_gain1": 7.997170371335921,
    "th_gain2": 24.772980503013095,
    "th_gain3": 9.680851727843145,
    "weight_gain0": 7.382962707062923,
    "weight_gain1": 5.920054654946589,
    "weight_gain2": 31.943232315863263,
    "weight_gain3": 22.9580146597862,
    "weight_gain4": 26.055789357393014,
    "LF": 4.0,
    "LP": 15.0,
    "f_resonator": 95.4929658551372
}