{
    "clk_freq": 15360,
    "freq0": 1.9,
    "f_resonator": 1.909859317102744,
    "lf": 4,
    "mse": [
        293.03486214209966,
        121.98568398727465,
        174.88838812301165,
        242.40323435843055
    ],
    "mean_mse": 208.07804215270414,
    "chosen_bias": [
        -22.972,
        -20.365,
        -18.31,
        -18.796
    ],
    "chosen_weights": [
        75.971,
        31.307,
        40.053,
        36.719,
        37.694
    ],
    "peaks": [
        "196.95",
        "197.04",
        "197.14",
        "197.23"
    ],
    "snrs": [
        "12.26",
        "12.27",
        "12.21",
        "12.04"
    ],
    "best_neuron": 1
}