{
    "clk_freq": 1536000,
    "freq0": 105.0,
    "f_resonator": 105.37154852980657,
    "lf": 4,
    "mse": [
        133.5792015911351,
        109.49488563716437,
        158.4242790169058,
        220.03089927546526
    ],
    "mean_mse": 155.38231638016762,
    "chosen_bias": [
        -11.912,
        -11.103,
        -9.652,
        -9.996
    ],
    "chosen_weights": [
        42.046,
        18.636,
        21.913,
        19.553,
        20.16
    ],
    "peaks": [
        "112.70",
        "112.88",
        "113.04",
        "113.21"
    ],
    "snrs": [
        "10.64",
        "10.57",
        "10.43",
        "10.26"
    ],
    "best_neuron": 1
}