{
    "clk_freq": 153600,
    "freq0": 11.5,
    "f_resonator": 11.574904952137842,
    "lf": 4,
    "mse": [
        132.00023488881928,
        139.73708111493892,
        172.32344190416535,
        241.33651738177264
    ],
    "mean_mse": 171.34931882242404,
    "chosen_bias": [
        -13.016,
        -12.335,
        -10.737,
        -10.707
    ],
    "chosen_weights": [
        46.083,
        20.491,
        24.346,
        21.682,
        21.655
    ],
    "peaks": [
        "122.89",
        "123.03",
        "123.19",
        "123.34"
    ],
    "snrs": [
        "10.93",
        "10.88",
        "10.77",
        "10.59"
    ],
    "best_neuron": 1
}