{
    "clk_freq": 1536000,
    "freq0": 110.0,
    "f_resonator": 110.71648215088372,
    "lf": 4,
    "mse": [
        148.53577570093458,
        196.04545794392524,
        199.82392523364487,
        288.8061308411215
    ],
    "mean_mse": 208.30282242990654,
    "chosen_bias": [
        -12.327,
        -11.735,
        -9.997,
        -10.622
    ],
    "chosen_weights": [
        43.742,
        19.585,
        23.06,
        20.334,
        21.4
    ],
    "peaks": [
        "117.89",
        "118.06",
        "118.22",
        "118.38"
    ],
    "snrs": [
        "10.81",
        "10.78",
        "10.66",
        "10.48"
    ],
    "best_neuron": 1
}