{
    "clk_freq": 153600,
    "freq0": 12.8,
    "f_resonator": 12.839390367077272,
    "lf": 4,
    "mse": [
        118.59563890100306,
        127.38360226777148,
        157.49184474487572,
        225.38621892716964
    ],
    "mean_mse": 157.21432621020497,
    "chosen_bias": [
        -14.609,
        -13.618,
        -11.787,
        -12.061
    ],
    "chosen_weights": [
        51.511,
        22.744,
        26.914,
        23.81,
        24.306
    ],
    "peaks": [
        "135.64",
        "135.79",
        "135.93",
        "134.93"
    ],
    "snrs": [
        "11.23",
        "11.22",
        "11.14",
        "10.93"
    ],
    "best_neuron": 4
}