{
    "clk_freq": 1536000,
    "freq0": 130.0,
    "f_resonator": 130.58867125488848,
    "lf": 4,
    "mse": [
        134.07368607954547,
        153.93288352272728,
        193.4220525568182,
        262.28196022727275
    ],
    "mean_mse": 185.92764559659093,
    "chosen_bias": [-38.705, -14.082, -11.844, -12.294],
    "chosen_weights": [97.872, 21.307, 27.448, 24.055, 24.879],
    "peaks": [
        "137.85",
        "137.99",
        "136.99",
        "137.14"
    ],
    "snrs": [
        "11.32",
        "11.32",
        "11.17",
        "11.03"
    ],
    "best_neuron": 3
}