{
    "clk_freq": 1536000,
    "freq0": 159.0,
    "f_resonator": 159.15494309189535,
    "lf": 4,
    "mse": [
        143.7458479020979,
        177.0819493006993,
        219.39291958041957,
        296.4262456293706
    ],
    "mean_mse": 209.16174060314688,
    "chosen_bias": [
        -18.833,
        -17.091,
        -14.972,
        -15.48
    ],
    "chosen_weights": [
        63.287,
        26.537,
        33.677,
        30.133,
        31.076
    ],
    "peaks": [
        "165.50",
        "165.62",
        "165.73",
        "164.93"
    ],
    "snrs": [
        "11.82",
        "11.85",
        "11.75",
        "11.57"
    ],
    "best_neuron": 4
}