{
    "clk_freq": 153600,
    "freq0": 17.5,
    "f_resonator": 17.76613318235111,
    "lf": 4,
    "mse": [
        30.370271580989332,
        26.351964112512125,
        17.815834141610086,
        15.439864209505334
    ],
    "mean_mse": 22.49448351115422,
    "chosen_bias": [
        -24.442,
        -17.659,
        -17.053,
        -16.969
    ],
    "chosen_weights": [
        78.467,
        29.833,
        35.414,
        34.069,
        33.882
    ],
    "peaks": [
        "179.40",
        "180.34",
        "179.60",
        "179.70"
    ],
    "snrs": [
        "10.31",
        "10.37",
        "10.30",
        "10.13"
    ],
    "best_neuron": 1
}