{
    "clk_freq": 153600,
    "freq0": 19.5,
    "f_resonator": 19.588300688233272,
    "lf": 4,
    "mse": [
        301.8421626038404,
        141.4928503336511,
        195.192836715239,
        265.2940215170911
    ],
    "mean_mse": 225.95546779245538,
    "chosen_bias": [
        -23.292,
        -20.967,
        -18.739,
        -19.253
    ],
    "chosen_weights": [
        77.357,
        32.09,
        41.255,
        37.596,
        38.596
    ],
    "peaks": [
        "202.22",
        "202.31",
        "201.65",
        "202.50"
    ],
    "snrs": [
        "12.35",
        "12.34",
        "12.26",
        "12.08"
    ],
    "best_neuron": 3
}