{
    "clk_freq": 15360,
    "freq0": 2.88,
    "f_resonator": 2.8828065163815006,
    "lf": 4,
    "mse": [
        217.8360248447205,
        40.97287784679089,
        88.48757763975155,
        120.97908902691512
    ],
    "mean_mse": 117.06889233954452,
    "chosen_bias": [
        -38.576,
        -29.943,
        -28.106,
        -27.831
    ],
    "chosen_weights": [
        123.81,
        48.212,
        59.177,
        56.132,
        55.85
    ],
    "peaks": [
        "293.05",
        "293.12",
        "292.67",
        "292.73"
    ],
    "snrs": [
        "12.70",
        "12.76",
        "12.70",
        "12.55"
    ],
    "best_neuron": 3
}