{
    "clk_freq": 153600,
    "freq0": 22.1,
    "f_resonator": 22.143296430176744,
    "lf": 4,
    "mse": [
        268.0866728797763,
        158.06197576887232,
        228.23128300714507,
        309.8625349487418
    ],
    "mean_mse": 241.0606166511339,
    "chosen_bias": [
        -26.511,
        -23.624,
        -21.416,
        -21.755
    ],
    "chosen_weights": [
        87.574,
        36.152,
        46.334,
        42.9,
        43.672
    ],
    "peaks": [
        "227.34",
        "227.43",
        "227.51",
        "227.60"
    ],
    "snrs": [
        "12.53",
        "12.59",
        "12.49",
        "12.35"
    ],
    "best_neuron": 1
}