{
    "clk_freq": 153600,
    "freq0": 27.90,
    "f_resonator": 28.828065163815006,
    "lf": 4,
    "mse": [
        285.47464503042596,
        216.30872210953348,
        117.50608519269777,
        47.1551724137931
    ],
    "mean_mse": 166.6111561866126,
    "chosen_bias": [
        -87.121,
        -27.251,
        -27.245,
        -28.08
    ],
    "chosen_weights": [
        223.098,
        48.757,
        55.048,
        54.062,
        55.662
    ],
    "peaks": [
        "283.15",
        "283.22",
        "282.22",
        "282.28"
    ],
    "snrs": [
        "9.42",
        "9.51",
        "9.49",
        "9.31"
    ],
    "best_neuron": 1
}