{
    "clk_freq": 15360,
    "freq0": 3.39,
    "f_resonator": 3.3953054526271006,
    "lf": 4,
    "mse": [
        156.86583850931677,
        63.370683229813665,
        81.2544099378882,
        98.75229813664596
    ],
    "mean_mse": 100.06080745341615,
    "chosen_bias": [
        -45.112,
        -36.415,
        -32.509,
        -32.316
    ],
    "chosen_weights": [
        144.962,
        56.675,
        72.227,
        64.768,
        64.959
    ],
    "peaks": [
        "343.48",
        "343.54",
        "343.15",
        "344.08"
    ],
    "snrs": [
        "12.67",
        "12.72",
        "12.65",
        "12.53"
    ],
    "best_neuron": 3
}