{
    "clk_freq": 153600,
    "freq0": 30.50,
    "f_resonator": 30.5577490736439,
    "lf": 4,
    "mse": [
        198.5368816254417,
        46.29681978798587,
        93.86329505300354,
        120.62257067137809
    ],
    "mean_mse": 114.8298917844523,
    "chosen_bias": [
        -37.124,
        -32.549,
        -29.814,
        -29.008
    ],
    "chosen_weights": [
        123.204,
        50.851,
        64.454,
        59.25,
        58.383
    ],
    "peaks": [
        "309.97",
        "310.03",
        "310.09",
        "309.66"
    ],
    "snrs": [
        "12.74",
        "12.80",
        "12.74",
        "12.58"
    ],
    "best_neuron": 4
}