{
    "clk_freq": 153600,
    "freq0": 37.20,
    "f_resonator": 37.265547650785254,
    "lf": 4,
    "mse": [
        162.58929064311343,
        82.40242892630417,
        114.60309136075075,
        129.74358266629864
    ],
    "mean_mse": 122.33459839911674,
    "chosen_bias": [
        -48.663,
        -40.06,
        -35.864,
        -35.336
    ],
    "chosen_weights": [
        157.321,
        62.183,
        79.307,
        71.374,
        71.063
    ],
    "peaks": [
        "376.80",
        "376.45",
        "376.50",
        "376.15"
    ],
    "snrs": [
        "12.78",
        "12.80",
        "12.74",
        "12.60"
    ],
    "best_neuron": 4
}