{
    "clk_freq": 153600,
    "freq0": 40.20,
    "f_resonator": 40.20756457058409,
    "lf": 4,
    "mse": [
        225.23600240818783,
        28.006923540036123,
        59.76038531005418,
        51.41721854304636
    ],
    "mean_mse": 91.10513245033113,
    "chosen_bias": [
        -52.983,
        -43.606,
        -39.073,
        -37.241
    ],
    "chosen_weights": [
        170.532,
        67.256,
        86.596,
        77.271,
        75.25
    ],
    "peaks": [
        "405.93",
        "405.98",
        "405.65",
        "406.07"
    ],
    "snrs": [
        "12.75",
        "12.83",
        "12.75",
        "12.63"
    ],
    "best_neuron": 3
}