{
    "clk_freq": 153600,
    "freq0": 43.60,
    "f_resonator": 43.653927248062723,
    "lf": 4,
    "mse": [
        221.09569536423842,
        31.504635761589405,
        62.8182119205298,
        38.55165562913907
    ],
    "mean_mse": 88.49254966887418,
    "chosen_bias": [
        -58.654,
        -47.541,
        -42.627,
        -40.103
    ],
    "chosen_weights": [
        187.055,
        72.849,
        94.515,
        84.064,
        81.135
    ],
    "peaks": [
        "440.66",
        "441.04",
        "440.74",
        "440.79"
    ],
    "snrs": [
        "12.70",
        "12.78",
        "12.70",
        "12.53"
    ],
    "best_neuron": 1
}