{
    "clk_freq": 153600,
    "freq0": 46.20,
    "f_resonator": 46.29961980855137,
    "lf": 4,
    "mse": [
        117.00177367860944,
        149.65023057821924,
        244.5069173465768,
        229.1720468251153
    ],
    "mean_mse": 185.0827421071302,
    "chosen_bias": [
        -61.279,
        -49.554,
        -45.289,
        -44.119
    ],
    "chosen_weights": [
        194.982,
        75.689,
        97.964,
        90.261,
        89.009
    ],
    "peaks": [
        "466.45",
        "466.82",
        "466.21",
        "466.89"
    ],
    "snrs": [
        "12.89",
        "12.96",
        "12.90",
        "12.77"
    ],
    "best_neuron": 3
}