{
    "clk_freq": 153600,
    "freq0": 47.70,
    "f_resonator": 47.746482927568604,
    "lf": 4,
    "mse": [
        191.93782192788817,
        63.90213392200147,
        122.38557763061074,
        122.93524650478292
    ],
    "mean_mse": 125.29019499632082,
    "chosen_bias": [
        -62.781,
        -51.17,
        -46.907,
        -45.359
    ],
    "chosen_weights": [
        200.524,
        78.397,
        101.374,
        92.831,
        91.37
    ],
    "peaks": [
        "481.33",
        "481.05",
        "480.78",
        "480.51"
    ],
    "snrs": [
        "12.87",
        "12.92",
        "12.87",
        "12.74"
    ],
    "best_neuron": 4
}