{
    "clk_freq": 15360,
    "freq0": 5.09,
    "f_resonator": 5.092958178940651,
    "lf": 4,
    "mse": [
        181.9968216130314,
        29.18633293603496,
        91.74731823599524,
        50.438220103297574
    ],
    "mean_mse": 88.3421732220898,
    "chosen_bias": [
        -69.695,
        -55.164,
        -50.732,
        -47.095
    ],
    "chosen_weights": [
        219.153,
        83.76,
        109.522,
        99.543,
        95.232
    ],
    "peaks": [
        "512.13",
        "513.34",
        "511.32",
        "511.06"
    ],
    "snrs": [
        "12.70",
        "12.75",
        "12.68",
        "12.52"
    ],
    "best_neuron": 4
}