{
    "clk_freq": 15360,
    "freq0": 5.87,
    "f_resonator": 5.876490206469981,
    "lf": 4,
    "mse": [
        184.9096926713948,
        55.508274231678485,
        98.34657210401892,
        34.70401891252955
    ],
    "mean_mse": 93.36713947990543,
    "chosen_bias": [
        -88.619,
        -64.356,
        -59.071,
        -53.569
    ],
    "chosen_weights": [
        268.708,
        95.611,
        128.823,
        115.302,
        107.954
    ],
    "peaks": [
        "590.49",
        "590.27",
        "590.30",
        "590.33"
    ],
    "snrs": [
        "12.63",
        "12.65",
        "12.66",
        "12.46"
    ],
    "best_neuron": 2
}