{
    "clk_freq": 153600,
    "freq0": 54.50,
    "f_resonator": 54.5674090600784,
    "lf": 4,
    "mse": [
        188.81001727115716,
        54.04922279792746,
        95.62003454231433,
        32.725820379965455
    ],
    "mean_mse": 92.80127374784111,
    "chosen_bias": [
        -81.139,
        -59.604,
        -54.623,
        -49.983
    ],
    "chosen_weights": [
        247.52,
        89.124,
        119.23,
        106.752,
        100.593
    ],
    "peaks": [
        "547.79",
        "548.92",
        "547.58",
        "548.44"
    ],
    "snrs": [
        "12.54",
        "12.62",
        "12.53",
        "12.41"
    ],
    "best_neuron": 3
}