{
    "clk_freq": 15360,
    "freq0": 6.36,
    "f_resonator": 6.366197723675814,
    "lf": 4,
    "mse": [
        172.51306165099268,
        80.8385579937304,
        124.25809822361546,
        42.80773249738767
    ],
    "mean_mse": 105.10436259143155,
    "chosen_bias": [
        -98.054,
        -70.205,
        -64.087,
        -57.686
    ],
    "chosen_weights": [
        294.356,
        103.068,
        140.527,
        124.915,
        116.543
    ],
    "peaks": [
        "639.52",
        "640.48",
        "637.93",
        "637.72"
    ],
    "snrs": [
        "12.57",
        "12.63",
        "12.57",
        "12.41"
    ],
    "best_neuron": 4
}