{
    "clk_freq": 15360,
    "freq0": 6.94,
    "f_resonator": 6.944942971282707,
    "lf": 4,
    "mse": [
        182.5458260361938,
        97.2790426152948,
        133.63047285464097,
        53.453006421482776
    ],
    "mean_mse": 116.72708698190308,
    "chosen_bias": [
        -113.694,
        -77.332,
        -69.207,
        -62.432
    ],
    "chosen_weights": [
        334.262,
        112.405,
        154.573,
        135.118,
        126.891
    ],
    "peaks": [
        "697.41",
        "693.98",
        "694.01",
        "692.51"
    ],
    "snrs": [
        "12.33",
        "12.34",
        "12.28",
        "12.13"
    ],
    "best_neuron": 3
}