{
    "clk_freq": 153600,
    "freq0": 89.80,
    "f_resonator": 89.87573256954089,
    "lf": 4,
    "mse": [
        79.55408753096614,
        103.95953757225433,
        221.3608587943848,
        127.72089182493806
    ],
    "mean_mse": 133.14884393063585,
    "chosen_bias": [
        -106.516,
        -93.167,
        -90.835,
        -81.611
    ],
    "chosen_weights": [
        359.026,
        152.001,
        182.454,
        179.91,
        167.481
    ],
    "peaks": [
        "903.54",
        "903.72",
        "903.58",
        "897.60"
    ],
    "snrs": [
        "12.54",
        "12.57",
        "12.46",
        "12.24"
    ],
    "best_neuron": 4
}