{
    "clk_freq": 15360,
    "freq0": 9.54,
    "f_resonator": 9.549296585513721,
    "lf": 4,
    "mse": [
        104.2963963963964,
        103.68288288288288,
        238.0018018018018,
        126.21621621621621
    ],
    "mean_mse": 143.04932432432435,
    "chosen_bias": [
        -117.549,
        -100.74,
        -96.393,
        -85.843
    ],
    "chosen_weights": [
        387.993,
        160.185,
        197.341,
        190.822,
        177.199
    ],
    "peaks": [
        "957.38",
        "955.04",
        "954.91",
        "954.93"
    ],
    "snrs": [
        "12.73",
        "12.71",
        "12.63",
        "12.45"
    ],
    "best_neuron": 4
}