{
    "clk_freq": 153600,
    "input_freq": 10.4,
    "freq0": 10.464982559467092,
    "lf": 4,
    "lp": 145,
    "chosen_bias": [
        -3.512,
        -9.747,
        -9.382,
        -10.468
    ],
    "chosen_weights": [
        27.533,
        20.43,
        19.662,
        18.7,
        20.884
    ],
    "converted_from_freq": 104,
    "mse": [
        10.09718597926511,
        18.95803653290077,
        60.26073771069892,
        64.9789124761972,
        38.5737181747655
    ],
    "mse_mean": 38.5737181747655,
    "weight_results": [
        27.533,
        20.43,
        19.662,
        18.7,
        20.884
    ],
    "theta_results": [
        -3.512,
        -9.747,
        -9.382,
        -10.468
    ],
    "iterations": "3"
}