{
    "clk_freq": 153600,
    "input_freq": 10.7,
    "freq0": 10.75977080057884,
    "lf": 4,
    "lp": 141,
    "chosen_bias": [
        -3.155,
        -10.056,
        -10.046,
        -11.105
    ],
    "chosen_weights": [
        26.663,
        19.644,
        19.955,
        19.854,
        22.052
    ],
    "converted_from_freq": 107,
    "mse": [
        62.90317195325542,
        50.600856499963704,
        42.54148218044567,
        19.916817884880597,
        43.990582129636344
    ],
    "mse_mean": 43.990582129636344,
    "weight_results": [
        26.663,
        19.644,
        19.955,
        19.854,
        22.052
    ],
    "theta_results": [
        -3.155,
        -10.056,
        -10.046,
        -11.105
    ],
    "iterations": "2"
}