{
    "clk_freq": 153600,
    "input_freq": 10.5,
    "freq0": 10.537154852980658,
    "lf": 4,
    "lp": 144,
    "chosen_bias": [
        -3.512,
        -9.747,
        -9.425,
        -10.468
    ],
    "chosen_weights": [
        27.533,
        20.43,
        19.662,
        18.786,
        20.884
    ],
    "converted_from_freq": 105,
    "mse": [
        34.9211535729507,
        16.493322915186816,
        21.322560022730503,
        9.91774399772695,
        20.663695127148742
    ],
    "mse_mean": 20.663695127148742,
    "weight_results": [
        27.533,
        20.43,
        19.662,
        18.786,
        20.884
    ],
    "theta_results": [
        -3.512,
        -9.747,
        -9.425,
        -10.468
    ],
    "iterations": "2"
}