{
    "clk_freq": 153600,
    "input_freq": 10.6,
    "freq0": 10.61032953945969,
    "lf": 4,
    "lp": 143,
    "chosen_bias": [
        -3.154,
        -10.055,
        -9.933,
        -10.832
    ],
    "chosen_weights": [
        26.663,
        19.644,
        19.955,
        19.63,
        21.508
    ],
    "converted_from_freq": 106,
    "mse": [
        113.85956503076262,
        96.97946773501216,
        60.71805694663042,
        103.86700529403348,
        93.85602375160968
    ],
    "mse_mean": 93.85602375160968,
    "weight_results": [
        26.663,
        19.644,
        19.955,
        19.63,
        21.508
    ],
    "theta_results": [
        -3.154,
        -10.055,
        -9.933,
        -10.832
    ],
    "iterations": "2"
}