{
    "clk_freq": 153600,
    "input_freq": 10.2,
    "freq0": 10.254278212632183,
    "lf": 4,
    "lp": 148,
    "chosen_bias": [
        -3.676,
        -10.09,
        -9.575,
        -10.03
    ],
    "chosen_weights": [
        25.304,
        18.157,
        20.361,
        19.067,
        20.164
    ],
    "converted_from_freq": 102,
    "mse": [
        66.94958911677371,
        33.713486637663145,
        67.4502451488157,
        56.10171949451005,
        56.05376009944065
    ],
    "mse_mean": 56.05376009944065,
    "weight_results": [
        25.436,
        18.289,
        20.427,
        19.201,
        20.276
    ],
    "theta_results": [
        -3.742,
        -10.123,
        -9.642,
        -10.086
    ],
    "iterations": "2"
}