{
    "clk_freq": 153600,
    "input_freq": 11.8,
    "freq0": 11.844088788234073,
    "lf": 4,
    "lp": 128,
    "chosen_bias": [
        -3.589,
        -11.391,
        -11.916,
        -11.172
    ],
    "chosen_weights": [
        26.808,
        20.117,
        23.144,
        23.907,
        22.573
    ],
    "converted_from_freq": 118,
    "mse": [
        101.98925421010425,
        54.79663191659984,
        25.268243785084202,
        18.52718524458701,
        50.145328789093824
    ],
    "mse_mean": 50.145328789093824,
    "weight_results": [
        26.808,
        20.117,
        23.144,
        23.907,
        22.573
    ],
    "theta_results": [
        -3.589,
        -11.391,
        -11.916,
        -11.172
    ],
    "iterations": "2"
}