{
    "clk_freq": 153600,
    "input_freq": 11.7,
    "freq0": 11.752980412939964,
    "lf": 4,
    "lp": 129,
    "chosen_bias": [
        -3.383,
        -11.206,
        -11.707,
        -11.55
    ],
    "chosen_weights": [
        25.881,
        20.491,
        22.685,
        23.227,
        23.077
    ],
    "converted_from_freq": 117,
    "mse": [
        54.67751173335455,
        40.62755548484608,
        104.47975499164744,
        176.9305544507199,
        94.178844165142
    ],
    "mse_mean": 94.178844165142,
    "weight_results": [
        25.881,
        20.491,
        22.685,
        23.227,
        23.077
    ],
    "theta_results": [
        -3.383,
        -11.206,
        -11.707,
        -11.549
    ],
    "iterations": "2"
}