{
    "clk_freq": 153600,
    "input_freq": 11.6,
    "freq0": 11.663263005207597,
    "lf": 4,
    "lp": 130,
    "chosen_bias": [
        -3.26,
        -11.102,
        -11.707,
        -11.551
    ],
    "chosen_weights": [
        25.635,
        20.245,
        22.477,
        23.227,
        23.077
    ],
    "converted_from_freq": 116,
    "mse": [
        41.67271722831663,
        34.21063846578802,
        63.856364927787865,
        84.33241259569095,
        56.018033304395864
    ],
    "mse_mean": 56.018033304395864,
    "weight_results": [
        25.959,
        19.837,
        22.5,
        23.398,
        23.217
    ],
    "theta_results": [
        -3.254,
        -11.102,
        -11.707,
        -11.55
    ],
    "iterations": "54"
}