{
    "clk_freq": 153600,
    "input_freq": 11.3,
    "freq0": 11.317684842090335,
    "lf": 4,
    "lp": 134,
    "chosen_bias": [
        -2.956,
        -10.833,
        -11.508,
        -11.174
    ],
    "chosen_weights": [
        24.961,
        19.634,
        21.892,
        22.758,
        22.219
    ],
    "converted_from_freq": 113,
    "mse": [
        24.03992962594661,
        37.451388357683776,
        75.89505086820164,
        102.3346592212958,
        59.93025701828195
    ],
    "mse_mean": 59.93025701828195,
    "weight_results": [
        25.032,
        19.468,
        21.813,
        22.767,
        22.297
    ],
    "theta_results": [
        -2.955,
        -10.834,
        -11.508,
        -11.174
    ],
    "iterations": "49"
}