{
    "clk_freq": 153600,
    "input_freq": 12.3,
    "freq0": 12.321673013566091,
    "lf": 4,
    "lp": 123,
    "chosen_bias": [
        -5.103,
        -12.549,
        -12.64,
        -11.874
    ],
    "chosen_weights": [
        30.002,
        20.334,
        25.044,
        25.222,
        23.763
    ],
    "converted_from_freq": 123,
    "mse": [
        51.90156263056739,
        37.117824016044125,
        23.107796440210578,
        11.21492437536559,
        30.835526865546917
    ],
    "mse_mean": 30.835526865546917,
    "weight_results": [
        31.071,
        21.35,
        24.294,
        23.329,
        24.149
    ],
    "theta_results": [
        -4.911,
        -11.978,
        -11.732,
        -12.133
    ],
    "iterations": "289"
}