{
    "clk_freq": 153600,
    "input_freq": 12.8,
    "freq0": 12.839390367077272,
    "lf": 4,
    "lp": 118,
    "chosen_bias": [
        -5.336,
        -12.763,
        -12.648,
        -12.412
    ],
    "chosen_weights": [
        31.704,
        21.255,
        25.791,
        25.167,
        24.932
    ],
    "converted_from_freq": 128,
    "mse": [
        68.4938508504143,
        36.88844308765809,
        25.093763628434367,
        13.802267771478412,
        36.06958133449629
    ],
    "mse_mean": 36.06958133449629,
    "weight_results": [
        31.704,
        21.255,
        25.791,
        25.167,
        24.932
    ],
    "theta_results": [
        -5.336,
        -12.763,
        -12.648,
        -12.412
    ],
    "iterations": "2"
}