{
    "clk_freq": 153600,
    "input_freq": 12.6,
    "freq0": 12.627169038695829,
    "lf": 4,
    "lp": 120,
    "chosen_bias": [
        -5.34,
        -12.758,
        -12.64,
        -12.119
    ],
    "chosen_weights": [
        30.476,
        20.808,
        25.462,
        25.222,
        24.253
    ],
    "converted_from_freq": 126,
    "mse": [
        104.80627464426539,
        41.60852048688496,
        11.464340819475398,
        19.67332418995371,
        44.38811503514487
    ],
    "mse_mean": 44.38811503514487,
    "weight_results": [
        31.288,
        20.653,
        26.059,
        25.539,
        23.827
    ],
    "theta_results": [
        -5.521,
        -12.896,
        -12.638,
        -11.803
    ],
    "iterations": "51"
}