{
    "clk_freq": 153600,
    "input_freq": 12.0,
    "freq0": 12.030609871513349,
    "lf": 4,
    "lp": 126,
    "chosen_bias": [
        -3.756,
        -11.638,
        -11.916,
        -11.56
    ],
    "chosen_weights": [
        27.146,
        20.455,
        23.638,
        23.907,
        23.349
    ],
    "converted_from_freq": 120,
    "mse": [
        78.57641209552531,
        36.18404107914255,
        35.643654739587575,
        22.817833564267666,
        43.30548536963078
    ],
    "mse_mean": 43.30548536963078,
    "weight_results": [
        27.146,
        20.455,
        23.638,
        23.907,
        23.349
    ],
    "theta_results": [
        -3.756,
        -11.638,
        -11.916,
        -11.56
    ],
    "iterations": "2"
}