{
    "clk_freq": 153600,
    "input_freq": 13.0,
    "freq0": 13.058867125488849,
    "lf": 4,
    "lp": 116,
    "chosen_bias": [
        -5.519,
        -13.013,
        -12.731,
        -12.629
    ],
    "chosen_weights": [
        32.205,
        21.629,
        26.389,
        25.421,
        25.393
    ],
    "converted_from_freq": 130,
    "mse": [
        40.42391690340909,
        23.502574573863637,
        44.689453125,
        62.40305397727273,
        42.75474964488637
    ],
    "mse_mean": 42.75474964488637,
    "weight_results": [
        32.904,
        21.713,
        26.682,
        25.69,
        25.602
    ],
    "theta_results": [
        -5.729,
        -13.147,
        -12.849,
        -12.734
    ],
    "iterations": "80"
}