{
    "clk_freq": 153600,
    "input_freq": 13.6,
    "freq0": 13.641852265019601,
    "lf": 4,
    "lp": 111,
    "chosen_bias": [
        -5.834,
        -13.316,
        -13.348,
        -13.425
    ],
    "chosen_weights": [
        33.716,
        22.734,
        26.926,
        26.596,
        26.929
    ],
    "converted_from_freq": 136,
    "mse": [
        33.704674286776324,
        26.208902518353312,
        47.60505529225908,
        69.57661927330174,
        44.27381284267261
    ],
    "mse_mean": 44.27381284267261,
    "weight_results": [
        34.496,
        22.671,
        27.3,
        27.009,
        27.182
    ],
    "theta_results": [
        -6.051,
        -13.492,
        -13.511,
        -13.566
    ],
    "iterations": "123"
}