{
    "clk_freq": 153600,
    "input_freq": 13.4,
    "freq0": 13.40252152352803,
    "lf": 4,
    "lp": 113,
    "chosen_bias": [
        -5.674,
        -13.018,
        -13.242,
        -13.237
    ],
    "chosen_weights": [
        33.312,
        22.42,
        26.256,
        26.293,
        26.464
    ],
    "converted_from_freq": 134,
    "mse": [
        27.90348476555373,
        33.70862981207809,
        60.63364349571246,
        84.61403028644408,
        51.71494708994709
    ],
    "mse_mean": 51.71494708994709,
    "weight_results": [
        33.902,
        22.479,
        26.528,
        26.629,
        26.716
    ],
    "theta_results": [
        -5.852,
        -13.168,
        -13.369,
        -13.346
    ],
    "iterations": "100"
}