{
    "clk_freq": 153600,
    "input_freq": 13.1,
    "freq0": 13.17144356622582,
    "lf": 4,
    "lp": 115,
    "chosen_bias": [
        -5.518,
        -13.017,
        -12.978,
        -12.929
    ],
    "chosen_weights": [
        32.941,
        22.035,
        26.231,
        25.667,
        25.731
    ],
    "converted_from_freq": 131,
    "mse": [
        51.63280480157664,
        41.431156499148976,
        20.64301711009585,
        15.018722565618562,
        32.18142524411001
    ],
    "mse_mean": 32.18142524411001,
    "weight_results": [
        32.941,
        22.035,
        26.231,
        25.667,
        25.731
    ],
    "theta_results": [
        -5.518,
        -13.017,
        -12.978,
        -12.929
    ],
    "iterations": "2"
}