{
    "clk_freq": 153600,
    "input_freq": 13.9,
    "freq0": 14.017316088827481,
    "lf": 4,
    "lp": 108,
    "chosen_bias": [
        -5.971,
        -13.571,
        -13.627,
        -14.023
    ],
    "chosen_weights": [
        35.002,
        23.503,
        27.353,
        27.114,
        28.089
    ],
    "converted_from_freq": 139,
    "mse": [
        23.417439525767282,
        27.65140070752462,
        49.93718328712114,
        71.85581795582752,
        43.21546036906014
    ],
    "mse_mean": 43.21546036906014,
    "weight_results": [
        35.702,
        23.517,
        27.673,
        27.479,
        28.321
    ],
    "theta_results": [
        -6.16,
        -13.736,
        -13.784,
        -14.142
    ],
    "iterations": "128"
}