{
    "clk_freq": 153600,
    "input_freq": 14.9,
    "freq0": 14.97928876159015,
    "lf": 4,
    "lp": 101,
    "chosen_bias": [
        -6.44,
        -14.186,
        -14.797,
        -15.521
    ],
    "chosen_weights": [
        37.125,
        24.591,
        28.557,
        29.356,
        30.899
    ],
    "converted_from_freq": 149,
    "mse": [
        67.56170561705618,
        59.54571545715457,
        37.17947929479295,
        25.4179991799918,
        47.42622488724887
    ],
    "mse_mean": 47.42622488724887,
    "weight_results": [
        37.128,
        24.599,
        28.556,
        29.357,
        30.908
    ],
    "theta_results": [
        -6.44,
        -14.186,
        -14.797,
        -15.521
    ],
    "iterations": "4"
}