{
    "clk_freq": 153600,
    "input_freq": 15.6,
    "freq0": 15.751417048270055,
    "lf": 4,
    "lp": 96,
    "chosen_bias": [
        -7.673,
        -15.428,
        -15.791,
        -16.744
    ],
    "chosen_weights": [
        40.006,
        24.907,
        30.845,
        31.519,
        33.408
    ],
    "converted_from_freq": 156,
    "mse": [
        74.652977412731,
        54.49648762563493,
        35.745596022911485,
        28.708959256457366,
        48.401005079433695
    ],
    "mse_mean": 48.401005079433695,
    "weight_results": [
        40.369,
        25.843,
        30.651,
        30.867,
        31.744
    ],
    "theta_results": [
        -7.373,
        -15.144,
        -15.505,
        -15.899
    ],
    "iterations": "137"
}