{
    "clk_freq": 153600,
    "input_freq": 16.3,
    "freq0": 16.428897351421455,
    "lf": 4,
    "lp": 92,
    "chosen_bias": [
        -7.84,
        -15.627,
        -16.263,
        -16.938
    ],
    "chosen_weights": [
        42.33,
        26.781,
        31.495,
        32.301,
        33.791
    ],
    "converted_from_freq": 163,
    "mse": [
        58.90453056151847,
        47.487741498135804,
        27.749067901931983,
        32.93819907355101,
        41.769884758784315
    ],
    "mse_mean": 41.769884758784315,
    "weight_results": [
        42.317,
        26.795,
        31.495,
        32.302,
        33.782
    ],
    "theta_results": [
        -7.84,
        -15.628,
        -16.264,
        -16.938
    ],
    "iterations": "11"
}