{
    "clk_freq": 153600,
    "input_freq": 16.4,
    "freq0": 16.428897351421455,
    "lf": 4,
    "lp": 92,
    "chosen_bias": [
        -7.84,
        -15.629,
        -16.265,
        -16.939
    ],
    "chosen_weights": [
        42.429,
        26.814,
        31.463,
        32.329,
        33.774
    ],
    "converted_from_freq": 164,
    "mse": [
        55.76036606033217,
        45.122246073889954,
        26.318382103717095,
        32.862275449101794,
        40.015817421760254
    ],
    "mse_mean": 40.015817421760254,
    "weight_results": [
        42.433,
        26.825,
        31.455,
        32.333,
        33.761
    ],
    "theta_results": [
        -7.84,
        -15.63,
        -16.266,
        -16.939
    ],
    "iterations": "10"
}