{
    "clk_freq": 153600,
    "input_freq": 16.7,
    "freq0": 16.789972018485663,
    "lf": 4,
    "lp": 90,
    "chosen_bias": [
        -7.84,
        -15.915,
        -16.547,
        -17.212
    ],
    "chosen_weights": [
        43.116,
        27.609,
        32.081,
        33.015,
        34.413
    ],
    "converted_from_freq": 167,
    "mse": [
        27.03121387283237,
        33.46508670520231,
        50.907630057803466,
        71.4870520231214,
        45.72274566473989
    ],
    "mse_mean": 45.72274566473989,
    "weight_results": [
        43.739,
        27.841,
        32.505,
        33.351,
        34.571
    ],
    "theta_results": [
        -8.041,
        -16.119,
        -16.712,
        -17.311
    ],
    "iterations": "78"
}