{
    "clk_freq": 153600,
    "input_freq": 17.1,
    "freq0": 17.167274760474104,
    "lf": 4,
    "lp": 88,
    "chosen_bias": [
        -7.992,
        -16.159,
        -16.877,
        -17.57
    ],
    "chosen_weights": [
        44.598,
        28.737,
        32.548,
        33.554,
        35.014
    ],
    "converted_from_freq": 171,
    "mse": [
        54.89762102023908,
        44.285714285714285,
        26.339921884246657,
        24.78056574742573,
        37.575955734406435
    ],
    "mse_mean": 37.575955734406435,
    "weight_results": [
        44.598,
        28.737,
        32.548,
        33.554,
        35.014
    ],
    "theta_results": [
        -7.992,
        -16.159,
        -16.877,
        -17.57
    ],
    "iterations": "3"
}