{
    "clk_freq": 153600,
    "input_freq": 17.6,
    "freq0": 17.76613318235111,
    "lf": 4,
    "lp": 85,
    "chosen_bias": [
        -8.943,
        -17.392,
        -17.768,
        -18.632
    ],
    "chosen_weights": [
        46.156,
        28.523,
        34.782,
        35.482,
        37.183
    ],
    "converted_from_freq": 176,
    "mse": [
        79.7451822756843,
        52.65189640358414,
        36.50030686142138,
        41.368110961089975,
        52.566374125444945
    ],
    "mse_mean": 52.56637412544494,
    "weight_results": [
        45.0,
        28.109,
        35.193,
        35.525,
        35.763
    ],
    "theta_results": [
        -8.682,
        -17.339,
        -17.833,
        -17.968
    ],
    "iterations": "52"
}