{
    "clk_freq": 153600,
    "input_freq": 17.5,
    "freq0": 17.561924754967762,
    "lf": 4,
    "lp": 86,
    "chosen_bias": [
        -8.546,
        -17.094,
        -17.517,
        -18.475
    ],
    "chosen_weights": [
        45.344,
        28.481,
        34.117,
        34.962,
        36.843
    ],
    "converted_from_freq": 175,
    "mse": [
        53.79000969932105,
        40.00024248302619,
        23.818986420950534,
        22.89839961202716,
        35.12690955383123
    ],
    "mse_mean": 35.12690955383123,
    "weight_results": [
        46.134,
        29.907,
        33.567,
        34.079,
        35.198
    ],
    "theta_results": [
        -8.174,
        -16.739,
        -17.183,
        -17.634
    ],
    "iterations": "64"
}