{
    "clk_freq": 153600,
    "input_freq": 18.9,
    "freq0": 19.098593171027442,
    "lf": 4,
    "lp": 79,
    "chosen_bias": [
        -8.972,
        -17.666,
        -18.537,
        -19.149
    ],
    "chosen_weights": [
        51.554,
        33.657,
        35.506,
        36.884,
        38.168
    ],
    "converted_from_freq": 189,
    "mse": [
        61.391304347826086,
        43.31667550371156,
        27.008085896076352,
        20.09159597030753,
        37.95191542948038
    ],
    "mse_mean": 37.95191542948038,
    "weight_results": [
        51.552,
        33.657,
        35.511,
        36.892,
        38.165
    ],
    "theta_results": [
        -8.972,
        -17.667,
        -18.538,
        -19.149
    ],
    "iterations": "5"
}