{
    "clk_freq": 153600,
    "input_freq": 18.1,
    "freq0": 18.189136353359466,
    "lf": 4,
    "lp": 83,
    "chosen_bias": [
        -8.973,
        -17.548,
        -17.978,
        -18.641
    ],
    "chosen_weights": [
        47.219,
        29.472,
        35.363,
        35.749,
        37.139
    ],
    "converted_from_freq": 181,
    "mse": [
        58.55864585955197,
        45.541152781273595,
        29.776491316385602,
        41.28228039265039,
        43.78964258746539
    ],
    "mse_mean": 43.78964258746539,
    "weight_results": [
        47.219,
        29.472,
        35.363,
        35.749,
        37.139
    ],
    "theta_results": [
        -8.973,
        -17.548,
        -17.978,
        -18.641
    ],
    "iterations": "3"
}