{
    "clk_freq": 153600,
    "input_freq": 18.2,
    "freq0": 18.40828257448428,
    "lf": 4,
    "lp": 82,
    "chosen_bias": [
        -8.972,
        -17.586,
        -18.019,
        -18.659
    ],
    "chosen_weights": [
        48.692,
        30.849,
        35.326,
        35.852,
        37.192
    ],
    "converted_from_freq": 182,
    "mse": [
        52.57634463420851,
        39.32475146571501,
        24.676777976038746,
        30.37292888095845,
        36.73770073923018
    ],
    "mse_mean": 36.73770073923018,
    "weight_results": [
        48.693,
        30.852,
        35.322,
        35.851,
        37.192
    ],
    "theta_results": [
        -8.972,
        -17.587,
        -18.02,
        -18.659
    ],
    "iterations": "7"
}