{
    "clk_freq": 153600,
    "input_freq": 18.7,
    "freq0": 18.86280807015056,
    "lf": 4,
    "lp": 80,
    "chosen_bias": [
        -8.972,
        -17.636,
        -18.359,
        -18.979
    ],
    "chosen_weights": [
        50.576,
        32.643,
        35.431,
        36.537,
        37.831
    ],
    "converted_from_freq": 187,
    "mse": [
        21.150032701111837,
        38.944800523217786,
        65.98665794637017,
        84.0541530412034,
        52.533911052975796
    ],
    "mse_mean": 52.533911052975796,
    "weight_results": [
        50.957,
        32.997,
        35.851,
        36.909,
        38.158
    ],
    "theta_results": [
        -9.171,
        -17.86,
        -18.554,
        -19.132
    ],
    "iterations": "29"
}