{
    "clk_freq": 153600,
    "input_freq": 18.6,
    "freq0": 18.632773825392626,
    "lf": 4,
    "lp": 81,
    "chosen_bias": [
        -8.972,
        -17.611,
        -18.187,
        -18.819
    ],
    "chosen_weights": [
        49.656,
        31.772,
        35.383,
        36.183,
        37.51
    ],
    "converted_from_freq": 186,
    "mse": [
        56.68056810845707,
        41.61484828921885,
        26.2750161394448,
        28.135183989670754,
        38.17640413169787
    ],
    "mse_mean": 38.17640413169787,
    "weight_results": [
        49.656,
        31.772,
        35.383,
        36.183,
        37.51
    ],
    "theta_results": [
        -8.972,
        -17.611,
        -18.187,
        -18.819
    ],
    "iterations": "3"
}