{
    "clk_freq": 153600,
    "input_freq": 19.6,
    "freq0": 19.842694203664873,
    "lf": 4,
    "lp": 76,
    "chosen_bias": [
        -9.273,
        -18.322,
        -19.107,
        -20.155
    ],
    "chosen_weights": [
        53.298,
        34.77,
        36.859,
        38.006,
        40.195
    ],
    "converted_from_freq": 196,
    "mse": [
        61.853493510080085,
        47.54101077050539,
        31.41438829052748,
        20.628969897818283,
        40.35946561723281
    ],
    "mse_mean": 40.35946561723281,
    "weight_results": [
        53.312,
        34.775,
        36.844,
        38.003,
        40.199
    ],
    "theta_results": [
        -9.273,
        -18.323,
        -19.109,
        -20.156
    ],
    "iterations": "11"
}