{
    "clk_freq": 153600,
    "input_freq": 19.0,
    "freq0": 19.098593171027442,
    "lf": 4,
    "lp": 79,
    "chosen_bias": [
        -8.972,
        -17.668,
        -18.54,
        -19.15
    ],
    "chosen_weights": [
        51.585,
        33.682,
        35.487,
        36.9,
        38.183
    ],
    "converted_from_freq": 190,
    "mse": [
        58.696580063626726,
        36.84172852598091,
        22.211691410392365,
        19.35577942735949,
        34.27644485683987
    ],
    "mse_mean": 34.27644485683987,
    "weight_results": [
        51.57,
        33.699,
        35.473,
        36.907,
        38.19
    ],
    "theta_results": [
        -8.972,
        -17.669,
        -18.541,
        -19.151
    ],
    "iterations": "10"
}