{
    "clk_freq": 153600,
    "input_freq": 19.4,
    "freq0": 19.588300688233275,
    "lf": 4,
    "lp": 77,
    "chosen_bias": [
        -9.273,
        -18.289,
        -18.914,
        -19.975
    ],
    "chosen_weights": [
        52.038,
        33.575,
        36.716,
        37.897,
        39.905
    ],
    "converted_from_freq": 194,
    "mse": [
        26.228244586681193,
        42.3489037178265,
        62.00177039357211,
        65.89690862045485,
        49.11895682963366
    ],
    "mse_mean": 49.11895682963366,
    "weight_results": [
        52.582,
        33.72,
        37.35,
        38.228,
        40.054
    ],
    "theta_results": [
        -9.47,
        -18.611,
        -19.13,
        -20.124
    ],
    "iterations": "147"
}