{
    "clk_freq": 153600,
    "input_freq": 20.2,
    "freq0": 20.371832715762604,
    "lf": 4,
    "lp": 74,
    "chosen_bias": [
        -9.273,
        -18.557,
        -19.687,
        -20.533
    ],
    "chosen_weights": [
        54.873,
        36.44,
        37.314,
        39.143,
        40.942
    ],
    "converted_from_freq": 202,
    "mse": [
        56.464138616673765,
        39.594801874733704,
        24.489845192444257,
        14.463996591393268,
        33.75319556881125
    ],
    "mse_mean": 33.75319556881125,
    "weight_results": [
        54.868,
        36.442,
        37.319,
        39.144,
        40.95
    ],
    "theta_results": [
        -9.273,
        -18.558,
        -19.688,
        -20.533
    ],
    "iterations": "8"
}