{
    "clk_freq": 153600,
    "input_freq": 20.9,
    "freq0": 20.929965118934184,
    "lf": 4,
    "lp": 72,
    "chosen_bias": [
        -12.107,
        -20.922,
        -21.683,
        -21.746
    ],
    "chosen_weights": [
        56.029,
        32.103,
        41.846,
        43.256,
        43.366
    ],
    "converted_from_freq": 209,
    "mse": [
        33.08391812865497,
        31.63581871345029,
        55.55394736842105,
        100.84751461988304,
        55.28029970760234
    ],
    "mse_mean": 55.28029970760234,
    "weight_results": [
        56.103,
        32.152,
        41.835,
        43.253,
        43.336
    ],
    "theta_results": [
        -12.141,
        -20.924,
        -21.688,
        -21.748
    ],
    "iterations": "50"
}