{
    "clk_freq": 153600,
    "input_freq": 20.7,
    "freq0": 20.929965118934184,
    "lf": 4,
    "lp": 72,
    "chosen_bias": [
        -12.07,
        -20.92,
        -21.676,
        -21.744
    ],
    "chosen_weights": [
        55.736,
        32.181,
        41.737,
        43.257,
        43.407
    ],
    "converted_from_freq": 207,
    "mse": [
        38.30906432748538,
        31.519444444444446,
        47.71461988304094,
        85.80555555555556,
        50.837171052631575
    ],
    "mse_mean": 50.837171052631575,
    "weight_results": [
        55.838,
        31.985,
        41.889,
        43.298,
        43.413
    ],
    "theta_results": [
        -12.069,
        -20.925,
        -21.69,
        -21.749
    ],
    "iterations": "184"
}