{
    "clk_freq": 153600,
    "input_freq": 20.0,
    "freq0": 20.103782285292045,
    "lf": 4,
    "lp": 75,
    "chosen_bias": [
        -9.273,
        -18.53,
        -19.3,
        -20.336
    ],
    "chosen_weights": [
        54.158,
        35.585,
        37.265,
        38.424,
        40.526
    ],
    "converted_from_freq": 200,
    "mse": [
        60.47101652198264,
        45.22444693363204,
        29.3689442733128,
        18.57266872024643,
        38.40926911229348
    ],
    "mse_mean": 38.40926911229348,
    "weight_results": [
        54.158,
        35.585,
        37.265,
        38.424,
        40.526
    ],
    "theta_results": [
        -9.273,
        -18.53,
        -19.301,
        -20.336
    ],
    "iterations": "3"
}