{
    "clk_freq": 153600,
    "input_freq": 21.9,
    "freq0": 22.143296430176743,
    "lf": 4,
    "lp": 68,
    "chosen_bias": [
        -10.36,
        -20.587,
        -21.068,
        -21.407
    ],
    "chosen_weights": [
        61.682,
        40.911,
        41.332,
        41.968,
        42.736
    ],
    "converted_from_freq": 219,
    "mse": [
        72.5142901522212,
        46.60500155327742,
        29.222584653619137,
        17.175831003417212,
        41.37942684063374
    ],
    "mse_mean": 41.37942684063374,
    "weight_results": [
        61.672,
        40.923,
        41.34,
        41.965,
        42.738
    ],
    "theta_results": [
        -10.36,
        -20.589,
        -21.07,
        -21.408
    ],
    "iterations": "13"
}