{
    "clk_freq": 153600,
    "input_freq": 21.7,
    "freq0": 21.82696362403136,
    "lf": 4,
    "lp": 69,
    "chosen_bias": [
        -10.36,
        -20.534,
        -20.998,
        -21.071
    ],
    "chosen_weights": [
        60.384,
        39.664,
        41.106,
        41.876,
        42.088
    ],
    "converted_from_freq": 217,
    "mse": [
        70.68863740633124,
        42.180302798593054,
        26.905031350359383,
        17.284447163174796,
        39.26460467961462
    ],
    "mse_mean": 39.26460467961462,
    "weight_results": [
        60.376,
        39.662,
        41.094,
        41.878,
        42.091
    ],
    "theta_results": [
        -10.36,
        -20.536,
        -21.001,
        -21.072
    ],
    "iterations": "15"
}