{
    "clk_freq": 153600,
    "input_freq": 21.3,
    "freq0": 21.51954160115768,
    "lf": 4,
    "lp": 70,
    "chosen_bias": [
        -11.005,
        -20.444,
        -20.877,
        -20.878
    ],
    "chosen_weights": [
        60.143,
        38.154,
        40.917,
        41.633,
        41.674
    ],
    "converted_from_freq": 213,
    "mse": [
        73.17246573279108,
        47.92257870161169,
        35.00466937791836,
        26.9029974393734,
        45.750677812923634
    ],
    "mse_mean": 45.750677812923634,
    "weight_results": [
        60.142,
        38.155,
        40.916,
        41.633,
        41.675
    ],
    "theta_results": [
        -11.005,
        -20.445,
        -20.878,
        -20.878
    ],
    "iterations": "7"
}