{
    "clk_freq": 153600,
    "input_freq": 22.1,
    "freq0": 22.143296430176743,
    "lf": 4,
    "lp": 68,
    "chosen_bias": [
        -10.36,
        -20.593,
        -21.076,
        -21.41
    ],
    "chosen_weights": [
        61.73,
        40.97,
        41.285,
        42.02,
        42.756
    ],
    "converted_from_freq": 221,
    "mse": [
        71.58201304753028,
        41.62379621000311,
        24.993476234855546,
        14.48291394843119,
        38.17054986020503
    ],
    "mse_mean": 38.17054986020503,
    "weight_results": [
        61.731,
        40.977,
        41.292,
        42.022,
        42.754
    ],
    "theta_results": [
        -10.36,
        -20.594,
        -21.077,
        -21.411
    ],
    "iterations": "8"
}