{
    "clk_freq": 153600,
    "input_freq": 22.3,
    "freq0": 22.46893314238522,
    "lf": 4,
    "lp": 67,
    "chosen_bias": [
        -10.196,
        -20.669,
        -21.173,
        -21.726
    ],
    "chosen_weights": [
        62.928,
        42.452,
        41.429,
        42.245,
        43.348
    ],
    "converted_from_freq": 223,
    "mse": [
        78.08251814452508,
        44.40028400126223,
        28.607762701167562,
        16.259072262543388,
        41.83740927737456
    ],
    "mse_mean": 41.83740927737456,
    "weight_results": [
        62.919,
        42.452,
        41.436,
        42.242,
        43.346
    ],
    "theta_results": [
        -10.196,
        -20.67,
        -21.175,
        -21.727
    ],
    "iterations": "8"
}