{
    "clk_freq": 153600,
    "input_freq": 22.2,
    "freq0": 22.46893314238522,
    "lf": 4,
    "lp": 67,
    "chosen_bias": [
        -10.36,
        -20.658,
        -21.157,
        -21.718
    ],
    "chosen_weights": [
        63.269,
        42.452,
        41.451,
        42.183,
        43.339
    ],
    "converted_from_freq": 222,
    "mse": [
        85.42363521615651,
        53.088040391290626,
        35.962290943515306,
        21.615336068160303,
        49.02232565478069
    ],
    "mse_mean": 49.02232565478069,
    "weight_results": [
        63.269,
        42.453,
        41.447,
        42.178,
        43.332
    ],
    "theta_results": [
        -10.36,
        -20.659,
        -21.159,
        -21.719
    ],
    "iterations": "10"
}