{
    "clk_freq": 153600,
    "input_freq": 22.5,
    "freq0": 22.8042903534656,
    "lf": 4,
    "lp": 66,
    "chosen_bias": [
        -10.012,
        -20.749,
        -21.276,
        -22.05
    ],
    "chosen_weights": [
        64.08,
        43.932,
        41.62,
        42.459,
        44.023
    ],
    "converted_from_freq": 225,
    "mse": [
        70.74122174122174,
        36.014269680936344,
        24.428731762065095,
        13.92416225749559,
        36.277096360429695
    ],
    "mse_mean": 36.277096360429695,
    "weight_results": [
        63.534,
        43.808,
        41.644,
        42.516,
        44.114
    ],
    "theta_results": [
        -9.847,
        -20.788,
        -21.329,
        -22.076
    ],
    "iterations": "251"
}