{
    "clk_freq": 153600,
    "input_freq": 22.8,
    "freq0": 22.8042903534656,
    "lf": 4,
    "lp": 66,
    "chosen_bias": [
        -9.69,
        -20.769,
        -21.304,
        -22.065
    ],
    "chosen_weights": [
        63.374,
        43.877,
        41.632,
        42.502,
        44.042
    ],
    "converted_from_freq": 228,
    "mse": [
        71.21580888247554,
        38.83549783549783,
        27.402437069103737,
        16.337181337181338,
        38.44773128106461
    ],
    "mse_mean": 38.44773128106461,
    "weight_results": [
        63.374,
        43.872,
        41.626,
        42.505,
        44.055
    ],
    "theta_results": [
        -9.69,
        -20.773,
        -21.31,
        -22.068
    ],
    "iterations": "28"
}