{
    "clk_freq": 153600,
    "input_freq": 23.4,
    "freq0": 23.505960825879928,
    "lf": 4,
    "lp": 64,
    "chosen_bias": [
        -9.52,
        -20.887,
        -21.744,
        -22.794
    ],
    "chosen_weights": [
        65.819,
        46.274,
        41.972,
        43.306,
        45.52
    ],
    "converted_from_freq": 234,
    "mse": [
        77.94118621603711,
        50.606196156394965,
        45.51275679257787,
        31.078860172299535,
        51.28474983432737
    ],
    "mse_mean": 51.28474983432737,
    "weight_results": [
        65.699,
        46.481,
        41.943,
        43.39,
        45.522
    ],
    "theta_results": [
        -9.521,
        -20.925,
        -21.789,
        -22.816
    ],
    "iterations": "200"
}