{
    "clk_freq": 153600,
    "input_freq": 23.3,
    "freq0": 23.505960825879928,
    "lf": 4,
    "lp": 64,
    "chosen_bias": [
        -9.69,
        -20.886,
        -21.742,
        -22.793
    ],
    "chosen_weights": [
        66.16,
        46.611,
        41.976,
        43.299,
        45.513
    ],
    "converted_from_freq": 233,
    "mse": [
        78.96669980119285,
        44.69665341285619,
        37.39098740888005,
        24.81510934393638,
        46.467362491716365
    ],
    "mse_mean": 46.467362491716365,
    "weight_results": [
        66.161,
        46.61,
        41.969,
        43.302,
        45.511
    ],
    "theta_results": [
        -9.69,
        -20.887,
        -21.743,
        -22.794
    ],
    "iterations": "5"
}