{
    "clk_freq": 153600,
    "input_freq": 23.6,
    "freq0": 23.8732414637843,
    "lf": 4,
    "lp": 63,
    "chosen_bias": [
        -9.349,
        -20.966,
        -22.185,
        -23.332
    ],
    "chosen_weights": [
        66.626,
        47.66,
        42.012,
        44.095,
        46.521
    ],
    "converted_from_freq": 236,
    "mse": [
        76.5558550968829,
        45.6547598989048,
        41.065543386689136,
        26.549115417017692,
        47.456318449873635
    ],
    "mse_mean": 47.456318449873635,
    "weight_results": [
        66.619,
        47.661,
        42.009,
        44.096,
        46.536
    ],
    "theta_results": [
        -9.349,
        -20.968,
        -22.187,
        -23.333
    ],
    "iterations": "9"
}