{
    "clk_freq": 153600,
    "input_freq": 23.8,
    "freq0": 23.8732414637843,
    "lf": 4,
    "lp": 63,
    "chosen_bias": [
        -9.194,
        -20.976,
        -22.267,
        -23.337
    ],
    "chosen_weights": [
        66.16,
        47.55,
        41.952,
        44.284,
        46.559
    ],
    "converted_from_freq": 238,
    "mse": [
        71.20101095197978,
        38.89671440606571,
        35.551137320977254,
        22.35939342881213,
        42.00206402695872
    ],
    "mse_mean": 42.00206402695872,
    "weight_results": [
        66.15,
        47.56,
        41.944,
        44.293,
        46.557
    ],
    "theta_results": [
        -9.194,
        -20.978,
        -22.269,
        -23.338
    ],
    "iterations": "10"
}