{
    "clk_freq": 153600,
    "input_freq": 23.2,
    "freq0": 23.505960825879928,
    "lf": 4,
    "lp": 64,
    "chosen_bias": [
        -9.69,
        -20.883,
        -21.738,
        -22.791
    ],
    "chosen_weights": [
        66.136,
        46.601,
        41.976,
        43.288,
        45.506
    ],
    "converted_from_freq": 232,
    "mse": [
        81.26176275679258,
        44.615970841616964,
        36.91848906560636,
        24.097912524850894,
        46.7235337972167
    ],
    "mse_mean": 46.7235337972167,
    "weight_results": [
        66.144,
        46.629,
        41.98,
        43.307,
        45.488
    ],
    "theta_results": [
        -9.69,
        -20.886,
        -21.742,
        -22.793
    ],
    "iterations": "19"
}