{
    "clk_freq": 153600,
    "input_freq": 23.9,
    "freq0": 24.25218180447929,
    "lf": 4,
    "lp": 62,
    "chosen_bias": [
        -9.194,
        -20.984,
        -22.515,
        -23.722
    ],
    "chosen_weights": [
        66.39,
        47.788,
        42.478,
        45.237,
        47.608
    ],
    "converted_from_freq": 239,
    "mse": [
        66.8522707797772,
        47.68911739502999,
        48.68706083976007,
        39.02622107969152,
        50.563667523564696
    ],
    "mse_mean": 50.563667523564696,
    "weight_results": [
        66.404,
        47.778,
        42.481,
        45.238,
        47.593
    ],
    "theta_results": [
        -9.194,
        -20.985,
        -22.517,
        -23.724
    ],
    "iterations": "8"
}