{
    "clk_freq": 153600,
    "input_freq": 24.7,
    "freq0": 25.047335306265495,
    "lf": 4,
    "lp": 60,
    "chosen_bias": [
        -12.937,
        -23.518,
        -24.338,
        -24.546
    ],
    "chosen_weights": [
        70.251,
        44.111,
        47.072,
        48.542,
        48.991
    ],
    "converted_from_freq": 247,
    "mse": [
        89.2882499112531,
        50.48509052183174,
        36.51757188498402,
        37.65761448349308,
        53.48713170039049
    ],
    "mse_mean": 53.48713170039049,
    "weight_results": [
        70.137,
        44.313,
        47.029,
        48.571,
        49.071
    ],
    "theta_results": [
        -12.96,
        -23.688,
        -24.525,
        -24.608
    ],
    "iterations": "202"
}