{
    "clk_freq": 153600,
    "input_freq": 24.6,
    "freq0": 24.643346027132182,
    "lf": 4,
    "lp": 61,
    "chosen_bias": [
        -15.964,
        -24.649,
        -25.399,
        -25.953
    ],
    "chosen_weights": [
        69.128,
        37.635,
        49.171,
        50.657,
        51.802
    ],
    "converted_from_freq": 246,
    "mse": [
        71.1435298221137,
        46.65591210324381,
        38.33065922567143,
        33.1916637600279,
        47.33044122776421
    ],
    "mse_mean": 47.33044122776421,
    "weight_results": [
        68.883,
        43.309,
        47.122,
        47.821,
        47.769
    ],
    "theta_results": [
        -12.837,
        -23.626,
        -23.984,
        -23.843
    ],
    "iterations": "482"
}