{
    "clk_freq": 153600,
    "input_freq": 24.8,
    "freq0": 25.047335306265495,
    "lf": 4,
    "lp": 60,
    "chosen_bias": [
        -12.937,
        -23.529,
        -24.353,
        -24.553
    ],
    "chosen_weights": [
        70.197,
        44.36,
        47.069,
        48.54,
        48.998
    ],
    "converted_from_freq": 248,
    "mse": [
        74.05129570465034,
        42.8716719914803,
        31.692403265885694,
        29.409833155839546,
        44.50630102946397
    ],
    "mse_mean": 44.50630102946397,
    "weight_results": [
        70.214,
        44.394,
        47.078,
        48.553,
        49.018
    ],
    "theta_results": [
        -12.937,
        -23.537,
        -24.364,
        -24.557
    ],
    "iterations": "49"
}