{
    "clk_freq": 153600,
    "input_freq": 24.0,
    "freq0": 24.25218180447929,
    "lf": 4,
    "lp": 62,
    "chosen_bias": [
        -9.194,
        -20.985,
        -22.516,
        -23.723
    ],
    "chosen_weights": [
        66.449,
        47.739,
        42.505,
        45.23,
        47.572
    ],
    "converted_from_freq": 240,
    "mse": [
        69.12305055698371,
        56.69940017137961,
        43.86066838046273,
        25.41542416452442,
        48.774635818337615
    ],
    "mse_mean": 48.774635818337615,
    "weight_results": [
        66.493,
        47.967,
        42.28,
        45.153,
        47.823
    ],
    "theta_results": [
        -9.195,
        -21.063,
        -22.836,
        -24.107
    ],
    "iterations": "317"
}