{
    "clk_freq": 153600,
    "input_freq": 24.7,
    "freq0": 25.047335306265495,
    "lf": 4,
    "lp": 60,
    "chosen_bias": [
        -12.937,
        -23.518,
        -24.338,
        -24.546
    ],
    "chosen_weights": [
        70.251,
        44.111,
        47.072,
        48.542,
        48.991
    ],
    "converted_from_freq": 247,
    "mse": [
        79.28949236776712,
        47.70713525026624,
        35.95740149094782,
        32.619275825346115,
        48.89332623358182
    ],
    "mse_mean": 48.89332623358182,
    "weight_results": [
        70.248,
        44.357,
        47.08,
        48.593,
        49.006
    ],
    "theta_results": [
        -12.939,
        -23.554,
        -24.388,
        -24.567
    ],
    "iterations": "197"
}