{
    "clk_freq": 153600,
    "input_freq": 25.3,
    "freq0": 25.464790894703256,
    "lf": 4,
    "lp": 59,
    "chosen_bias": [
        -12.414,
        -23.689,
        -24.559,
        -24.648
    ],
    "chosen_weights": [
        71.348,
        46.499,
        47.441,
        48.95,
        49.201
    ],
    "converted_from_freq": 253,
    "mse": [
        75.00614494849087,
        42.67395626242545,
        28.613591180191577,
        18.365805168986082,
        41.16487439002349
    ],
    "mse_mean": 41.16487439002349,
    "weight_results": [
        71.349,
        46.496,
        47.437,
        48.978,
        49.191
    ],
    "theta_results": [
        -12.414,
        -23.691,
        -24.562,
        -24.649
    ],
    "iterations": "12"
}