{
    "clk_freq": 153600,
    "input_freq": 25.8,
    "freq0": 25.89639752003721,
    "lf": 4,
    "lp": 58,
    "chosen_bias": [
        -12.083,
        -23.823,
        -24.733,
        -24.995
    ],
    "chosen_weights": [
        72.626,
        48.402,
        47.733,
        49.312,
        49.88
    ],
    "converted_from_freq": 258,
    "mse": [
        76.59653966501013,
        41.24719307933002,
        26.135284373274434,
        14.22271304988036,
        39.55043254187373
    ],
    "mse_mean": 39.55043254187373,
    "weight_results": [
        72.631,
        48.403,
        47.733,
        49.313,
        49.877
    ],
    "theta_results": [
        -12.083,
        -23.824,
        -24.734,
        -24.996
    ],
    "iterations": "5"
}