{
    "clk_freq": 153600,
    "input_freq": 25.9,
    "freq0": 26.34288713245164,
    "lf": 4,
    "lp": 57,
    "chosen_bias": [
        -11.443,
        -23.998,
        -24.963,
        -25.392
    ],
    "chosen_weights": [
        73.215,
        50.22,
        48.062,
        49.801,
        50.701
    ],
    "converted_from_freq": 259,
    "mse": [
        68.9317329332333,
        35.17329332333083,
        22.238559639909976,
        11.923855963990997,
        34.56686046511628
    ],
    "mse_mean": 34.56686046511628,
    "weight_results": [
        73.215,
        50.217,
        48.058,
        49.798,
        50.699
    ],
    "theta_results": [
        -11.443,
        -23.999,
        -24.964,
        -25.393
    ],
    "iterations": "5"
}