{
    "clk_freq": 153600,
    "input_freq": 25.7,
    "freq0": 25.89639752003721,
    "lf": 4,
    "lp": 58,
    "chosen_bias": [
        -12.083,
        -23.822,
        -24.731,
        -24.994
    ],
    "chosen_weights": [
        72.627,
        48.393,
        47.732,
        49.31,
        49.887
    ],
    "converted_from_freq": 257,
    "mse": [
        73.62101969445979,
        39.998527517025586,
        24.950303699613475,
        13.466224921774343,
        38.0090189582183
    ],
    "mse_mean": 38.0090189582183,
    "weight_results": [
        72.626,
        48.392,
        47.732,
        49.31,
        49.887
    ],
    "theta_results": [
        -12.083,
        -23.823,
        -24.733,
        -24.995
    ],
    "iterations": "8"
}