{
    "clk_freq": 153600,
    "input_freq": 25.9,
    "freq0": 26.34288713245164,
    "lf": 4,
    "lp": 57,
    "chosen_bias": [
        -11.443,
        -23.998,
        -24.963,
        -25.392
    ],
    "chosen_weights": [
        73.215,
        50.22,
        48.062,
        49.801,
        50.701
    ],
    "converted_from_freq": 259,
    "mse": [
        65.6877344336084,
        31.901350337584397,
        19.34058514628657,
        10.036384096024006,
        31.741513503375845
    ],
    "mse_mean": 31.74151350337585,
    "weight_results": [
        73.214,
        50.222,
        48.062,
        49.801,
        50.703
    ],
    "theta_results": [
        -11.443,
        -24.003,
        -24.97,
        -25.395
    ],
    "iterations": "27"
}