{
    "clk_freq": 153600,
    "input_freq": 25.7,
    "freq0": 25.89639752003721,
    "lf": 4,
    "lp": 58,
    "chosen_bias": [
        -12.083,
        -23.822,
        -24.731,
        -24.994
    ],
    "chosen_weights": [
        72.627,
        48.393,
        47.732,
        49.31,
        49.887
    ],
    "converted_from_freq": 257,
    "mse": [
        80.09184612552917,
        44.08558807288791,
        28.672372538192526,
        16.051168783360943,
        42.22524387999263
    ],
    "mse_mean": 42.22524387999263,
    "weight_results": [
        72.63,
        48.386,
        47.738,
        49.312,
        49.875
    ],
    "theta_results": [
        -12.083,
        -23.825,
        -24.735,
        -24.996
    ],
    "iterations": "16"
}