{
    "clk_freq": 153600,
    "input_freq": 25.1,
    "freq0": 25.464790894703256,
    "lf": 4,
    "lp": 59,
    "chosen_bias": [
        -12.414,
        -23.676,
        -24.54,
        -24.64
    ],
    "chosen_weights": [
        71.393,
        46.232,
        47.424,
        48.94,
        49.184
    ],
    "converted_from_freq": 251,
    "mse": [
        79.17549249954817,
        49.080607265497925,
        33.118922826676304,
        21.011205494306886,
        45.59655702150732
    ],
    "mse_mean": 45.59655702150732,
    "weight_results": [
        71.345,
        46.455,
        47.424,
        48.943,
        49.209
    ],
    "theta_results": [
        -12.415,
        -23.705,
        -24.58,
        -24.658
    ],
    "iterations": "156"
}