{
    "clk_freq": 153600,
    "input_freq": 25.5,
    "freq0": 25.89639752003721,
    "lf": 4,
    "lp": 58,
    "chosen_bias": [
        -12.241,
        -23.808,
        -24.711,
        -24.984
    ],
    "chosen_weights": [
        72.987,
        48.414,
        47.711,
        49.267,
        49.898
    ],
    "converted_from_freq": 255,
    "mse": [
        80.11890300018406,
        43.808209092582366,
        28.037548315847598,
        15.897662433278116,
        41.96558071047304
    ],
    "mse_mean": 41.96558071047304,
    "weight_results": [
        72.974,
        48.417,
        47.71,
        49.256,
        49.907
    ],
    "theta_results": [
        -12.241,
        -23.811,
        -24.715,
        -24.986
    ],
    "iterations": "18"
}