{
    "clk_freq": 153600,
    "input_freq": 26.1,
    "freq0": 26.34288713245164,
    "lf": 4,
    "lp": 57,
    "chosen_bias": [
        -11.443,
        -23.999,
        -24.965,
        -25.393
    ],
    "chosen_weights": [
        73.213,
        50.223,
        48.062,
        49.805,
        50.699
    ],
    "converted_from_freq": 261,
    "mse": [
        64.54126031507877,
        31.358964741185297,
        19.344336084021005,
        10.166541635408851,
        31.352775693923483
    ],
    "mse_mean": 31.352775693923483,
    "weight_results": [
        73.217,
        50.222,
        48.052,
        49.806,
        50.7
    ],
    "theta_results": [
        -11.443,
        -24.0,
        -24.967,
        -25.394
    ],
    "iterations": "7"
}