{
    "clk_freq": 153600,
    "input_freq": 26.0,
    "freq0": 26.34288713245164,
    "lf": 4,
    "lp": 57,
    "chosen_bias": [
        -11.443,
        -23.999,
        -24.964,
        -25.393
    ],
    "chosen_weights": [
        73.213,
        50.223,
        48.062,
        49.805,
        50.699
    ],
    "converted_from_freq": 260,
    "mse": [
        67.77606901725431,
        33.93417104276069,
        21.120780195048763,
        11.369092273068267,
        33.550028132033006
    ],
    "mse_mean": 33.550028132033006,
    "weight_results": [
        73.213,
        50.223,
        48.062,
        49.805,
        50.699
    ],
    "theta_results": [
        -11.443,
        -23.999,
        -24.965,
        -25.393
    ],
    "iterations": "2"
}