{
    "clk_freq": 153600,
    "input_freq": 28.7,
    "freq0": 28.828065163815005,
    "lf": 4,
    "lp": 52,
    "chosen_bias": [
        -12.275,
        -25.205,
        -27.562,
        -28.458
    ],
    "chosen_weights": [
        80.219,
        55.559,
        50.51,
        54.941,
        56.744
    ],
    "converted_from_freq": 287,
    "mse": [
        69.6064182194617,
        32.809316770186335,
        21.052587991718426,
        8.88695652173913,
        33.088819875776394
    ],
    "mse_mean": 33.088819875776394,
    "weight_results": [
        80.219,
        55.559,
        50.51,
        54.941,
        56.744
    ],
    "theta_results": [
        -12.275,
        -25.206,
        -27.564,
        -28.459
    ],
    "iterations": "5"
}