{
    "clk_freq": 153600,
    "input_freq": 28.6,
    "freq0": 28.828065163815005,
    "lf": 4,
    "lp": 52,
    "chosen_bias": [
        -12.275,
        -25.204,
        -27.56,
        -28.457
    ],
    "chosen_weights": [
        80.221,
        55.549,
        50.51,
        54.94,
        56.74
    ],
    "converted_from_freq": 286,
    "mse": [
        64.97184265010353,
        33.25424430641822,
        22.041821946169772,
        9.221946169772258,
        32.37246376811595
    ],
    "mse_mean": 32.37246376811595,
    "weight_results": [
        80.222,
        55.549,
        50.51,
        54.94,
        56.74
    ],
    "theta_results": [
        -12.275,
        -25.206,
        -27.564,
        -28.459
    ],
    "iterations": "12"
}