{
    "clk_freq": 153600,
    "input_freq": 28.5,
    "freq0": 28.828065163815005,
    "lf": 4,
    "lp": 52,
    "chosen_bias": [
        -12.275,
        -25.202,
        -27.558,
        -28.456
    ],
    "chosen_weights": [
        80.228,
        55.54,
        50.507,
        54.935,
        56.737
    ],
    "converted_from_freq": 285,
    "mse": [
        66.2,
        35.86231884057971,
        24.402070393374743,
        10.75672877846791,
        34.30527950310559
    ],
    "mse_mean": 34.30527950310559,
    "weight_results": [
        80.228,
        55.54,
        50.508,
        54.935,
        56.737
    ],
    "theta_results": [
        -12.275,
        -25.203,
        -27.56,
        -28.457
    ],
    "iterations": "7"
}