{
    "clk_freq": 153600,
    "input_freq": 28.8,
    "freq0": 28.828065163815005,
    "lf": 4,
    "lp": 52,
    "chosen_bias": [
        -12.135,
        -25.216,
        -27.577,
        -28.465
    ],
    "chosen_weights": [
        79.872,
        55.483,
        50.541,
        54.964,
        56.76
    ],
    "converted_from_freq": 288,
    "mse": [
        63.748654244306415,
        32.902898550724636,
        21.66335403726708,
        8.858385093167701,
        31.793322981366458
    ],
    "mse_mean": 31.793322981366458,
    "weight_results": [
        79.872,
        55.483,
        50.541,
        54.964,
        56.76
    ],
    "theta_results": [
        -12.135,
        -25.217,
        -27.578,
        -28.466
    ],
    "iterations": "4"
}