{
    "clk_freq": 153600,
    "input_freq": 28.3,
    "freq0": 28.828065163815005,
    "lf": 4,
    "lp": 52,
    "chosen_bias": [
        -12.275,
        -25.184,
        -27.533,
        -28.444
    ],
    "chosen_weights": [
        80.302,
        55.323,
        50.498,
        54.878,
        56.737
    ],
    "converted_from_freq": 283,
    "mse": [
        86.42525879917184,
        47.86708074534162,
        29.698343685300205,
        18.436024844720496,
        45.60667701863354
    ],
    "mse_mean": 45.60667701863354,
    "weight_results": [
        80.235,
        55.486,
        50.466,
        54.905,
        56.8
    ],
    "theta_results": [
        -12.3,
        -25.387,
        -27.757,
        -28.532
    ],
    "iterations": "112"
}