{
    "clk_freq": 153600,
    "input_freq": 28.4,
    "freq0": 28.828065163815005,
    "lf": 4,
    "lp": 52,
    "chosen_bias": [
        -12.275,
        -25.198,
        -27.553,
        -28.454
    ],
    "chosen_weights": [
        80.233,
        55.512,
        50.505,
        54.923,
        56.727
    ],
    "converted_from_freq": 284,
    "mse": [
        70.29606625258799,
        42.78861283643892,
        29.73768115942029,
        14.071428571428571,
        39.22344720496894
    ],
    "mse_mean": 39.22344720496894,
    "weight_results": [
        80.234,
        55.513,
        50.505,
        54.923,
        56.727
    ],
    "theta_results": [
        -12.275,
        -25.199,
        -27.555,
        -28.455
    ],
    "iterations": "6"
}