{
    "clk_freq": 153600,
    "input_freq": 29.4,
    "freq0": 29.9585775231803,
    "lf": 4,
    "lp": 50,
    "chosen_bias": [
        -12.137,
        -25.453,
        -29.005,
        -29.472
    ],
    "chosen_weights": [
        83.366,
        58.701,
        51.422,
        57.378,
        58.56
    ],
    "converted_from_freq": 294,
    "mse": [
        82.15878159429683,
        90.78785914884425,
        56.08727586951825,
        33.21559732123569,
        65.56237848347375
    ],
    "mse_mean": 65.56237848347375,
    "weight_results": [
        83.358,
        58.705,
        51.417,
        57.376,
        58.562
    ],
    "theta_results": [
        -12.137,
        -25.463,
        -29.015,
        -29.476
    ],
    "iterations": "25"
}