{
    "clk_freq": 153600,
    "input_freq": 29.1,
    "freq0": 29.382451032349906,
    "lf": 4,
    "lp": 51,
    "chosen_bias": [
        -12.136,
        -25.339,
        -28.251,
        -28.897
    ],
    "chosen_weights": [
        81.506,
        57.23,
        50.933,
        56.136,
        57.712
    ],
    "converted_from_freq": 291,
    "mse": [
        65.15796151406217,
        35.40938887714105,
        22.501374497779658,
        10.166631423133856,
        33.30883907802918
    ],
    "mse_mean": 33.30883907802918,
    "weight_results": [
        81.506,
        57.23,
        50.932,
        56.136,
        57.712
    ],
    "theta_results": [
        -12.136,
        -25.34,
        -28.253,
        -28.898
    ],
    "iterations": "6"
}