{
    "clk_freq": 153600,
    "input_freq": 29.5,
    "freq0": 29.9585775231803,
    "lf": 4,
    "lp": 50,
    "chosen_bias": [
        -12.137,
        -25.46,
        -29.011,
        -29.474
    ],
    "chosen_weights": [
        83.293,
        58.797,
        51.316,
        57.369,
        58.606
    ],
    "converted_from_freq": 295,
    "mse": [
        76.3201555411536,
        90.95333765392094,
        59.01425793907971,
        36.97602073882048,
        65.81594296824368
    ],
    "mse_mean": 65.81594296824368,
    "weight_results": [
        83.291,
        58.797,
        51.316,
        57.368,
        58.606
    ],
    "theta_results": [
        -12.137,
        -25.462,
        -29.013,
        -29.475
    ],
    "iterations": "6"
}