{
    "clk_freq": 153600,
    "input_freq": 29.9,
    "freq0": 29.9585775231803,
    "lf": 4,
    "lp": 50,
    "chosen_bias": [
        -12.137,
        -25.47,
        -29.077,
        -29.476
    ],
    "chosen_weights": [
        83.216,
        58.872,
        51.244,
        57.496,
        58.671
    ],
    "converted_from_freq": 299,
    "mse": [
        68.87599913588248,
        64.5947288831281,
        39.156621300496866,
        23.55152300712897,
        49.044718081659106
    ],
    "mse_mean": 49.044718081659106,
    "weight_results": [
        83.216,
        58.872,
        51.244,
        57.496,
        58.671
    ],
    "theta_results": [
        -12.137,
        -25.471,
        -29.078,
        -29.476
    ],
    "iterations": "2"
}