{
    "clk_freq": 153600,
    "input_freq": 29.7,
    "freq0": 29.9585775231803,
    "lf": 4,
    "lp": 50,
    "chosen_bias": [
        -12.137,
        -25.468,
        -29.075,
        -29.476
    ],
    "chosen_weights": [
        83.237,
        58.853,
        51.263,
        57.493,
        58.651
    ],
    "converted_from_freq": 297,
    "mse": [
        70.49643551523008,
        71.03866925901923,
        43.03931734715921,
        26.322747893713544,
        52.72429250378052
    ],
    "mse_mean": 52.72429250378052,
    "weight_results": [
        83.236,
        58.853,
        51.263,
        57.493,
        58.651
    ],
    "theta_results": [
        -12.137,
        -25.469,
        -29.076,
        -29.476
    ],
    "iterations": "4"
}