{
    "clk_freq": 153600,
    "input_freq": 29.3,
    "freq0": 29.382451032349906,
    "lf": 4,
    "lp": 51,
    "chosen_bias": [
        -12.136,
        -25.34,
        -28.253,
        -28.898
    ],
    "chosen_weights": [
        81.507,
        57.226,
        50.929,
        56.151,
        57.719
    ],
    "converted_from_freq": 293,
    "mse": [
        67.80672446606047,
        37.82639035736942,
        24.548953267075493,
        11.046521463311482,
        35.30714738845422
    ],
    "mse_mean": 35.30714738845422,
    "weight_results": [
        81.507,
        57.226,
        50.929,
        56.151,
        57.719
    ],
    "theta_results": [
        -12.136,
        -25.34,
        -28.254,
        -28.898
    ],
    "iterations": "2"
}