{
    "clk_freq": 153600,
    "input_freq": 29.0,
    "freq0": 29.382451032349906,
    "lf": 4,
    "lp": 51,
    "chosen_bias": [
        -12.136,
        -25.338,
        -28.249,
        -28.896
    ],
    "chosen_weights": [
        81.502,
        57.219,
        50.936,
        56.124,
        57.703
    ],
    "converted_from_freq": 290,
    "mse": [
        63.488263903573696,
        41.0171283569465,
        27.765066610277014,
        13.35123704800169,
        36.40542397969972
    ],
    "mse_mean": 36.40542397969972,
    "weight_results": [
        81.502,
        57.22,
        50.936,
        56.125,
        57.702
    ],
    "theta_results": [
        -12.136,
        -25.339,
        -28.25,
        -28.897
    ],
    "iterations": "4"
}