{
    "clk_freq": 153600,
    "input_freq": 30.2,
    "freq0": 30.557749073643905,
    "lf": 4,
    "lp": 49,
    "chosen_bias": [
        -12.139,
        -25.686,
        -29.451,
        -29.96
    ],
    "chosen_weights": [
        85.023,
        60.472,
        52.21,
        58.478,
        59.78
    ],
    "converted_from_freq": 302,
    "mse": [
        67.75684628975264,
        50.975706713780916,
        31.69721731448763,
        19.346952296819786,
        42.44418065371024
    ],
    "mse_mean": 42.44418065371024,
    "weight_results": [
        85.023,
        60.472,
        52.21,
        58.478,
        59.78
    ],
    "theta_results": [
        -12.139,
        -25.687,
        -29.452,
        -29.961
    ],
    "iterations": "3"
}