{
    "clk_freq": 153600,
    "input_freq": 30.7,
    "freq0": 31.18137660575909,
    "lf": 4,
    "lp": 48,
    "chosen_bias": [
        -23.363,
        -31.3,
        -33.565,
        -31.478
    ],
    "chosen_weights": [
        93.577,
        47.408,
        62.579,
        66.801,
        62.77
    ],
    "converted_from_freq": 307,
    "mse": [
        34.10794941282746,
        29.546522131887986,
        66.2206413730804,
        99.37759710930443,
        57.31317750677506
    ],
    "mse_mean": 57.31317750677506,
    "weight_results": [
        93.586,
        47.406,
        62.573,
        66.795,
        62.77
    ],
    "theta_results": [
        -23.363,
        -31.314,
        -33.592,
        -31.489
    ],
    "iterations": "111"
}