{
    "clk_freq": 153600,
    "input_freq": 30.9,
    "freq0": 31.18137660575909,
    "lf": 4,
    "lp": 48,
    "chosen_bias": [
        -23.438,
        -31.375,
        -33.736,
        -31.21
    ],
    "chosen_weights": [
        93.516,
        47.439,
        62.511,
        67.238,
        62.408
    ],
    "converted_from_freq": 309,
    "mse": [
        33.93812104787715,
        34.325880758807585,
        76.56549232158989,
        106.32294489611563,
        62.78810975609757
    ],
    "mse_mean": 62.78810975609757,
    "weight_results": [
        93.524,
        47.437,
        62.516,
        67.243,
        62.415
    ],
    "theta_results": [
        -23.438,
        -31.379,
        -33.745,
        -31.213
    ],
    "iterations": "55"
}