{
    "clk_freq": 153600,
    "input_freq": 30.6,
    "freq0": 31.18137660575909,
    "lf": 4,
    "lp": 48,
    "chosen_bias": [
        -22.867,
        -31.24,
        -33.422,
        -32.076
    ],
    "chosen_weights": [
        91.82,
        46.913,
        62.243,
        66.604,
        64.093
    ],
    "converted_from_freq": 306,
    "mse": [
        53.212511291779585,
        47.398148148148145,
        91.96793134598013,
        116.5146793134598,
        77.27331752484191
    ],
    "mse_mean": 77.27331752484191,
    "weight_results": [
        91.877,
        47.152,
        62.126,
        67.29,
        62.95
    ],
    "theta_results": [
        -22.882,
        -31.604,
        -33.959,
        -31.32
    ],
    "iterations": "600"
}