{
    "clk_freq": 153600,
    "input_freq": 30.4,
    "freq0": 30.557749073643905,
    "lf": 4,
    "lp": 49,
    "chosen_bias": [
        -12.14,
        -25.718,
        -29.689,
        -29.977
    ],
    "chosen_weights": [
        85.091,
        60.723,
        51.673,
        58.822,
        59.767
    ],
    "converted_from_freq": 304,
    "mse": [
        73.40790636042402,
        57.09849823321555,
        35.33083038869258,
        21.07310070671378,
        46.72758392226148
    ],
    "mse_mean": 46.72758392226148,
    "weight_results": [
        85.091,
        60.723,
        51.673,
        58.822,
        59.767
    ],
    "theta_results": [
        -12.14,
        -25.719,
        -29.69,
        -29.977
    ],
    "iterations": "2"
}