{
    "clk_freq": 153600,
    "input_freq": 30.3,
    "freq0": 30.557749073643905,
    "lf": 4,
    "lp": 49,
    "chosen_bias": [
        -12.139,
        -25.687,
        -29.452,
        -29.961
    ],
    "chosen_weights": [
        85.029,
        60.466,
        52.206,
        58.474,
        59.772
    ],
    "converted_from_freq": 303,
    "mse": [
        64.60865724381625,
        54.0702296819788,
        34.35600706713781,
        20.864178445229683,
        43.47476810954063
    ],
    "mse_mean": 43.47476810954063,
    "weight_results": [
        85.029,
        60.465,
        52.205,
        58.474,
        59.771
    ],
    "theta_results": [
        -12.139,
        -25.688,
        -29.454,
        -29.962
    ],
    "iterations": "4"
}