{
    "clk_freq": 153600,
    "input_freq": 30.8,
    "freq0": 31.18137660575909,
    "lf": 4,
    "lp": 48,
    "chosen_bias": [
        -23.403,
        -31.375,
        -33.735,
        -31.21
    ],
    "chosen_weights": [
        93.444,
        47.368,
        62.5,
        67.229,
        62.396
    ],
    "converted_from_freq": 308,
    "mse": [
        36.272809394760614,
        32.414182475158086,
        64.57881662149954,
        93.15785907859079,
        56.60591689250225
    ],
    "mse_mean": 56.60591689250225,
    "weight_results": [
        93.444,
        47.368,
        62.5,
        67.229,
        62.396
    ],
    "theta_results": [
        -23.403,
        -31.375,
        -33.736,
        -31.21
    ],
    "iterations": "3"
}