{
    "clk_freq": 153600,
    "input_freq": 30.5,
    "freq0": 30.557749073643905,
    "lf": 4,
    "lp": 49,
    "chosen_bias": [
        -12.14,
        -25.719,
        -29.69,
        -29.977
    ],
    "chosen_weights": [
        85.091,
        60.723,
        51.673,
        58.822,
        59.767
    ],
    "converted_from_freq": 305,
    "mse": [
        69.99602473498233,
        56.72725265017668,
        35.481227915194346,
        21.339664310954063,
        45.88604240282686
    ],
    "mse_mean": 45.88604240282686,
    "weight_results": [
        85.091,
        60.723,
        51.673,
        58.822,
        59.767
    ],
    "theta_results": [
        -12.14,
        -25.72,
        -29.691,
        -29.977
    ],
    "iterations": "4"
}