{
    "clk_freq": 153600,
    "input_freq": 31.9,
    "freq0": 32.508243695365856,
    "lf": 4,
    "lp": 46,
    "chosen_bias": [
        -11.335,
        -26.359,
        -30.876,
        -31.862
    ],
    "chosen_weights": [
        90.094,
        66.933,
        53.61,
        61.831,
        63.974
    ],
    "converted_from_freq": 319,
    "mse": [
        69.7169900615239,
        36.74656885944155,
        32.68149550402271,
        33.09441552295315,
        43.059867486985326
    ],
    "mse_mean": 43.059867486985326,
    "weight_results": [
        90.094,
        66.933,
        53.61,
        61.831,
        63.974
    ],
    "theta_results": [
        -11.335,
        -26.359,
        -30.877,
        -31.863
    ],
    "iterations": "2"
}