{
    "clk_freq": 153600,
    "input_freq": 31.2,
    "freq0": 31.830988618379067,
    "lf": 4,
    "lp": 47,
    "chosen_bias": [
        -11.542,
        -26.138,
        -30.35,
        -31.343
    ],
    "chosen_weights": [
        90.392,
        66.508,
        52.399,
        59.861,
        62.247
    ],
    "converted_from_freq": 312,
    "mse": [
        106.4536630459903,
        79.57591865033511,
        52.837993991217935,
        35.00207996302288,
        68.46741391264155
    ],
    "mse_mean": 68.46741391264155,
    "weight_results": [
        90.391,
        66.509,
        52.398,
        59.861,
        62.247
    ],
    "theta_results": [
        -11.542,
        -26.14,
        -30.352,
        -31.344
    ],
    "iterations": "4"
}