{
    "clk_freq": 153600,
    "input_freq": 31.1,
    "freq0": 31.18137660575909,
    "lf": 4,
    "lp": 48,
    "chosen_bias": [
        -23.51,
        -31.445,
        -33.901,
        -30.956
    ],
    "chosen_weights": [
        94.035,
        47.473,
        62.758,
        67.52,
        61.822
    ],
    "converted_from_freq": 311,
    "mse": [
        28.711382113821138,
        26.99412827461608,
        74.84349593495935,
        99.29245709123758,
        57.46036585365853
    ],
    "mse_mean": 57.46036585365853,
    "weight_results": [
        94.039,
        47.471,
        62.76,
        67.519,
        61.823
    ],
    "theta_results": [
        -23.51,
        -31.449,
        -33.91,
        -30.96
    ],
    "iterations": "37"
}