{
    "clk_freq": 153600,
    "input_freq": 31.5,
    "freq0": 31.830988618379067,
    "lf": 4,
    "lp": 47,
    "chosen_bias": [
        -11.542,
        -26.142,
        -30.354,
        -31.344
    ],
    "chosen_weights": [
        90.36,
        66.539,
        52.378,
        59.859,
        62.258
    ],
    "converted_from_freq": 315,
    "mse": [
        102.50496880055465,
        77.34458054079039,
        51.499884446498726,
        35.07557198983129,
        66.60625144441876
    ],
    "mse_mean": 66.60625144441876,
    "weight_results": [
        90.359,
        66.539,
        52.378,
        59.859,
        62.258
    ],
    "theta_results": [
        -11.542,
        -26.144,
        -30.356,
        -31.345
    ],
    "iterations": "5"
}