{
    "clk_freq": 153600,
    "input_freq": 31.0,
    "freq0": 31.18137660575909,
    "lf": 4,
    "lp": 48,
    "chosen_bias": [
        -23.51,
        -31.434,
        -33.873,
        -30.942
    ],
    "chosen_weights": [
        93.791,
        47.549,
        62.601,
        67.499,
        61.89
    ],
    "converted_from_freq": 310,
    "mse": [
        31.57859078590786,
        31.59620596205962,
        76.44941282746161,
        101.17728093947606,
        60.200372628726285
    ],
    "mse_mean": 60.20037262872629,
    "weight_results": [
        93.799,
        47.554,
        62.601,
        67.503,
        61.896
    ],
    "theta_results": [
        -23.51,
        -31.438,
        -33.882,
        -30.945
    ],
    "iterations": "56"
}