{
    "clk_freq": 153600,
    "input_freq": 31.6,
    "freq0": 31.830988618379067,
    "lf": 4,
    "lp": 47,
    "chosen_bias": [
        -11.542,
        -26.144,
        -30.356,
        -31.345
    ],
    "chosen_weights": [
        90.325,
        66.563,
        52.357,
        59.857,
        62.267
    ],
    "converted_from_freq": 316,
    "mse": [
        100.01178645712965,
        76.88953085278484,
        52.70002311070026,
        36.25652877282182,
        66.46446729835914
    ],
    "mse_mean": 66.46446729835914,
    "weight_results": [
        90.325,
        66.563,
        52.357,
        59.857,
        62.267
    ],
    "theta_results": [
        -11.542,
        -26.145,
        -30.357,
        -31.345
    ],
    "iterations": "2"
}