{
    "clk_freq": 153600,
    "input_freq": 31.7,
    "freq0": 31.830988618379067,
    "lf": 4,
    "lp": 47,
    "chosen_bias": [
        -11.328,
        -26.145,
        -30.409,
        -31.381
    ],
    "chosen_weights": [
        89.897,
        66.135,
        52.357,
        59.961,
        62.339
    ],
    "converted_from_freq": 317,
    "mse": [
        111.52807950080887,
        108.82366535706032,
        73.45944072105385,
        51.495493413450426,
        86.32666974809338
    ],
    "mse_mean": 86.32666974809338,
    "weight_results": [
        89.859,
        66.156,
        52.341,
        59.956,
        62.341
    ],
    "theta_results": [
        -11.335,
        -26.181,
        -30.439,
        -31.393
    ],
    "iterations": "71"
}