{
    "clk_freq": 153600,
    "input_freq": 31.8,
    "freq0": 31.830988618379067,
    "lf": 4,
    "lp": 47,
    "chosen_bias": [
        -11.328,
        -26.147,
        -30.487,
        -31.434
    ],
    "chosen_weights": [
        89.897,
        66.135,
        52.357,
        60.113,
        62.443
    ],
    "converted_from_freq": 318,
    "mse": [
        108.29651028426161,
        84.07187427779061,
        52.51143979662584,
        32.57499422232494,
        69.36370464525075
    ],
    "mse_mean": 69.36370464525075,
    "weight_results": [
        89.897,
        66.135,
        52.357,
        60.113,
        62.443
    ],
    "theta_results": [
        -11.328,
        -26.148,
        -30.488,
        -31.434
    ],
    "iterations": "2"
}