{
    "clk_freq": 153600,
    "input_freq": 31.4,
    "freq0": 31.830988618379067,
    "lf": 4,
    "lp": 47,
    "chosen_bias": [
        -11.542,
        -26.141,
        -30.353,
        -31.344
    ],
    "chosen_weights": [
        90.36,
        66.539,
        52.378,
        59.859,
        62.258
    ],
    "converted_from_freq": 314,
    "mse": [
        108.320545412526,
        75.93944996533395,
        49.62676219089438,
        32.448578691934365,
        66.58383406517217
    ],
    "mse_mean": 66.58383406517217,
    "weight_results": [
        90.36,
        66.539,
        52.378,
        59.859,
        62.258
    ],
    "theta_results": [
        -11.542,
        -26.142,
        -30.354,
        -31.344
    ],
    "iterations": "2"
}