{
    "clk_freq": 153600,
    "input_freq": 32.9,
    "freq0": 33.21494464526511,
    "lf": 4,
    "lp": 45,
    "chosen_bias": [
        -10.734,
        -26.595,
        -32.267,
        -32.724
    ],
    "chosen_weights": [
        92.43,
        69.612,
        53.577,
        63.593,
        64.847
    ],
    "converted_from_freq": 329,
    "mse": [
        94.74115365971886,
        127.66747455162385,
        78.09282598158022,
        55.06495395055744,
        88.8916020358701
    ],
    "mse_mean": 88.8916020358701,
    "weight_results": [
        92.431,
        69.613,
        53.576,
        63.592,
        64.847
    ],
    "theta_results": [
        -10.734,
        -26.599,
        -32.27,
        -32.726
    ],
    "iterations": "6"
}