{
    "clk_freq": 153600,
    "input_freq": 32.0,
    "freq0": 32.508243695365856,
    "lf": 4,
    "lp": 46,
    "chosen_bias": [
        -11.335,
        -26.359,
        -30.877,
        -31.863
    ],
    "chosen_weights": [
        90.094,
        66.933,
        53.61,
        61.831,
        63.974
    ],
    "converted_from_freq": 320,
    "mse": [
        67.40227165168008,
        33.14718409843824,
        30.150023663038333,
        32.11003312825367,
        40.702378135352575
    ],
    "mse_mean": 40.702378135352575,
    "weight_results": [
        90.094,
        66.933,
        53.61,
        61.831,
        63.974
    ],
    "theta_results": [
        -11.335,
        -26.359,
        -30.878,
        -31.864
    ],
    "iterations": "2"
}