{
    "clk_freq": 153600,
    "input_freq": 32.4,
    "freq0": 32.508243695365856,
    "lf": 4,
    "lp": 46,
    "chosen_bias": [
        -11.335,
        -26.359,
        -30.881,
        -31.867
    ],
    "chosen_weights": [
        90.094,
        66.933,
        53.61,
        61.831,
        63.974
    ],
    "converted_from_freq": 324,
    "mse": [
        70.90014197823001,
        35.99479413156649,
        31.80407004259347,
        32.47515380974917,
        42.79353999053479
    ],
    "mse_mean": 42.79353999053479,
    "weight_results": [
        90.094,
        66.933,
        53.61,
        61.831,
        63.974
    ],
    "theta_results": [
        -11.335,
        -26.359,
        -30.882,
        -31.868
    ],
    "iterations": "2"
}