{
    "clk_freq": 153600,
    "input_freq": 32.1,
    "freq0": 32.508243695365856,
    "lf": 4,
    "lp": 46,
    "chosen_bias": [
        -11.335,
        -26.359,
        -30.878,
        -31.864
    ],
    "chosen_weights": [
        90.094,
        66.933,
        53.61,
        61.831,
        63.974
    ],
    "converted_from_freq": 321,
    "mse": [
        66.24988168480833,
        34.989115002366304,
        31.479649787032656,
        33.18670137245622,
        41.47633696166587
    ],
    "mse_mean": 41.47633696166587,
    "weight_results": [
        90.094,
        66.933,
        53.61,
        61.831,
        63.974
    ],
    "theta_results": [
        -11.335,
        -26.359,
        -30.879,
        -31.865
    ],
    "iterations": "2"
}