{
    "clk_freq": 153600,
    "input_freq": 32.8,
    "freq0": 33.21494464526511,
    "lf": 4,
    "lp": 45,
    "chosen_bias": [
        -10.879,
        -26.575,
        -31.793,
        -32.504
    ],
    "chosen_weights": [
        92.902,
        69.564,
        54.032,
        63.074,
        64.838
    ],
    "converted_from_freq": 328,
    "mse": [
        76.60300533204072,
        100.59549200193892,
        74.91735336888027,
        68.75836160930683,
        80.21855307804168
    ],
    "mse_mean": 80.21855307804168,
    "weight_results": [
        92.903,
        69.565,
        54.032,
        63.073,
        64.837
    ],
    "theta_results": [
        -10.879,
        -26.578,
        -31.796,
        -32.506
    ],
    "iterations": "5"
}