{
    "clk_freq": 153600,
    "input_freq": 32.5,
    "freq0": 32.508243695365856,
    "lf": 4,
    "lp": 46,
    "chosen_bias": [
        -11.335,
        -26.359,
        -30.882,
        -31.868
    ],
    "chosen_weights": [
        90.094,
        66.933,
        53.61,
        61.831,
        63.974
    ],
    "converted_from_freq": 325,
    "mse": [
        69.07311878845243,
        34.719592995740655,
        31.305253194510176,
        32.23024136299101,
        41.83205158542357
    ],
    "mse_mean": 41.83205158542357,
    "weight_results": [
        90.094,
        66.933,
        53.61,
        61.831,
        63.974
    ],
    "theta_results": [
        -11.335,
        -26.359,
        -30.883,
        -31.869
    ],
    "iterations": "2"
}