{
    "clk_freq": 153600,
    "input_freq": 32.3,
    "freq0": 32.508243695365856,
    "lf": 4,
    "lp": 46,
    "chosen_bias": [
        -11.335,
        -26.359,
        -30.88,
        -31.866
    ],
    "chosen_weights": [
        90.094,
        66.933,
        53.61,
        61.831,
        63.974
    ],
    "converted_from_freq": 323,
    "mse": [
        70.88499763369617,
        35.84879318504496,
        31.646474207288215,
        32.07714150496924,
        42.614351632749646
    ],
    "mse_mean": 42.614351632749646,
    "weight_results": [
        90.094,
        66.933,
        53.61,
        61.831,
        63.974
    ],
    "theta_results": [
        -11.335,
        -26.359,
        -30.881,
        -31.867
    ],
    "iterations": "2"
}