{
    "clk_freq": 153600,
    "input_freq": 32.6,
    "freq0": 33.21494464526511,
    "lf": 4,
    "lp": 45,
    "chosen_bias": [
        -11.183,
        -26.573,
        -31.54,
        -32.502
    ],
    "chosen_weights": [
        93.51,
        70.172,
        54.032,
        62.574,
        64.838
    ],
    "converted_from_freq": 326,
    "mse": [
        78.78332525448376,
        89.56398448860882,
        70.3012603005332,
        57.83567619970916,
        74.12106156083374
    ],
    "mse_mean": 74.12106156083374,
    "weight_results": [
        93.51,
        70.172,
        54.032,
        62.574,
        64.838
    ],
    "theta_results": [
        -11.183,
        -26.575,
        -31.542,
        -32.503
    ],
    "iterations": "4"
}