{
    "clk_freq": 153600,
    "input_freq": 33.2,
    "freq0": 33.21494464526511,
    "lf": 4,
    "lp": 45,
    "chosen_bias": [
        -10.734,
        -26.599,
        -32.271,
        -32.783
    ],
    "chosen_weights": [
        92.418,
        69.629,
        53.56,
        63.585,
        64.955
    ],
    "converted_from_freq": 332,
    "mse": [
        91.19777023751817,
        117.0496849248667,
        69.48303441589917,
        47.373242850218126,
        81.27593310712554
    ],
    "mse_mean": 81.27593310712554,
    "weight_results": [
        92.418,
        69.629,
        53.56,
        63.585,
        64.955
    ],
    "theta_results": [
        -10.734,
        -26.601,
        -32.273,
        -32.784
    ],
    "iterations": "3"
}