{
    "clk_freq": 153600,
    "input_freq": 33.9,
    "freq0": 33.953054526271,
    "lf": 4,
    "lp": 44,
    "chosen_bias": [
        -10.741,
        -26.899,
        -32.748,
        -33.455
    ],
    "chosen_weights": [
        92.476,
        70.636,
        54.804,
        65.382,
        67.125
    ],
    "converted_from_freq": 339,
    "mse": [
        69.12273291925466,
        30.43527950310559,
        23.894906832298137,
        26.416645962732918,
        37.46739130434783
    ],
    "mse_mean": 37.46739130434783,
    "weight_results": [
        92.476,
        70.636,
        54.804,
        65.382,
        67.125
    ],
    "theta_results": [
        -10.741,
        -26.899,
        -32.749,
        -33.456
    ],
    "iterations": "2"
}