{
    "clk_freq": 153600,
    "input_freq": 33.7,
    "freq0": 33.953054526271,
    "lf": 4,
    "lp": 44,
    "chosen_bias": [
        -10.741,
        -26.899,
        -32.746,
        -33.453
    ],
    "chosen_weights": [
        92.476,
        70.636,
        54.804,
        65.382,
        67.125
    ],
    "converted_from_freq": 337,
    "mse": [
        68.46857142857142,
        29.774906832298136,
        23.486211180124222,
        26.69888198757764,
        37.107142857142854
    ],
    "mse_mean": 37.107142857142854,
    "weight_results": [
        92.476,
        70.636,
        54.804,
        65.382,
        67.125
    ],
    "theta_results": [
        -10.741,
        -26.899,
        -32.747,
        -33.454
    ],
    "iterations": "2"
}