{
    "clk_freq": 153600,
    "input_freq": 33.5,
    "freq0": 33.953054526271,
    "lf": 4,
    "lp": 44,
    "chosen_bias": [
        -10.741,
        -26.899,
        -32.744,
        -33.451
    ],
    "chosen_weights": [
        92.476,
        70.636,
        54.804,
        65.382,
        67.125
    ],
    "converted_from_freq": 335,
    "mse": [
        67.39726708074534,
        30.648198757763975,
        24.83080745341615,
        27.370434782608697,
        37.56167701863354
    ],
    "mse_mean": 37.56167701863354,
    "weight_results": [
        92.476,
        70.636,
        54.804,
        65.382,
        67.125
    ],
    "theta_results": [
        -10.741,
        -26.899,
        -32.745,
        -33.452
    ],
    "iterations": "2"
}