{
    "clk_freq": 153600,
    "input_freq": 33.1,
    "freq0": 33.21494464526511,
    "lf": 4,
    "lp": 45,
    "chosen_bias": [
        -10.734,
        -26.598,
        -32.27,
        -32.782
    ],
    "chosen_weights": [
        92.418,
        69.629,
        53.56,
        63.585,
        64.955
    ],
    "converted_from_freq": 331,
    "mse": [
        92.5390208434319,
        114.83616093068348,
        67.71400872515754,
        45.74333494910325,
        80.20813136209405
    ],
    "mse_mean": 80.20813136209405,
    "weight_results": [
        92.418,
        69.629,
        53.56,
        63.585,
        64.955
    ],
    "theta_results": [
        -10.734,
        -26.599,
        -32.271,
        -32.783
    ],
    "iterations": "2"
}