{
    "freq0": 160.0,
    "f_resonator": 160.83025828233633,
    "lf": 4,
    "mse": [
        151.14449845338046,
        175.45901458241272,
        219.19167034909412,
        315.95901458241275
    ],
    "mean_mse": 215.43854949182503,
    "thetas": [
        -19.184,
        -17.323,
        -15.152,
        -15.803
    ],
    "weights": [
        63.808,
        26.451,
        34.141,
        30.497,
        31.678
    ],
    "peaks": [
        "167.31",
        "167.42",
        "167.53",
        "167.65"
    ],
    "snrs": [
        "11.86",
        "11.85",
        "11.76",
        "11.60"
    ],
    "best_neuron": 1
}