{
    "freq0": 166.0,
    "f_resonator": 166.07472322632557,
    "lf": 4,
    "mse": [
        135.21428571428572,
        151.92971428571428,
        218.40685714285715,
        297.2705142857143
    ],
    "mean_mse": 200.70534285714285,
    "thetas": [
        -20.0,
        -17.797,
        -15.956,
        -16.104
    ],
    "weights": [
        66.282,
        27.3,
        35.106,
        32.001,
        32.329
    ],
    "peaks": [
        "172.61",
        "172.72",
        "171.95",
        "172.05"
    ],
    "snrs": [
        "11.95",
        "11.95",
        "11.86",
        "11.67"
    ],
    "best_neuron": 3
}