{
    "freq0": 250.0,
    "f_resonator": 250.47335306265495,
    "lf": 4,
    "mse": [
        241.7353567625133,
        103.99201277955271,
        157.1936457223997,
        220.38107916222933
    ],
    "mean_mse": 180.82552360667376,
    "thetas": [
        -30.365,
        -26.786,
        -24.465,
        -24.437
    ],
    "weights": [
        99.455,
        40.538,
        52.741,
        48.947,
        49.019
    ],
    "peaks": [
        "255.90",
        "255.38",
        "256.05",
        "255.52"
    ],
    "snrs": [
        "12.63",
        "12.66",
        "12.60",
        "12.43"
    ],
    "best_neuron": 2
}