{
    "freq0": 268.0,
    "f_resonator": 268.05043047056057,
    "lf": 4,
    "mse": [
        65.66934250764525,
        52.746368501529055,
        38.908830275229356,
        30.065749235474005
    ],
    "mean_mse": 46.84757262996942,
    "thetas": [
        -8.927,
        -25.704,
        -25.206,
        -26.618
    ],
    "weights": [
        65.351,
        47.423,
        51.518,
        50.371,
        53.112
    ],
    "peaks": [
        "270.70",
        "271.33",
        "269.72",
        "269.79"
    ],
    "snrs": [
        "11.63",
        "11.73",
        "11.59",
        "11.42"
    ],
    "best_neuron": 3
}