{
    "freq0": 347.0,
    "f_resonator": 347.24714856413533,
    "lf": 4,
    "mse": [
        168.0555414012739,
        222.7908280254777,
        340.8473885350318,
        340.35337579617834
    ],
    "mean_mse": 268.01178343949044,
    "thetas": [
        -44.809,
        -37.682,
        -34.249,
        -33.187
    ],
    "weights": [
        142.565,
        55.948,
        73.91,
        68.354,
        67.02
    ],
    "peaks": [
        "352.11",
        "352.16",
        "352.22",
        "351.41"
    ],
    "snrs": [
        "12.90",
        "12.99",
        "12.94",
        "12.75"
    ],
    "best_neuron": 4
}