{
    "freq0": 412.0,
    "f_resonator": 412.94255504924195,
    "lf": 4,
    "mse": [
        195.68488047190314,
        47.64855634895995,
        74.30363241229432,
        79.45979509469109
    ],
    "mean_mse": 99.27421608196212,
    "thetas": [
        -54.501,
        -44.59,
        -39.86,
        -38.707
    ],
    "weights": [
        175.469,
        69.046,
        88.335,
        79.108,
        78.08
    ],
    "peaks": [
        "416.87",
        "416.19",
        "416.23",
        "416.28"
    ],
    "snrs": [
        "12.82",
        "12.83",
        "12.79",
        "12.66"
    ],
    "best_neuron": 2
}