{
    "freq0": 526.0,
    "f_resonator": 526.8577426490328,
    "lf": 4,
    "mse": [
        193.7786512205213,
        40.207281754240796,
        93.53371948696731,
        34.607364501448075
    ],
    "mean_mse": 90.53175424079438,
    "thetas": [
        -78.345,
        -57.279,
        -52.931,
        -48.217
    ],
    "weights": [
        239.144,
        86.311,
        114.419,
        103.404,
        97.135
    ],
    "peaks": [
        "529.98",
        "530.58",
        "530.62",
        "529.52"
    ],
    "snrs": [
        "12.58",
        "12.64",
        "12.56",
        "12.41"
    ],
    "best_neuron": 4
}