{
    "freq0": 763.0,
    "f_resonator": 763.9437268410976,
    "lf": 4,
    "mse": [
        141.75727513227514,
        143.25066137566137,
        190.26719576719577,
        77.38227513227513
    ],
    "mean_mse": 138.16435185185185,
    "thetas": [
        -127.835,
        -85.872,
        -76.422,
        -67.925
    ],
    "weights": [
        371.729,
        122.996,
        171.202,
        148.778,
        139.294
    ],
    "peaks": [
        "763.92",
        "763.75",
        "763.97",
        "761.83"
    ],
    "snrs": [
        "12.20",
        "12.26",
        "12.17",
        "12.00"
    ],
    "best_neuron": 3
}