{
    "clk_freq": 153600,
    "input_freq": 11.5,
    "freq0": 11.574904952137842,
    "lf": 4,
    "lp": 131,
    "chosen_bias": [
        -3.127,
        -10.985,
        -11.596,
        -11.551
    ],
    "chosen_weights": [
        25.369,
        19.979,
        22.243,
        23.005,
        23.077
    ],
    "converted_from_freq": 115,
    "mse": [
        33.19934231130598,
        28.618383964923268,
        55.449029126213595,
        75.12425618540557,
        48.097752896962106
    ],
    "mse_mean": 48.097752896962106,
    "weight_results": [
        25.576,
        19.712,
        22.241,
        23.111,
        23.204
    ],
    "theta_results": [
        -3.124,
        -10.985,
        -11.596,
        -11.55
    ],
    "iterations": "45"
}