{
    "clk_freq": 153600,
    "input_freq": 12.9,
    "freq0": 12.948198760018604,
    "lf": 4,
    "lp": 117,
    "chosen_bias": [
        -5.336,
        -12.885,
        -12.742,
        -12.589
    ],
    "chosen_weights": [
        31.794,
        21.257,
        26.104,
        25.419,
        25.316
    ],
    "converted_from_freq": 129,
    "mse": [
        54.94420978528687,
        24.735568461809223,
        15.212161210841254,
        12.187697993664203,
        26.76990936290039
    ],
    "mse_mean": 26.769909362900385,
    "weight_results": [
        31.794,
        21.257,
        26.104,
        25.419,
        25.316
    ],
    "theta_results": [
        -5.336,
        -12.885,
        -12.742,
        -12.589
    ],
    "iterations": "2"
}