{
    "clk_freq": 153600,
    "input_freq": 13.7,
    "freq0": 13.764751834974732,
    "lf": 4,
    "lp": 110,
    "chosen_bias": [
        -5.832,
        -13.458,
        -13.354,
        -13.726
    ],
    "chosen_weights": [
        34.663,
        23.157,
        27.06,
        26.466,
        27.41
    ],
    "converted_from_freq": 137,
    "mse": [
        55.20609756097561,
        39.975234521575985,
        24.7171669793621,
        16.14484052532833,
        34.01083489681051
    ],
    "mse_mean": 34.01083489681051,
    "weight_results": [
        34.663,
        23.157,
        27.06,
        26.466,
        27.41
    ],
    "theta_results": [
        -5.832,
        -13.458,
        -13.354,
        -13.726
    ],
    "iterations": "2"
}