{
    "clk_freq": 153600,
    "input_freq": 14.3,
    "freq0": 14.414032581907502,
    "lf": 4,
    "lp": 105,
    "chosen_bias": [
        -6.217,
        -13.969,
        -13.999,
        -14.807
    ],
    "chosen_weights": [
        35.84,
        23.499,
        28.14,
        28.014,
        29.661
    ],
    "converted_from_freq": 143,
    "mse": [
        36.98503642449301,
        19.79651506202008,
        9.939948808820635,
        21.01752313447529,
        21.934755857452252
    ],
    "mse_mean": 21.934755857452252,
    "weight_results": [
        35.84,
        23.499,
        28.14,
        28.014,
        29.661
    ],
    "theta_results": [
        -6.217,
        -13.969,
        -13.999,
        -14.807
    ],
    "iterations": "2"
}