{
    "clk_freq": 153600,
    "input_freq": 14.1,
    "freq0": 14.14710605261292,
    "lf": 4,
    "lp": 107,
    "chosen_bias": [
        -6.217,
        -13.799,
        -13.853,
        -14.637
    ],
    "chosen_weights": [
        35.756,
        23.441,
        27.693,
        27.632,
        29.271
    ],
    "converted_from_freq": 141,
    "mse": [
        68.15899218071242,
        50.517231392991604,
        28.234482092866106,
        18.505743797663868,
        41.3541123660585
    ],
    "mse_mean": 41.3541123660585,
    "weight_results": [
        35.685,
        23.729,
        27.63,
        27.394,
        28.205
    ],
    "theta_results": [
        -6.166,
        -13.546,
        -13.828,
        -14.212
    ],
    "iterations": "362"
}