{
    "clk_freq": 153600,
    "input_freq": 16.1,
    "freq0": 16.254121847682928,
    "lf": 4,
    "lp": 93,
    "chosen_bias": [
        -7.841,
        -15.613,
        -16.111,
        -16.791
    ],
    "chosen_weights": [
        41.398,
        26.159,
        31.637,
        31.961,
        33.341
    ],
    "converted_from_freq": 161,
    "mse": [
        67.53502401966261,
        51.559378840353034,
        30.644620712769523,
        38.57691878002458,
        47.07898558820244
    ],
    "mse_mean": 47.07898558820244,
    "weight_results": [
        41.398,
        26.159,
        31.637,
        31.961,
        33.341
    ],
    "theta_results": [
        -7.841,
        -15.613,
        -16.111,
        -16.791
    ],
    "iterations": "2"
}