{
    "clk_freq": 153600,
    "input_freq": 18.4,
    "freq0": 18.40828257448428,
    "lf": 4,
    "lp": 82,
    "chosen_bias": [
        -8.972,
        -17.587,
        -18.021,
        -18.659
    ],
    "chosen_weights": [
        48.709,
        30.862,
        35.323,
        35.86,
        37.193
    ],
    "converted_from_freq": 184,
    "mse": [
        50.73413204180474,
        37.049834310476676,
        23.50548049961764,
        31.72597501911802,
        35.75385546775427
    ],
    "mse_mean": 35.75385546775427,
    "weight_results": [
        48.709,
        30.862,
        35.323,
        35.86,
        37.193
    ],
    "theta_results": [
        -8.972,
        -17.587,
        -18.021,
        -18.659
    ],
    "iterations": "2"
}