{
    "clk_freq": 153600,
    "input_freq": 19.2,
    "freq0": 19.340347514964495,
    "lf": 4,
    "lp": 78,
    "chosen_bias": [
        -9.273,
        -18.185,
        -18.896,
        -19.967
    ],
    "chosen_weights": [
        52.1,
        33.762,
        36.297,
        37.734,
        39.841
    ],
    "converted_from_freq": 192,
    "mse": [
        61.225984146177616,
        50.94894531774822,
        34.015450759102514,
        18.01249496170899,
        41.050718796184334
    ],
    "mse_mean": 41.050718796184334,
    "weight_results": [
        51.86,
        34.551,
        35.711,
        36.941,
        38.765
    ],
    "theta_results": [
        -8.653,
        -17.76,
        -18.598,
        -19.427
    ],
    "iterations": "59"
}