{
    "clk_freq": 153600,
    "input_freq": 19.5,
    "freq0": 19.588300688233275,
    "lf": 4,
    "lp": 77,
    "chosen_bias": [
        -9.273,
        -18.289,
        -18.915,
        -19.975
    ],
    "chosen_weights": [
        52.069,
        33.566,
        36.743,
        37.896,
        39.893
    ],
    "converted_from_freq": 195,
    "mse": [
        25.212719596895003,
        40.88124744654773,
        60.00299605066049,
        63.0665940351355,
        47.29088928230968
    ],
    "mse_mean": 47.29088928230968,
    "weight_results": [
        52.595,
        33.734,
        37.345,
        38.188,
        40.06
    ],
    "theta_results": [
        -9.469,
        -18.608,
        -19.129,
        -20.123
    ],
    "iterations": "155"
}