{
    "clk_freq": 153600,
    "input_freq": 20.4,
    "freq0": 20.647127752462097,
    "lf": 4,
    "lp": 73,
    "chosen_bias": [
        -9.273,
        -18.696,
        -20.098,
        -20.721
    ],
    "chosen_weights": [
        55.484,
        37.04,
        37.602,
        39.922,
        41.299
    ],
    "converted_from_freq": 204,
    "mse": [
        57.53753061518513,
        43.12923209912116,
        25.78115545310474,
        15.077798588099698,
        35.38142918887768
    ],
    "mse_mean": 35.38142918887768,
    "weight_results": [
        55.464,
        37.063,
        37.608,
        39.948,
        41.322
    ],
    "theta_results": [
        -9.273,
        -18.703,
        -20.105,
        -20.723
    ],
    "iterations": "49"
}