{
    "clk_freq": 153600,
    "input_freq": 20.8,
    "freq0": 20.929965118934184,
    "lf": 4,
    "lp": 72,
    "chosen_bias": [
        -12.107,
        -20.922,
        -21.682,
        -21.746
    ],
    "chosen_weights": [
        56.026,
        32.101,
        41.846,
        43.256,
        43.37
    ],
    "converted_from_freq": 208,
    "mse": [
        35.18084795321637,
        32.501023391812865,
        54.19824561403509,
        96.73143274853801,
        54.652887426900584
    ],
    "mse_mean": 54.65288742690059,
    "weight_results": [
        56.027,
        32.109,
        41.837,
        43.267,
        43.365
    ],
    "theta_results": [
        -12.107,
        -20.923,
        -21.683,
        -21.746
    ],
    "iterations": "11"
}