{
    "clk_freq": 153600,
    "input_freq": 21.5,
    "freq0": 21.51954160115768,
    "lf": 4,
    "lp": 70,
    "chosen_bias": [
        -11.005,
        -20.446,
        -20.881,
        -20.88
    ],
    "chosen_weights": [
        60.143,
        38.202,
        40.911,
        41.641,
        41.688
    ],
    "converted_from_freq": 215,
    "mse": [
        73.62765476728423,
        46.39343274589547,
        35.00436812773008,
        28.523874077421297,
        45.88733242958277
    ],
    "mse_mean": 45.88733242958277,
    "weight_results": [
        60.143,
        38.202,
        40.911,
        41.641,
        41.688
    ],
    "theta_results": [
        -11.005,
        -20.446,
        -20.881,
        -20.88
    ],
    "iterations": "2"
}