{
    "clk_freq": 153600,
    "input_freq": 22.4,
    "freq0": 22.46893314238522,
    "lf": 4,
    "lp": 67,
    "chosen_bias": [
        -10.196,
        -20.67,
        -21.175,
        -21.727
    ],
    "chosen_weights": [
        62.922,
        42.454,
        41.425,
        42.245,
        43.343
    ],
    "converted_from_freq": 224,
    "mse": [
        78.30672136320607,
        44.06200694225308,
        28.485011044493532,
        16.147207320921428,
        41.750236667718525
    ],
    "mse_mean": 41.750236667718525,
    "weight_results": [
        62.929,
        42.448,
        41.419,
        42.244,
        43.355
    ],
    "theta_results": [
        -10.196,
        -20.671,
        -21.177,
        -21.728
    ],
    "iterations": "11"
}