{
    "clk_freq": 153600,
    "input_freq": 23.7,
    "freq0": 23.8732414637843,
    "lf": 4,
    "lp": 63,
    "chosen_bias": [
        -9.193,
        -20.969,
        -22.259,
        -23.333
    ],
    "chosen_weights": [
        66.283,
        47.383,
        41.992,
        44.262,
        46.541
    ],
    "converted_from_freq": 237,
    "mse": [
        77.96849199663016,
        52.02948609941028,
        46.068070766638584,
        30.362257792754843,
        51.607076663858464
    ],
    "mse_mean": 51.60707666385847,
    "weight_results": [
        66.253,
        47.415,
        41.986,
        44.286,
        46.541
    ],
    "theta_results": [
        -9.194,
        -20.975,
        -22.266,
        -23.337
    ],
    "iterations": "30"
}