{
    "clk_freq": 153600,
    "input_freq": 25.2,
    "freq0": 25.464790894703256,
    "lf": 4,
    "lp": 59,
    "chosen_bias": [
        -12.414,
        -23.687,
        -24.556,
        -24.647
    ],
    "chosen_weights": [
        71.349,
        46.473,
        47.445,
        48.947,
        49.192
    ],
    "converted_from_freq": 252,
    "mse": [
        79.1259714440629,
        47.47532983914694,
        32.560636182902584,
        20.853786372673053,
        45.00393095969637
    ],
    "mse_mean": 45.00393095969637,
    "weight_results": [
        71.348,
        46.478,
        47.442,
        48.959,
        49.195
    ],
    "theta_results": [
        -12.414,
        -23.688,
        -24.558,
        -24.648
    ],
    "iterations": "7"
}