{
    "clk_freq": 153600,
    "input_freq": 25.4,
    "freq0": 25.464790894703256,
    "lf": 4,
    "lp": 59,
    "chosen_bias": [
        -12.414,
        -23.691,
        -24.562,
        -24.649
    ],
    "chosen_weights": [
        71.344,
        46.514,
        47.437,
        48.966,
        49.207
    ],
    "converted_from_freq": 254,
    "mse": [
        74.94180372311585,
        41.78366166636545,
        27.609072835712993,
        17.838604735225015,
        40.54328574010483
    ],
    "mse_mean": 40.54328574010483,
    "weight_results": [
        71.346,
        46.514,
        47.435,
        48.961,
        49.21
    ],
    "theta_results": [
        -12.414,
        -23.692,
        -24.563,
        -24.649
    ],
    "iterations": "4"
}