{
    "clk_freq": 153600,
    "input_freq": 25.6,
    "freq0": 25.89639752003721,
    "lf": 4,
    "lp": 58,
    "chosen_bias": [
        -12.083,
        -23.821,
        -24.73,
        -24.993
    ],
    "chosen_weights": [
        72.626,
        48.391,
        47.731,
        49.309,
        49.887
    ],
    "converted_from_freq": 256,
    "mse": [
        75.17117614577582,
        39.99576661144855,
        25.09994478188846,
        13.611080434382478,
        38.46949199337383
    ],
    "mse_mean": 38.46949199337383,
    "weight_results": [
        72.625,
        48.393,
        47.731,
        49.308,
        49.89
    ],
    "theta_results": [
        -12.083,
        -23.822,
        -24.732,
        -24.994
    ],
    "iterations": "7"
}