{
    "clk_freq": 15360,
    "input_freq": 1.49,
    "freq0": 1.497928876159015,
    "lf": 4,
    "lp": 101,
    "chosen_bias": [
        -6.44,
        -14.186,
        -14.797,
        -15.521
    ],
    "chosen_weights": [
        37.128,
        24.599,
        28.556,
        29.357,
        30.908
    ],
    "converted_from_freq": 14.9,
    "mse": [
        65.69136941369413,
        57.54479294792948,
        36.16164411644117,
        25.05412054120541,
        46.11298175481755
    ],
    "mse_mean": 46.11298175481755,
    "weight_results": [
        37.128,
        24.596,
        28.556,
        29.36,
        30.912
    ],
    "theta_results": [
        -6.44,
        -14.187,
        -14.797,
        -15.521
    ],
    "iterations": "8"
}