{
    "clk_freq": 153600,
    "input_freq": 10.0,
    "freq0": 10.051891142646022,
    "lf": 4,
    "lp": 151,
    "chosen_bias": [
        -3.449,
        -10.563,
        -9.532,
        -9.625
    ],
    "chosen_weights": [
        23.168,
        16.655,
        21.389,
        19.051,
        19.339
    ],
    "converted_from_freq": 100,
    "mse": [
        40.716479502097144,
        14.50013529968881,
        9.695305100798269,
        5.999661750777973,
        17.727895413340548
    ],
    "mse_mean": 17.727895413340548,
    "weight_results": [
        23.168,
        16.655,
        21.389,
        19.051,
        19.339
    ],
    "theta_results": [
        -3.449,
        -10.563,
        -9.532,
        -9.625
    ],
    "iterations": "2"
}