{
    "clk_freq": 153600,
    "input_freq": 11.1,
    "freq0": 11.15246316556347,
    "lf": 4,
    "lp": 136,
    "chosen_bias": [
        -2.742,
        -10.616,
        -11.382,
        -11.057
    ],
    "chosen_weights": [
        24.533,
        19.206,
        21.458,
        22.506,
        21.985
    ],
    "converted_from_freq": 111,
    "mse": [
        42.51401235497966,
        43.85965044447793,
        11.840515293054091,
        17.90334488473708,
        29.029380744312192
    ],
    "mse_mean": 29.029380744312192,
    "weight_results": [
        24.624,
        19.288,
        21.458,
        22.507,
        21.457
    ],
    "theta_results": [
        -2.784,
        -10.616,
        -11.382,
        -10.791
    ],
    "iterations": "4"
}