{
    "clk_freq": 153600,
    "input_freq": 11.9,
    "freq0": 11.93662073189215,
    "lf": 4,
    "lp": 127,
    "chosen_bias": [
        -3.757,
        -11.514,
        -11.916,
        -11.485
    ],
    "chosen_weights": [
        27.146,
        20.455,
        23.39,
        23.907,
        23.199
    ],
    "converted_from_freq": 119,
    "mse": [
        73.40197267361954,
        53.1815829897324,
        85.13105344005174,
        80.45702967095157,
        73.04290969358881
    ],
    "mse_mean": 73.04290969358881,
    "weight_results": [
        27.146,
        20.455,
        23.39,
        23.907,
        23.199
    ],
    "theta_results": [
        -3.757,
        -11.514,
        -11.916,
        -11.485
    ],
    "iterations": "2"
}