{
    "clk_freq": 153600,
    "input_freq": 12.2,
    "freq0": 12.223099629457563,
    "lf": 4,
    "lp": 124,
    "chosen_bias": [
        -4.919,
        -12.426,
        -12.574,
        -11.8
    ],
    "chosen_weights": [
        29.634,
        19.966,
        24.798,
        25.09,
        23.615
    ],
    "converted_from_freq": 122,
    "mse": [
        60.111700364600594,
        39.08708982432881,
        28.244199535962878,
        13.162247265495525,
        35.15130924759695
    ],
    "mse_mean": 35.15130924759695,
    "weight_results": [
        30.796,
        21.087,
        24.635,
        23.913,
        22.764
    ],
    "theta_results": [
        -4.915,
        -12.109,
        -11.999,
        -11.426
    ],
    "iterations": "222"
}