{
    "clk_freq": 153600,
    "input_freq": 13.2,
    "freq0": 13.285977858106046,
    "lf": 4,
    "lp": 114,
    "chosen_bias": [
        -5.674,
        -13.018,
        -13.075,
        -13.097
    ],
    "chosen_weights": [
        33.279,
        22.408,
        26.234,
        25.909,
        26.131
    ],
    "converted_from_freq": 132,
    "mse": [
        26.401337792642142,
        15.814607249389859,
        14.274247491638796,
        25.723311940703244,
        20.553376118593512
    ],
    "mse_mean": 20.553376118593512,
    "weight_results": [
        33.279,
        22.408,
        26.234,
        25.909,
        26.131
    ],
    "theta_results": [
        -5.674,
        -13.018,
        -13.075,
        -13.097
    ],
    "iterations": "2"
}