{
    "clk_freq": 153600,
    "input_freq": 14.7,
    "freq0": 14.833858773613548,
    "lf": 4,
    "lp": 102,
    "chosen_bias": [
        -6.44,
        -14.185,
        -14.796,
        -15.521
    ],
    "chosen_weights": [
        37.021,
        24.635,
        28.701,
        29.332,
        30.764
    ],
    "converted_from_freq": 147,
    "mse": [
        24.214691558441558,
        23.09090909090909,
        7.360998376623376,
        19.146712662337663,
        18.453327922077925
    ],
    "mse_mean": 18.453327922077925,
    "weight_results": [
        37.951,
        25.58,
        28.259,
        28.687,
        29.889
    ],
    "theta_results": [
        -6.137,
        -14.029,
        -14.494,
        -15.015
    ],
    "iterations": "246"
}