{
    "clk_freq": 153600,
    "input_freq": 14.8,
    "freq0": 14.833858773613548,
    "lf": 4,
    "lp": 102,
    "chosen_bias": [
        -6.44,
        -14.186,
        -14.797,
        -15.521
    ],
    "chosen_weights": [
        37.113,
        24.588,
        28.552,
        29.331,
        30.876
    ],
    "converted_from_freq": 148,
    "mse": [
        64.54109172077922,
        48.55965909090909,
        32.34679383116883,
        28.9572849025974,
        43.60120738636363
    ],
    "mse_mean": 43.60120738636363,
    "weight_results": [
        37.074,
        24.515,
        28.447,
        29.182,
        30.1
    ],
    "theta_results": [
        -6.22,
        -14.024,
        -14.587,
        -15.053
    ],
    "iterations": "63"
}