{
    "clk_freq": 153600,
    "input_freq": 14.5,
    "freq0": 14.551309082687574,
    "lf": 4,
    "lp": 104,
    "chosen_bias": [
        -6.217,
        -14.127,
        -14.131,
        -14.948
    ],
    "chosen_weights": [
        35.935,
        23.532,
        28.552,
        28.343,
        29.935
    ],
    "converted_from_freq": 145,
    "mse": [
        44.79486924530178,
        22.03987272546485,
        12.650889927413742,
        24.966192701600875,
        26.112956149945312
    ],
    "mse_mean": 26.112956149945312,
    "weight_results": [
        35.935,
        23.532,
        28.552,
        28.343,
        29.935
    ],
    "theta_results": [
        -6.217,
        -14.127,
        -14.131,
        -14.948
    ],
    "iterations": "2"
}