{
    "clk_freq": 153600,
    "input_freq": 15.5,
    "freq0": 15.590688302879546,
    "lf": 4,
    "lp": 97,
    "chosen_bias": [
        -7.291,
        -15.182,
        -15.591,
        -16.644
    ],
    "chosen_weights": [
        39.246,
        24.871,
        30.3,
        31.12,
        33.172
    ],
    "converted_from_freq": 155,
    "mse": [
        34.23476587556126,
        44.04800085524909,
        61.185375240538804,
        96.52694034637588,
        58.99877057943126
    ],
    "mse_mean": 58.99877057943125,
    "weight_results": [
        39.232,
        24.705,
        30.378,
        31.176,
        33.208
    ],
    "theta_results": [
        -7.359,
        -15.193,
        -15.615,
        -16.649
    ],
    "iterations": "13"
}