{
    "clk_freq": 153600,
    "input_freq": 15.7,
    "freq0": 15.751417048270055,
    "lf": 4,
    "lp": 96,
    "chosen_bias": [
        -7.704,
        -15.43,
        -15.795,
        -16.745
    ],
    "chosen_weights": [
        40.048,
        24.872,
        30.845,
        31.534,
        33.39
    ],
    "converted_from_freq": 157,
    "mse": [
        78.55387441910732,
        58.13682049065168,
        37.90392305198314,
        31.919593645304225,
        51.62855290176159
    ],
    "mse_mean": 51.62855290176159,
    "weight_results": [
        40.229,
        25.593,
        30.796,
        31.192,
        31.567
    ],
    "theta_results": [
        -7.437,
        -15.228,
        -15.677,
        -15.813
    ],
    "iterations": "505"
}