{
    "clk_freq": 153600,
    "input_freq": 15.3,
    "freq0": 15.433206602850456,
    "lf": 4,
    "lp": 98,
    "chosen_bias": [
        -6.44,
        -14.78,
        -15.27,
        -16.055
    ],
    "chosen_weights": [
        37.299,
        24.676,
        29.933,
        30.503,
        32.141
    ],
    "converted_from_freq": 153,
    "mse": [
        36.12068965517241,
        15.535752062618997,
        5.0859953458853395,
        20.925322614766237,
        19.416939919610748
    ],
    "mse_mean": 19.416939919610748,
    "weight_results": [
        37.299,
        24.676,
        29.933,
        30.503,
        32.141
    ],
    "theta_results": [
        -6.44,
        -14.78,
        -15.27,
        -16.055
    ],
    "iterations": "2"
}