{
    "clk_freq": 153600,
    "input_freq": 16.0,
    "freq0": 16.083025828233634,
    "lf": 4,
    "lp": 94,
    "chosen_bias": [
        -7.704,
        -15.6,
        -15.923,
        -16.783
    ],
    "chosen_weights": [
        40.34,
        24.966,
        31.519,
        31.955,
        33.508
    ],
    "converted_from_freq": 160,
    "mse": [
        63.167587273530714,
        49.05391073795846,
        38.288996906760936,
        51.61842686699072,
        50.53223044631021
    ],
    "mse_mean": 50.53223044631021,
    "weight_results": [
        40.952,
        25.272,
        31.537,
        31.844,
        33.296
    ],
    "theta_results": [
        -7.834,
        -15.606,
        -15.937,
        -16.792
    ],
    "iterations": "67"
}