{
    "clk_freq": 153600,
    "input_freq": 17.4,
    "freq0": 17.561924754967762,
    "lf": 4,
    "lp": 86,
    "chosen_bias": [
        -8.304,
        -16.621,
        -17.339,
        -18.416
    ],
    "chosen_weights": [
        46.045,
        29.702,
        33.312,
        34.499,
        36.775
    ],
    "converted_from_freq": 174,
    "mse": [
        53.368695441319105,
        42.36614936954413,
        25.268792434529583,
        15.655431619786615,
        34.16476721629486
    ],
    "mse_mean": 34.16476721629486,
    "weight_results": [
        46.467,
        31.119,
        32.549,
        33.876,
        35.101
    ],
    "theta_results": [
        -7.755,
        -16.206,
        -17.104,
        -17.593
    ],
    "iterations": "56"
}