{
    "clk_freq": 153600,
    "input_freq": 17.0,
    "freq0": 17.167274760474104,
    "lf": 4,
    "lp": 88,
    "chosen_bias": [
        -7.992,
        -16.158,
        -16.876,
        -17.57
    ],
    "chosen_weights": [
        44.591,
        28.723,
        32.551,
        33.553,
        35.006
    ],
    "converted_from_freq": 170,
    "mse": [
        55.748135874067934,
        45.652621612025094,
        27.14179192803882,
        24.485974671558765,
        38.25713102142265
    ],
    "mse_mean": 38.25713102142265,
    "weight_results": [
        44.586,
        28.736,
        32.551,
        33.553,
        35.008
    ],
    "theta_results": [
        -7.992,
        -16.159,
        -16.877,
        -17.57
    ],
    "iterations": "7"
}