{
    "clk_freq": 153600,
    "input_freq": 17.3,
    "freq0": 17.362357428206767,
    "lf": 4,
    "lp": 87,
    "chosen_bias": [
        -7.992,
        -16.273,
        -17.026,
        -17.729
    ],
    "chosen_weights": [
        45.21,
        29.354,
        32.76,
        33.804,
        35.31
    ],
    "converted_from_freq": 173,
    "mse": [
        24.27719214183038,
        42.42022041207475,
        68.29851461427887,
        90.19813128893148,
        56.298514614278865
    ],
    "mse_mean": 56.29851461427886,
    "weight_results": [
        45.692,
        29.671,
        33.135,
        34.18,
        35.593
    ],
    "theta_results": [
        -8.206,
        -16.51,
        -17.226,
        -17.867
    ],
    "iterations": "71"
}