{
    "clk_freq": 153600,
    "input_freq": 18.5,
    "freq0": 18.632773825392626,
    "lf": 4,
    "lp": 81,
    "chosen_bias": [
        -8.972,
        -17.607,
        -18.182,
        -18.817
    ],
    "chosen_weights": [
        49.546,
        31.668,
        35.422,
        36.171,
        37.528
    ],
    "converted_from_freq": 185,
    "mse": [
        58.143576500968365,
        42.316591349257585,
        27.31078114912847,
        29.301226597805037,
        39.268043899289864
    ],
    "mse_mean": 39.268043899289864,
    "weight_results": [
        49.581,
        31.698,
        35.386,
        36.194,
        37.558
    ],
    "theta_results": [
        -8.972,
        -17.616,
        -18.192,
        -18.822
    ],
    "iterations": "83"
}