{
    "clk_freq": 153600,
    "input_freq": 19.3,
    "freq0": 19.340347514964495,
    "lf": 4,
    "lp": 78,
    "chosen_bias": [
        -9.273,
        -18.287,
        -18.91,
        -19.973
    ],
    "chosen_weights": [
        51.944,
        33.55,
        36.525,
        37.789,
        39.855
    ],
    "converted_from_freq": 193,
    "mse": [
        66.7298132473465,
        54.34851538358189,
        37.66760714765552,
        21.166062071745262,
        44.97799946258229
    ],
    "mse_mean": 44.97799946258229,
    "weight_results": [
        51.979,
        34.763,
        35.839,
        36.885,
        38.395
    ],
    "theta_results": [
        -8.611,
        -17.825,
        -18.558,
        -19.235
    ],
    "iterations": "257"
}