{
    "clk_freq": 153600,
    "input_freq": 19.9,
    "freq0": 20.103782285292045,
    "lf": 4,
    "lp": 75,
    "chosen_bias": [
        -9.273,
        -18.529,
        -19.298,
        -20.335
    ],
    "chosen_weights": [
        54.133,
        35.56,
        37.27,
        38.427,
        40.525
    ],
    "converted_from_freq": 199,
    "mse": [
        65.3284794175301,
        49.94735368244189,
        33.927751330159616,
        21.532483898067767,
        42.68401708204985
    ],
    "mse_mean": 42.68401708204985,
    "weight_results": [
        54.123,
        35.546,
        37.251,
        38.434,
        40.519
    ],
    "theta_results": [
        -9.273,
        -18.531,
        -19.3,
        -20.336
    ],
    "iterations": "12"
}