{
    "clk_freq": 153600,
    "input_freq": 19.8,
    "freq0": 19.842694203664873,
    "lf": 4,
    "lp": 76,
    "chosen_bias": [
        -9.273,
        -18.324,
        -19.109,
        -20.156
    ],
    "chosen_weights": [
        53.333,
        34.798,
        36.846,
        38.017,
        40.19
    ],
    "converted_from_freq": 198,
    "mse": [
        58.833885666942834,
        44.95374206020436,
        29.16459541563104,
        19.021541010770505,
        37.99344103838718
    ],
    "mse_mean": 37.99344103838718,
    "weight_results": [
        53.333,
        34.798,
        36.846,
        38.017,
        40.19
    ],
    "theta_results": [
        -9.273,
        -18.324,
        -19.109,
        -20.156
    ],
    "iterations": "3"
}