{
    "clk_freq": 153600,
    "input_freq": 19.1,
    "freq0": 19.340347514964495,
    "lf": 4,
    "lp": 78,
    "chosen_bias": [
        -9.273,
        -18.184,
        -18.895,
        -19.966
    ],
    "chosen_weights": [
        52.126,
        33.766,
        36.308,
        37.727,
        39.829
    ],
    "converted_from_freq": 191,
    "mse": [
        62.62582292086524,
        52.02552734112589,
        34.91387881230686,
        18.673384388015585,
        42.05965336557839
    ],
    "mse_mean": 42.05965336557839,
    "weight_results": [
        51.878,
        34.603,
        35.712,
        36.888,
        38.741
    ],
    "theta_results": [
        -8.659,
        -17.771,
        -18.604,
        -19.4
    ],
    "iterations": "96"
}