{
    "clk_freq": 153600,
    "input_freq": 20.3,
    "freq0": 20.371832715762604,
    "lf": 4,
    "lp": 74,
    "chosen_bias": [
        -9.273,
        -18.558,
        -19.688,
        -20.534
    ],
    "chosen_weights": [
        54.884,
        36.44,
        37.318,
        39.155,
        40.952
    ],
    "converted_from_freq": 203,
    "mse": [
        54.66950717227667,
        37.04843062065048,
        22.175543246697913,
        13.49964493679875,
        31.84828149410595
    ],
    "mse_mean": 31.848281494105954,
    "weight_results": [
        54.881,
        36.44,
        37.317,
        39.164,
        40.955
    ],
    "theta_results": [
        -9.273,
        -18.558,
        -19.688,
        -20.534
    ],
    "iterations": "3"
}