{
    "clk_freq": 153600,
    "input_freq": 21.6,
    "freq0": 21.82696362403136,
    "lf": 4,
    "lp": 69,
    "chosen_bias": [
        -10.508,
        -20.525,
        -20.985,
        -21.065
    ],
    "chosen_weights": [
        60.701,
        39.679,
        41.089,
        41.855,
        42.067
    ],
    "converted_from_freq": 216,
    "mse": [
        68.83009634500688,
        39.870622419330175,
        25.773971555283683,
        16.615690472549318,
        37.77259519804252
    ],
    "mse_mean": 37.77259519804252,
    "weight_results": [
        60.701,
        39.674,
        41.111,
        41.894,
        42.064
    ],
    "theta_results": [
        -10.508,
        -20.528,
        -20.99,
        -21.067
    ],
    "iterations": "27"
}