{
    "clk_freq": 153600,
    "input_freq": 21.8,
    "freq0": 21.82696362403136,
    "lf": 4,
    "lp": 69,
    "chosen_bias": [
        -10.36,
        -20.536,
        -21.001,
        -21.072
    ],
    "chosen_weights": [
        60.39,
        39.674,
        41.117,
        41.89,
        42.097
    ],
    "converted_from_freq": 218,
    "mse": [
        65.45175103226794,
        37.379262884233064,
        23.09435693531121,
        14.876127848294846,
        35.200374675026765
    ],
    "mse_mean": 35.200374675026765,
    "weight_results": [
        60.39,
        39.674,
        41.117,
        41.89,
        42.097
    ],
    "theta_results": [
        -10.36,
        -20.536,
        -21.002,
        -21.072
    ],
    "iterations": "3"
}