{
    "clk_freq": 153600,
    "input_freq": 21.4,
    "freq0": 21.51954160115768,
    "lf": 4,
    "lp": 70,
    "chosen_bias": [
        -11.005,
        -20.445,
        -20.879,
        -20.879
    ],
    "chosen_weights": [
        60.139,
        38.181,
        40.914,
        41.642,
        41.679
    ],
    "converted_from_freq": 214,
    "mse": [
        73.46919716824823,
        46.281367675854796,
        35.36119897574936,
        29.283024551890346,
        46.09869709293569
    ],
    "mse_mean": 46.09869709293569,
    "weight_results": [
        60.139,
        38.2,
        40.913,
        41.649,
        41.676
    ],
    "theta_results": [
        -11.005,
        -20.447,
        -20.882,
        -20.88
    ],
    "iterations": "15"
}