{
    "clk_freq": 153600,
    "input_freq": 22.6,
    "freq0": 22.8042903534656,
    "lf": 4,
    "lp": 66,
    "chosen_bias": [
        -9.848,
        -20.76,
        -21.292,
        -22.058
    ],
    "chosen_weights": [
        63.726,
        43.926,
        41.628,
        42.469,
        44.016
    ],
    "converted_from_freq": 226,
    "mse": [
        73.20891454224788,
        36.672278338945006,
        23.743947410614076,
        13.439634439634439,
        36.76619368286035
    ],
    "mse_mean": 36.76619368286035,
    "weight_results": [
        63.725,
        43.929,
        41.64,
        42.483,
        44.026
    ],
    "theta_results": [
        -9.848,
        -20.762,
        -21.295,
        -22.06
    ],
    "iterations": "17"
}