{
    "clk_freq": 153600,
    "input_freq": 22.7,
    "freq0": 22.8042903534656,
    "lf": 4,
    "lp": 66,
    "chosen_bias": [
        -9.69,
        -20.768,
        -21.303,
        -22.064
    ],
    "chosen_weights": [
        63.37,
        43.867,
        41.633,
        42.496,
        44.04
    ],
    "converted_from_freq": 227,
    "mse": [
        70.25300625300625,
        37.609267275933945,
        26.172037838704505,
        15.370049703383037,
        37.35109026775694
    ],
    "mse_mean": 37.35109026775694,
    "weight_results": [
        63.364,
        43.873,
        41.631,
        42.52,
        44.046
    ],
    "theta_results": [
        -9.69,
        -20.77,
        -21.306,
        -22.066
    ],
    "iterations": "17"
}