{
    "clk_freq": 153600,
    "input_freq": 23.5,
    "freq0": 23.505960825879928,
    "lf": 4,
    "lp": 64,
    "chosen_bias": [
        -9.52,
        -20.901,
        -21.761,
        -22.803
    ],
    "chosen_weights": [
        65.748,
        46.532,
        41.95,
        43.383,
        45.524
    ],
    "converted_from_freq": 235,
    "mse": [
        77.4822730284957,
        46.125414181577206,
        40.358681245858186,
        27.150430748840293,
        47.779199801192846
    ],
    "mse_mean": 47.779199801192846,
    "weight_results": [
        65.748,
        46.532,
        41.95,
        43.383,
        45.524
    ],
    "theta_results": [
        -9.52,
        -20.901,
        -21.761,
        -22.803
    ],
    "iterations": "2"
}