{
    "clk_freq": 153600,
    "input_freq": 24.5,
    "freq0": 24.643346027132182,
    "lf": 4,
    "lp": 61,
    "chosen_bias": [
        -15.964,
        -24.609,
        -25.311,
        -25.92
    ],
    "chosen_weights": [
        69.317,
        37.851,
        49.208,
        50.459,
        51.614
    ],
    "converted_from_freq": 245,
    "mse": [
        85.38611789326822,
        60.736484129752355,
        53.203522846180675,
        45.562957795605165,
        61.22227066620161
    ],
    "mse_mean": 61.22227066620161,
    "weight_results": [
        69.933,
        43.059,
        47.247,
        47.991,
        47.619
    ],
    "theta_results": [
        -13.536,
        -23.638,
        -24.035,
        -23.792
    ],
    "iterations": "531"
}