{
    "clk_freq": 153600,
    "input_freq": 24.8,
    "freq0": 25.047335306265495,
    "lf": 4,
    "lp": 60,
    "chosen_bias": [
        -12.937,
        -23.529,
        -24.353,
        -24.553
    ],
    "chosen_weights": [
        70.197,
        44.36,
        47.069,
        48.54,
        48.998
    ],
    "converted_from_freq": 248,
    "mse": [
        78.92705005324814,
        48.95899893503727,
        36.662761803336885,
        31.214412495562655,
        48.94080582179623
    ],
    "mse_mean": 48.94080582179623,
    "weight_results": [
        70.197,
        44.361,
        47.068,
        48.541,
        48.999
    ],
    "theta_results": [
        -12.937,
        -23.532,
        -24.357,
        -24.555
    ],
    "iterations": "19"
}