{
    "clk_freq": 153600,
    "input_freq": 25.2,
    "freq0": 25.464790894703256,
    "lf": 4,
    "lp": 59,
    "chosen_bias": [
        -12.414,
        -23.687,
        -24.556,
        -24.647
    ],
    "chosen_weights": [
        71.349,
        46.473,
        47.445,
        48.947,
        49.192
    ],
    "converted_from_freq": 252,
    "mse": [
        77.2356768480029,
        46.284836435929876,
        31.199891559732514,
        19.888306524489426,
        43.652177842038675
    ],
    "mse_mean": 43.652177842038675,
    "weight_results": [
        71.349,
        46.472,
        47.445,
        48.947,
        49.191
    ],
    "theta_results": [
        -12.414,
        -23.688,
        -24.558,
        -24.648
    ],
    "iterations": "7"
}