{
    "clk_freq": 153600,
    "input_freq": 25.6,
    "freq0": 25.89639752003721,
    "lf": 4,
    "lp": 58,
    "chosen_bias": [
        -12.083,
        -23.821,
        -24.73,
        -24.993
    ],
    "chosen_weights": [
        72.626,
        48.391,
        47.731,
        49.309,
        49.887
    ],
    "converted_from_freq": 256,
    "mse": [
        77.65451868212774,
        41.62322841892141,
        26.463648076569115,
        14.416528621387815,
        40.03948094975152
    ],
    "mse_mean": 40.03948094975152,
    "weight_results": [
        72.626,
        48.392,
        47.732,
        49.308,
        49.887
    ],
    "theta_results": [
        -12.083,
        -23.822,
        -24.732,
        -24.994
    ],
    "iterations": "8"
}