{
    "clk_freq": 153600,
    "input_freq": 25.3,
    "freq0": 25.464790894703256,
    "lf": 4,
    "lp": 59,
    "chosen_bias": [
        -12.414,
        -23.689,
        -24.559,
        -24.648
    ],
    "chosen_weights": [
        71.348,
        46.499,
        47.441,
        48.95,
        49.201
    ],
    "converted_from_freq": 253,
    "mse": [
        80.17874570757274,
        46.69492138080607,
        31.943611060907283,
        21.09090909090909,
        44.9770468100488
    ],
    "mse_mean": 44.9770468100488,
    "weight_results": [
        71.348,
        46.5,
        47.441,
        48.95,
        49.202
    ],
    "theta_results": [
        -12.414,
        -23.69,
        -24.561,
        -24.649
    ],
    "iterations": "8"
}