{
    "clk_freq": 153600,
    "input_freq": 25.4,
    "freq0": 25.464790894703256,
    "lf": 4,
    "lp": 59,
    "chosen_bias": [
        -12.414,
        -23.691,
        -24.562,
        -24.649
    ],
    "chosen_weights": [
        71.344,
        46.514,
        47.437,
        48.966,
        49.207
    ],
    "converted_from_freq": 254,
    "mse": [
        74.68805349719862,
        41.85505150912706,
        27.7943249593349,
        17.772094704500272,
        40.52738116754021
    ],
    "mse_mean": 40.52738116754021,
    "weight_results": [
        71.344,
        46.514,
        47.437,
        48.966,
        49.207
    ],
    "theta_results": [
        -12.414,
        -23.692,
        -24.563,
        -24.649
    ],
    "iterations": "4"
}