{
    "clk_freq": 153600,
    "input_freq": 25.8,
    "freq0": 25.89639752003721,
    "lf": 4,
    "lp": 58,
    "chosen_bias": [
        -12.083,
        -23.823,
        -24.733,
        -24.995
    ],
    "chosen_weights": [
        72.626,
        48.402,
        47.733,
        49.312,
        49.88
    ],
    "converted_from_freq": 258,
    "mse": [
        76.3579974231548,
        41.29081538744708,
        25.976072151665747,
        13.827535431621572,
        39.3631050984723
    ],
    "mse_mean": 39.3631050984723,
    "weight_results": [
        72.626,
        48.402,
        47.733,
        49.312,
        49.88
    ],
    "theta_results": [
        -12.083,
        -23.824,
        -24.735,
        -24.996
    ],
    "iterations": "7"
}