{
    "clk_freq": 153600,
    "input_freq": 25.1,
    "freq0": 25.464790894703256,
    "lf": 4,
    "lp": 59,
    "chosen_bias": [
        -12.414,
        -23.676,
        -24.54,
        -24.64
    ],
    "chosen_weights": [
        71.393,
        46.232,
        47.424,
        48.94,
        49.184
    ],
    "converted_from_freq": 251,
    "mse": [
        89.65859389119827,
        51.86173865895536,
        32.986625700343396,
        25.517079342129044,
        50.006009398156515
    ],
    "mse_mean": 50.006009398156515,
    "weight_results": [
        71.296,
        46.425,
        47.39,
        48.967,
        49.254
    ],
    "theta_results": [
        -12.436,
        -23.85,
        -24.73,
        -24.707
    ],
    "iterations": "150"
}