{
    "clk_freq": 153600,
    "input_freq": 25.5,
    "freq0": 25.89639752003721,
    "lf": 4,
    "lp": 58,
    "chosen_bias": [
        -12.241,
        -23.808,
        -24.711,
        -24.984
    ],
    "chosen_weights": [
        72.987,
        48.414,
        47.711,
        49.267,
        49.898
    ],
    "converted_from_freq": 255,
    "mse": [
        76.30535615681944,
        42.29946622492177,
        27.23394073256028,
        15.154242591570036,
        40.24825142646788
    ],
    "mse_mean": 40.24825142646788,
    "weight_results": [
        72.986,
        48.414,
        47.711,
        49.267,
        49.898
    ],
    "theta_results": [
        -12.241,
        -23.809,
        -24.713,
        -24.985
    ],
    "iterations": "7"
}