{
    "clk_freq": 153600,
    "input_freq": 26.2,
    "freq0": 26.34288713245164,
    "lf": 4,
    "lp": 57,
    "chosen_bias": [
        -11.443,
        -24.001,
        -24.969,
        -25.395
    ],
    "chosen_weights": [
        73.209,
        50.241,
        48.065,
        49.806,
        50.712
    ],
    "converted_from_freq": 262,
    "mse": [
        66.79988747186796,
        30.97093023255814,
        18.101275318829707,
        9.080832708177045,
        31.23823143285821
    ],
    "mse_mean": 31.238231432858207,
    "weight_results": [
        73.209,
        50.241,
        48.065,
        49.806,
        50.712
    ],
    "theta_results": [
        -11.443,
        -24.001,
        -24.969,
        -25.395
    ],
    "iterations": "2"
}