{
    "clk_freq": 153600,
    "input_freq": 26.4,
    "freq0": 26.80504304705606,
    "lf": 4,
    "lp": 56,
    "chosen_bias": [
        -11.444,
        -24.113,
        -25.405,
        -25.569
    ],
    "chosen_weights": [
        75.166,
        52.103,
        48.414,
        50.611,
        51.076
    ],
    "converted_from_freq": 264,
    "mse": [
        78.69782110091744,
        53.78153669724771,
        42.32473241590214,
        73.72400611620795,
        62.132024082568805
    ],
    "mse_mean": 62.132024082568805,
    "weight_results": [
        73.693,
        39.294,
        53.889,
        58.929,
        54.605
    ],
    "theta_results": [
        -17.694,
        -27.104,
        -29.592,
        -27.323
    ],
    "iterations": "579"
}