{
    "clk_freq": 153600,
    "input_freq": 26.1,
    "freq0": 26.34288713245164,
    "lf": 4,
    "lp": 57,
    "chosen_bias": [
        -11.443,
        -23.999,
        -24.965,
        -25.393
    ],
    "chosen_weights": [
        73.213,
        50.223,
        48.062,
        49.805,
        50.699
    ],
    "converted_from_freq": 261,
    "mse": [
        69.43923480870218,
        34.3208927231808,
        21.1539759939985,
        11.116654163540884,
        34.00768942235559
    ],
    "mse_mean": 34.00768942235559,
    "weight_results": [
        73.213,
        50.223,
        48.062,
        49.805,
        50.699
    ],
    "theta_results": [
        -11.443,
        -24.0,
        -24.967,
        -25.394
    ],
    "iterations": "8"
}