{
    "clk_freq": 153600,
    "input_freq": 27.3,
    "freq0": 27.77977188513082,
    "lf": 4,
    "lp": 54,
    "chosen_bias": [
        -11.288,
        -24.333,
        -25.961,
        -27.032
    ],
    "chosen_weights": [
        78.062,
        55.402,
        48.87,
        51.52,
        53.906
    ],
    "converted_from_freq": 273,
    "mse": [
        76.6917113893858,
        47.194792287815545,
        38.74796263168356,
        25.94335122242099,
        47.144454382826474
    ],
    "mse_mean": 47.144454382826474,
    "weight_results": [
        78.061,
        55.404,
        48.868,
        51.521,
        53.907
    ],
    "theta_results": [
        -11.288,
        -24.337,
        -25.965,
        -27.033
    ],
    "iterations": "14"
}