{
    "clk_freq": 153600,
    "input_freq0": 13,
    "freq0": 13.058867125488849,
    "lf": 4,
    "lp": 116,
    "chosen_bias": [
        -2.394,
        -10.547,
        -11.354,
        -11.746
    ],
    "chosen_weights": [
        33.458,
        27.885,
        21.365,
        22.532,
        23.455
    ],
    "mse": [
        17.080433238636363,
        155.58256392045453,
        258.0672052556818,
        272.07475142045456,
        175.7012384588068
    ],
    "mse_mean": 175.7012384588068,
    "weight_results": [
        34.321,
        29.312,
        22.011,
        23.547,
        26.302
    ],
    "theta_results": [
        -1.97,
        -10.917,
        -11.92,
        -13.252
    ],
    "iterations": "226"
}