{
    "clk_freq": 1536000,
    "input_freq0": 177,
    "freq0": 177.6613318235111,
    "lf": 4,
    "lp": 85,
    "chosen_bias": [
        -8.943,
        -17.392,
        -17.768,
        -18.632
    ],
    "chosen_weights": [
        46.156,
        28.523,
        34.782,
        35.482,
        37.183
    ],
    "mse": [
        30.848655946974347,
        38.21578495151589,
        55.43967104455628,
        83.03031790843255,
        51.88360746286976
    ],
    "mse_mean": 51.88360746286976,
    "weight_results": [
        46.213,
        28.546,
        34.777,
        35.486,
        37.181
    ],
    "theta_results": [
        -8.974,
        -17.392,
        -17.769,
        -18.632
    ],
    "iterations": "15"
}