{
    "clk_freq": 1536000,
    "input_freq0": 244,
    "freq0": 246.43346027132182,
    "lf": 4,
    "lp": 61,
    "chosen_bias": [
        -15.785,
        -24.604,
        -25.297,
        -25.914
    ],
    "chosen_weights": [
        68.635,
        37.757,
        49.113,
        50.485,
        51.714
    ],
    "mse": [
        30.824380885943494,
        31.532961283571677,
        57.640390652249735,
        107.5160446459714,
        56.878444366934076
    ],
    "mse_mean": 56.87844436693408,
    "weight_results": [
        69.228,
        37.788,
        49.235,
        50.48,
        51.62
    ],
    "theta_results": [
        -15.93,
        -24.608,
        -25.308,
        -25.919
    ],
    "iterations": "81"
}