{
    "clk_freq": 1536000,
    "input_freq0": 243,
    "freq0": 246.43346027132182,
    "lf": 4,
    "lp": 61,
    "chosen_bias": [
        -9.195,
        -21.004,
        -22.821,
        -24.142
    ],
    "chosen_weights": [
        66.532,
        48.085,
        42.091,
        45.205,
        47.919
    ],
    "mse": [
        49.29979072200907,
        34.93721660272061,
        33.98726892221835,
        55.02319497732822,
        43.31186780606906
    ],
    "mse_mean": 43.31186780606906,
    "weight_results": [
        68.635,
        37.757,
        49.113,
        50.485,
        51.714
    ],
    "theta_results": [
        -15.785,
        -24.604,
        -25.297,
        -25.914
    ],
    "iterations": "583"
}