{
    "clk_freq": 1536000,
    "input_freq0": 266,
    "freq0": 268.05043047056057,
    "lf": 4,
    "lp": 56,
    "chosen_bias": [
        -11.444,
        -24.114,
        -25.407,
        -25.57
    ],
    "chosen_weights": [
        75.171,
        52.104,
        48.412,
        50.618,
        51.075
    ],
    "mse": [
        77.63188073394495,
        42.99923547400611,
        28.851873088685014,
        19.236238532110093,
        42.17980695718654
    ],
    "mse_mean": 42.17980695718654,
    "weight_results": [
        75.168,
        52.105,
        48.413,
        50.619,
        51.078
    ],
    "theta_results": [
        -11.444,
        -24.115,
        -25.408,
        -25.571
    ],
    "iterations": "4"
}