{
    "clk_freq": 1536000,
    "input_freq0": 269,
    "freq0": 272.837045300392,
    "lf": 4,
    "lp": 55,
    "chosen_bias": [
        -11.444,
        -24.117,
        -25.41,
        -25.571
    ],
    "chosen_weights": [
        75.168,
        52.105,
        48.413,
        50.619,
        51.078
    ],
    "mse": [
        79.74254531280452,
        41.21399337361138,
        28.793412590138374,
        19.617423504190217,
        42.34184369518612
    ],
    "mse_mean": 42.34184369518612,
    "weight_results": [
        76.46,
        53.569,
        48.597,
        50.996,
        52.463
    ],
    "theta_results": [
        -11.287,
        -24.219,
        -25.677,
        -26.267
    ],
    "iterations": "368"
}