{
    "clk_freq": 1536000,
    "input_freq0": 271,
    "freq0": 272.837045300392,
    "lf": 4,
    "lp": 55,
    "chosen_bias": [
        -11.287,
        -24.229,
        -25.688,
        -26.273
    ],
    "chosen_weights": [
        76.404,
        53.698,
        48.576,
        51.117,
        52.544
    ],
    "mse": [
        73.11069966868057,
        37.723445722081465,
        27.561488988501267,
        18.33677645683103,
        39.18310270902358
    ],
    "mse_mean": 39.18310270902358,
    "weight_results": [
        76.404,
        53.698,
        48.576,
        51.117,
        52.544
    ],
    "theta_results": [
        -11.287,
        -24.23,
        -25.689,
        -26.273
    ],
    "iterations": "3"
}