{
    "clk_freq": 1536000,
    "input_freq0": 272,
    "freq0": 272.837045300392,
    "lf": 4,
    "lp": 55,
    "chosen_bias": [
        -11.287,
        -24.23,
        -25.689,
        -26.273
    ],
    "chosen_weights": [
        76.404,
        53.698,
        48.576,
        51.117,
        52.544
    ],
    "mse": [
        71.08477879555642,
        37.24829467939973,
        27.275384915221203,
        18.196452933151434,
        38.451227830832195
    ],
    "mse_mean": 38.451227830832195,
    "weight_results": [
        76.404,
        53.698,
        48.576,
        51.117,
        52.544
    ],
    "theta_results": [
        -11.287,
        -24.231,
        -25.69,
        -26.273
    ],
    "iterations": "3"
}