{
    "clk_freq": 1536000,
    "input_freq0": 278,
    "freq0": 282.9421210522584,
    "lf": 4,
    "lp": 53,
    "chosen_bias": [
        -11.288,
        -24.336,
        -25.965,
        -27.033
    ],
    "chosen_weights": [
        78.052,
        55.418,
        48.86,
        51.541,
        53.931
    ],
    "mse": [
        60.32008113590264,
        40.79594320486815,
        43.400405679513185,
        71.28965517241379,
        53.95152129817444
    ],
    "mse_mean": 53.95152129817444,
    "weight_results": [
        80.165,
        42.565,
        57.209,
        59.283,
        58.536
    ],
    "theta_results": [
        -19.191,
        -28.695,
        -29.646,
        -29.287
    ],
    "iterations": "357"
}