{
    "freq0": 0.9,
    "f_resonator": 0.9040754163799972,
    "lf": 4,
    "mse": [
       45.09623430962343, 54.719362076284035, 27.332241828876356, 4.771329816263417, 32.97979200776181
    ],
    "mean_mse": "???",
    "thetas": [
       -3.335, -8.368, -9.021, -9.432
    ],
    "weights": [
        21.591, 14.989, 16.882, 17.88, 18.811
    ],
    "peaks": [
        "???"
    ],
    "snrs": [
        "???"
    ],
    "best_neuron": 1
}