{
    "freq0": 0.85,
    "f_resonator": 0.8535684098783214,
    "lf": 4,
    "mse": [
       68.81196776590272, 86.49997142367263, 185.61862033491457, 471.6705149454192, 203.15026861747728
    ],
    "mean_mse": "???",
    "thetas": [
        -3.43, -8.516, -9.427, -8.299
    ],
    "weights": [
        17.759, 11.71, 17.074, 18.944, 16.552
    ],
    "peaks": [
        "???"
    ],
    "snrs": [
        "???"
    ],
    "best_neuron": 1
}