{
    "freq0": 0.55,
    "f_resonator": 0.5515839182968214
,
    "lf": 4,
    "mse": [
        30.3712018720977, 63.264506928955356, 475.5642985118286, 241.2537935573513, 202.61345021755824
    ],
    "mean_mse": "???",
    "thetas": [
      -0.885, -4.988, -5.507, -5.959
    ],
    "weights": [
        11.906, 9.437, 9.836, 11.554, 11.375
    ],
    "peaks": [
        "???"
    ],
    "snrs": [
        "???"
    ],
    "best_neuron": 1
}