{
    "freq0":  1.05,
    "f_resonator": 1.0537154852980657,
    "lf": 4,
    "mse": [
        32.24946725387129, 37.76303452194914, 67.98344935360136, 100.48458587867594, 59.62013425202443
    ],
    "mean_mse": "???",
    "thetas": [
       -2.63, -10.476, -10.883, -10.588
    ],
    "weights": [
       21.915, 16.815, 20.926, 21.743, 21.161
    ],
    "peaks": [
        "???"
    ],
    "snrs": [
        "???"
    ],
    "best_neuron": 1
}