{
    "freq0": 100.0,
    "f_resonator": 100.51891142646022,
    "lf": 4,
    "mse": [
        93.49201731836017, 36.38289811933433, 52.436544445947774, 32.651129752401566, 53.74064740901096
    ],
    "mean_mse": "???",
    "thetas": [
        -1.801, -8.925, -10.181, -10.475
    ],
    "weights": [
        22.156, 18.056, 17.582, 20.489, 20.544
    ],
    "peaks": [
        "???"
    ],
    "snrs": [
        "???"
    ],
    "best_neuron": 1
}