{
    clk_freq,

    "freq0": 104.0,
    "f_resonator": 105.37154852980657,
    "lf": 5,

    lp,


    "mse": [
        32.46867452763177, 37.96526495240801, 67.97762466259412, 100.5478050859497, 59.7398423071459
    ],
    "mean_mse": "???",
    "thetas": [
       -0.783, -4.848, -5.201, -5.394
    ],
    "weights": [
        10.76, 9.156, 9.779, 10.395, 10.747
    ]


}