{
    "freq0": 105.0,
    "f_resonator": 105.37154852980657,
    "lf": 4,
    "mse": [
        32.46867452763177, 37.96526495240801, 67.97762466259412, 100.5478050859497, 59.7398423071459
    ],
    "mean_mse": "???",
    "thetas": [
        -2.63, -10.476, -10.883, -10.588
    ],
    "weights": [
        21.915, 16.815, 20.926, 21.743, 21.161
    ],
    "peaks": [
        "???"
    ],
    "snrs": [
        "???"
    ],
    "best_neuron": 1
}