{
    "freq0": 12.5,
    "f_resonator": 12.523667653132748,
    "lf": 4,
    "mse": [
        62.143379228284886, 23.48274689784124, 41.703552609212984, 85.53399626041136, 53.21591874893762
    ],
    "mean_mse": "???",
    "thetas": [
       -2.394, -10.547, -11.354, -11.746
    ],
    "weights": [
       33.458, 27.885, 21.365, 22.532, 23.455
    ],
    "peaks": [
        "???"
    ],
    "snrs": [
        "???"
    ],
    "best_neuron": 1
}