{
    "freq0": 125.0,
    "f_resonator": 125.23667653132748,
    "lf": 4,
    "mse": [
        72.84098249192589, 15.01206867244603, 28.26602073771885, 71.09782423933368, 46.804224035356114
    ],
    "mean_mse": "???",
    "thetas": [
       -2.628, -10.547, -11.354, -11.559
    ],
    "weights": [
       33.926, 28.353, 21.365, 22.532, 23.081
    ],
    "peaks": [
        "???"
    ],
    "snrs": [
        "???"
    ],
    "best_neuron": 1
}