{
    "freq0": 130,
    "f_resonator": 130.58867125488848,
    "lf": 4,
    "mse": [
        159.7872869318182, 17.09366122159091, 41.14098011363637, 86.3115234375, 76.08336292613637
    ],
    "mean_mse": "???",
    "thetas": [
       -2.112, -10.606, -11.543, -12.375
    ],
    "weights": [
       36.417, 30.765, 21.497, 22.938, 24.704
    ],
    "peaks": [
        "???"
    ],
    "snrs": [
        "???"
    ],
    "best_neuron": 1
}