{
    "freq0": 130,
    "f_resonator": 130.58867125488848,
    "lf": 4,
    "mse": [
        15.025213068181818, 150.7286044034091, 264.28684303977275, 360.40829190340907, 197.6122381036932
    ],
    "mean_mse": "???",
    "thetas": [
       -2.112, -10.756, -11.807, -12.735
    ],
    "weights": [
       36.417, 30.765, 21.797, 23.466, 25.424
    ],
    "peaks": [
        "???"
    ],
    "snrs": [
        "???"
    ],
    "best_neuron": 1
}