{
    "clk_freq": 1536000,
    "input_freq0": 15.9,
    "freq0": 15.915494309189535,
    "lf": 4,
    "lp": 959,
    "chosen_bias": [
        -0.75,
        -1.57,
        -1.702,
        -1.193
    ],
    "chosen_weights": [
        4.192,
        2.774,
        3.146,
        3.459,
        2.565
    ],
    "weight_and_bias_owner": 16.3,
    "chosen_amplitude_size": 1e-05,
    "chosen_window_size": "1 / 180",
    "mse": [
        216.90927081271937,
        425.9424649258939,
        689.3633229525783,
        69.42402433054546,
        350.4097707554343
    ],
    "mse_mean": 350.4097707554343,
    "weight_results": [
        4.348,
        2.79,
        3.225,
        3.573,
        2.339
    ],
    "theta_results": [
        -0.75,
        -1.568,
        -1.7,
        -1.059
    ],
    "iterations": "11"
}