{
    "freq0": 55.0,
    "f_resonator": 55.15839182968214,
    "lf": 4,
    "mse": [
        105.16172711295734, 71.88185013580444, 185.28850455344303, 263.5127416520211, 156.46120586355647
    ],
    "mean_mse": "???",
    "thetas": [
      -1.098, -4.995, -4.318, -5.116
    ],
    "weights": [
       14.421, 11.258, 10.161, 8.42, 9.521
    ],
    "peaks": [
        "???"
    ],
    "snrs": [
        "???"
    ],
    "best_neuron": 1
}