{
    "freq0": 60.0,
    "f_resonator": 60.15304935756674,
    "lf": 4,
    "mse": [
        500.46798786061646, 578.3820980657428, 88.00131631869539, 90.27434275476251, 314.2814362499543
    ],
    "mean_mse": "???",
    "thetas": [
       -2.093, -4.821, -4.243, -5.047
    ],
    "weights": [
        16.559, 11.231, 10.127, 8.994, 10.08
    ],
    "peaks": [
        "???"
    ],
    "snrs": [
        "???"
    ],
    "best_neuron": 1
}