{
    "freq0": 65.0,
    "f_resonator": 65.01648739073171,
    "lf": 4,
    "mse": [
        902.476130761913, 126.83979071175301, 175.9343163538874, 606.6505232206175, 452.97519026204276
    ],
    "mean_mse": "???",
    "thetas": [
       -0.75, -4.7, -4.705, -5.145
    ],
    "weights": [
        20.44, 17.146, 9.91, 9.931, 10.405
    ],
    "peaks": [
        "???"
    ],
    "snrs": [
        "???"
    ],
    "best_neuron": 1
}