{
    "freq0": 70.0,
    "f_resonator": 70.0865804441374,
    "lf": 4,
    "mse": [
        16.428958304150907, 89.72521828454032, 195.8153803053649, 230.73184853154038, 133.17535135639912
    ],
    "mean_mse": "???",
    "thetas": [
        -0.3, -5.343, -6.008, -6.742
    ],
    "weights": [
         19.056, 16.911, 10.703, 12.064, 13.443
    ],
    "peaks": [
        "???"
    ],
    "snrs": [
        "???"
    ],
    "best_neuron": 1
}