{
    "freq0": 75.0,
    "f_resonator": 75.26539180700469,
    "lf": 4,
    "mse": [
        294.83218644833994, 16.89135566829072, 185.2318549399769, 238.68054648651363, 183.9089858857803
    ],
    "mean_mse": "???",
    "thetas": [
        -0.75, -5.379, -6.22, -7.518
    ],
    "weights": [
       21.131, 18.643, 11.039, 12.65, 15.114
    ],
    "peaks": [
        "???"
    ],
    "snrs": [
        "???"
    ],
    "best_neuron": 1
}