{
    "freq0": 85.0,
    "f_resonator": 85.35684098783213,
    "lf": 4,
    "mse": [
        89.3747499571355, 68.20209178716351, 9.786020460650397, 153.82728467737326, 80.29753672058067
    ],
    "mean_mse": "???",
    "thetas": [
        -3.43, -8.516, -9.427, -9.242
    ],
    "weights": [
        17.759, 11.71, 17.074, 18.944, 18.436
    ],
    "peaks": [
        "???"
    ],
    "snrs": [
        "???"
    ],
    "best_neuron": 1
}