{
    "freq0": 90.0,
    "f_resonator": 90.40754163799971,
    "lf": 4,
    "mse": [
        44.20168576799466, 46.10278333636529, 22.842762719058882, 7.067309441513553, 30.0536353162331
    ],
    "mean_mse": "???",
    "thetas": [
        -3.335, -8.368, -9.021, -9.432
    ],
    "weights": [
        21.591, 14.989, 16.882, 17.88, 18.811
    ],
    "peaks": [
        "???"
    ],
    "snrs": [
        "???"
    ],
    "best_neuron": 1
}