{
    "freq0": 95.0,
    "f_resonator": 95.4929658551372,
    "lf": 4,
    "mse": [
        34.9156935711536, 21.909983318362634, 13.2440010265623, 0.7420120621070191, 17.70292249454639
    ],
    "mean_mse": "???",
    "thetas": [
        -3.335, -8.384, -9.113, -9.72
    ],
    "weights": [
        24.885, 18.14, 16.876, 18.03, 19.318
    ],
    "peaks": [
        "???"
    ],
    "snrs": [
        "???"
    ],
    "best_neuron": 1
}