{
    "clk_freq": 1536000,
    "input_freq0": 101,
    "freq0": 101.18459958160234,
    "lf": 4,
    "lp": 150,
    "chosen_bias": [
        -3.449,
        -10.563,
        -9.532,
        -9.625
    ],
    "chosen_weights": [
        23.168,
        16.655,
        21.389,
        19.051,
        19.339
    ],
    "mse": [
        32.51185124642419,
        25.13056804250102,
        7.5262906960904505,
        8.820528538346274,
        18.497309630840483
    ],
    "mse_mean": 18.497309630840483,
    "weight_results": [
        24.724,
        17.573,
        20.542,
        18.76,
        19.907
    ],
    "theta_results": [
        -3.677,
        -10.151,
        -9.348,
        -9.831
    ],
    "iterations": "24"
}