{
    "clk_freq": 1536000,
    "input_freq0": 105,
    "freq0": 105.37154852980657,
    "lf": 4,
    "lp": 144,
    "chosen_bias": [
        -3.512,
        -9.747,
        -9.382,
        -10.468
    ],
    "chosen_weights": [
        27.533,
        20.43,
        19.662,
        18.7,
        20.884
    ],
    "mse": [
        40.27582042903821,
        25.69803949424634,
        42.22801534308851,
        23.6327603352749,
        32.95865890041199
    ],
    "mse_mean": 32.95865890041199,
    "weight_results": [
        27.533,
        20.43,
        19.662,
        18.786,
        20.884
    ],
    "theta_results": [
        -3.512,
        -9.747,
        -9.425,
        -10.468
    ],
    "iterations": "2"
}