{
    "clk_freq": 1536000,
    "input_freq0": 100,
    "freq0": 100.51891142646022,
    "lf": 4,
    "lp": 151,
    "chosen_bias": [
        -2.581,
        -9.934,
        -10.257,
        -9.852
    ],
    "chosen_weights": [
        20.591,
        15.903,
        19.864,
        20.538,
        19.693
    ],
    "mse": [
        124.23724800432959,
        39.80814504126641,
        33.158909484508186,
        26.34988499526451,
        55.88854688134218
    ],
    "mse_mean": 55.88854688134218,
    "weight_results": [
        23.168,
        16.655,
        21.389,
        19.051,
        19.339
    ],
    "theta_results": [
        -3.449,
        -10.563,
        -9.532,
        -9.625
    ],
    "iterations": "52"
}