{
    "clk_freq": 1536000,
    "input_freq0": 116,
    "freq0": 116.63263005207597,
    "lf": 4,
    "lp": 130,
    "chosen_bias": [
        -3.127,
        -10.985,
        -11.596,
        -11.551
    ],
    "chosen_weights": [
        25.369,
        19.979,
        22.243,
        23.005,
        23.077
    ],
    "mse": [
        133.0828663878147,
        117.87349064793624,
        111.29508326098966,
        115.75692526241023,
        119.50209138978771
    ],
    "mse_mean": 119.50209138978771,
    "weight_results": [
        25.635,
        20.245,
        22.477,
        23.227,
        23.077
    ],
    "theta_results": [
        -3.26,
        -11.102,
        -11.707,
        -11.551
    ],
    "iterations": "2"
}