{
    "clk_freq": 1536000,
    "input_freq0": 112,
    "freq0": 112.34466571192611,
    "lf": 4,
    "lp": 135,
    "chosen_bias": [
        -2.742,
        -10.616,
        -11.382,
        -11.057
    ],
    "chosen_weights": [
        24.533,
        19.206,
        21.458,
        22.506,
        21.985
    ],
    "mse": [
        75.0639896766358,
        80.20859268255656,
        38.054880825869134,
        32.36875664187035,
        56.42405495673296
    ],
    "mse_mean": 56.42405495673296,
    "weight_results": [
        24.683,
        19.356,
        21.618,
        22.582,
        22.049
    ],
    "theta_results": [
        -2.817,
        -10.696,
        -11.42,
        -11.089
    ],
    "iterations": "2"
}