{
    "clk_freq": 1536000,
    "input_freq0": 111,
    "freq0": 111.52463165563469,
    "lf": 4,
    "lp": 136,
    "chosen_bias": [
        -2.629,
        -10.487,
        -11.313,
        -11.006
    ],
    "chosen_weights": [
        24.307,
        18.98,
        21.2,
        22.368,
        21.883
    ],
    "mse": [
        113.66415549193913,
        129.47250263673345,
        69.94236854000302,
        51.768042790417354,
        91.21176736477324
    ],
    "mse_mean": 91.21176736477324,
    "weight_results": [
        24.533,
        19.206,
        21.458,
        22.506,
        21.985
    ],
    "theta_results": [
        -2.742,
        -10.616,
        -11.382,
        -11.057
    ],
    "iterations": "2"
}