{
    "clk_freq": 1536000,
    "input_freq0": 114,
    "freq0": 114.021451767328,
    "lf": 4,
    "lp": 133,
    "chosen_bias": [
        -2.956,
        -10.833,
        -11.508,
        -11.174
    ],
    "chosen_weights": [
        24.961,
        19.634,
        21.892,
        22.758,
        22.219
    ],
    "mse": [
        58.12980806289987,
        49.47999691667309,
        34.438526169737145,
        56.53927387651276,
        49.64690125645572
    ],
    "mse_mean": 49.64690125645572,
    "weight_results": [
        25.077,
        19.75,
        21.99,
        22.758,
        22.219
    ],
    "theta_results": [
        -3.014,
        -10.882,
        -11.508,
        -11.174
    ],
    "iterations": "2"
}