{
    "clk_freq": 1536000,
    "input_freq0": 129,
    "freq0": 129.48198760018605,
    "lf": 4,
    "lp": 117,
    "chosen_bias": [
        -5.336,
        -12.763,
        -12.648,
        -12.412
    ],
    "chosen_weights": [
        31.704,
        21.255,
        25.791,
        25.167,
        24.932
    ],
    "mse": [
        55.40399507215769,
        25.351900739176347,
        15.851020767335445,
        12.70142555438226,
        27.327085533262935
    ],
    "mse_mean": 27.327085533262938,
    "weight_results": [
        31.794,
        21.257,
        26.104,
        25.419,
        25.316
    ],
    "theta_results": [
        -5.336,
        -12.885,
        -12.742,
        -12.589
    ],
    "iterations": "10"
}