{
    "clk_freq": 1536000,
    "input_freq0": 127,
    "freq0": 127.32395447351628,
    "lf": 4,
    "lp": 119,
    "chosen_bias": [
        -5.34,
        -12.758,
        -12.64,
        -12.119
    ],
    "chosen_weights": [
        30.476,
        20.808,
        25.462,
        25.222,
        24.253
    ],
    "mse": [
        109.0337224383917,
        72.07998270644185,
        48.590142671854736,
        25.73947254647644,
        63.860830090791175
    ],
    "mse_mean": 63.86083009079117,
    "weight_results": [
        30.66,
        20.735,
        25.721,
        25.479,
        24.489
    ],
    "theta_results": [
        -5.339,
        -12.758,
        -12.64,
        -12.118
    ],
    "iterations": "12"
}