{
    "clk_freq": 1536000,
    "input_freq0": 122,
    "freq0": 122.23099629457563,
    "lf": 4,
    "lp": 124,
    "chosen_bias": [
        -3.755,
        -11.899,
        -12.135,
        -11.346
    ],
    "chosen_weights": [
        27.235,
        20.392,
        24.221,
        24.395,
        22.962
    ],
    "mse": [
        32.864600596619155,
        28.029582366589327,
        54.08452104739808,
        72.17277096453431,
        46.78786874378521
    ],
    "mse_mean": 46.78786874378521,
    "weight_results": [
        29.634,
        19.966,
        24.798,
        25.09,
        23.615
    ],
    "theta_results": [
        -4.919,
        -12.426,
        -12.574,
        -11.8
    ],
    "iterations": "466"
}