{
    "clk_freq": 1536000,
    "input_freq0": 131,
    "freq0": 131.7144356622582,
    "lf": 4,
    "lp": 115,
    "chosen_bias": [
        -5.519,
        -13.013,
        -12.731,
        -12.629
    ],
    "chosen_weights": [
        32.205,
        21.629,
        26.389,
        25.421,
        25.393
    ],
    "mse": [
        52.12030816088865,
        41.16742811072292,
        20.551464660037624,
        14.75705455522709,
        32.14906387171907
    ],
    "mse_mean": 32.14906387171907,
    "weight_results": [
        32.941,
        22.035,
        26.231,
        25.667,
        25.731
    ],
    "theta_results": [
        -5.518,
        -13.017,
        -12.978,
        -12.929
    ],
    "iterations": "43"
}