{
    "clk_freq": 1536000,
    "input_freq0": 139,
    "freq0": 140.1731608882748,
    "lf": 4,
    "lp": 108,
    "chosen_bias": [
        -5.971,
        -13.571,
        -13.449,
        -13.889
    ],
    "chosen_weights": [
        35.002,
        23.503,
        27.353,
        26.758,
        27.821
    ],
    "mse": [
        54.46658380342289,
        32.937852567167035,
        25.62902763170475,
        17.521751601491538,
        32.638803900946556
    ],
    "mse_mean": 32.638803900946556,
    "weight_results": [
        35.002,
        23.503,
        27.353,
        27.114,
        28.089
    ],
    "theta_results": [
        -5.971,
        -13.571,
        -13.627,
        -14.023
    ],
    "iterations": "3"
}