{
    "clk_freq": 1536000,
    "input_freq0": 138,
    "freq0": 138.8988594256541,
    "lf": 4,
    "lp": 109,
    "chosen_bias": [
        -5.832,
        -13.458,
        -13.354,
        -13.726
    ],
    "chosen_weights": [
        34.663,
        23.157,
        27.06,
        26.466,
        27.41
    ],
    "mse": [
        20.030587121212122,
        17.419128787878787,
        17.334564393939395,
        40.612878787878785,
        23.849289772727275
    ],
    "mse_mean": 23.849289772727275,
    "weight_results": [
        35.002,
        23.503,
        27.353,
        26.758,
        27.821
    ],
    "theta_results": [
        -5.971,
        -13.571,
        -13.449,
        -13.889
    ],
    "iterations": "15"
}