{
    "clk_freq": 1536000,
    "input_freq0": 137,
    "freq0": 137.64751834974732,
    "lf": 4,
    "lp": 110,
    "chosen_bias": [
        -5.834,
        -13.316,
        -13.348,
        -13.425
    ],
    "chosen_weights": [
        33.716,
        22.734,
        26.926,
        26.596,
        26.929
    ],
    "mse": [
        59.940712945590995,
        42.258161350844276,
        26.00187617260788,
        17.30497185741088,
        36.37643058161351
    ],
    "mse_mean": 36.37643058161351,
    "weight_results": [
        34.663,
        23.157,
        27.06,
        26.466,
        27.41
    ],
    "theta_results": [
        -5.832,
        -13.458,
        -13.354,
        -13.726
    ],
    "iterations": "54"
}