{
    "clk_freq": 1536000,
    "input_freq0": 136,
    "freq0": 136.418522650196,
    "lf": 4,
    "lp": 111,
    "chosen_bias": [
        -5.834,
        -13.149,
        -13.348,
        -13.425
    ],
    "chosen_weights": [
        33.67,
        22.755,
        26.556,
        26.556,
        26.882
    ],
    "mse": [
        78.94377845925099,
        43.748164668711084,
        39.034569277948144,
        29.553201375336865,
        47.819928445311774
    ],
    "mse_mean": 47.819928445311774,
    "weight_results": [
        33.716,
        22.734,
        26.926,
        26.596,
        26.929
    ],
    "theta_results": [
        -5.834,
        -13.316,
        -13.348,
        -13.425
    ],
    "iterations": "8"
}