{
    "clk_freq": 1536000,
    "input_freq0": 142,
    "freq0": 142.79321997029862,
    "lf": 4,
    "lp": 106,
    "chosen_bias": [
        -6.217,
        -13.799,
        -13.853,
        -14.637
    ],
    "chosen_weights": [
        35.756,
        23.441,
        27.693,
        27.632,
        29.271
    ],
    "mse": [
        70.64983427568727,
        52.73883798011308,
        37.329011503217004,
        21.016182491713785,
        45.43346656268278
    ],
    "mse_mean": 45.43346656268278,
    "weight_results": [
        35.756,
        23.441,
        27.693,
        27.632,
        29.271
    ],
    "theta_results": [
        -6.217,
        -13.799,
        -13.853,
        -14.637
    ],
    "iterations": "2"
}