{
    "clk_freq": 1536000,
    "input_freq0": 141,
    "freq0": 141.4710605261292,
    "lf": 4,
    "lp": 107,
    "chosen_bias": [
        -5.971,
        -13.571,
        -13.627,
        -14.023
    ],
    "chosen_weights": [
        35.002,
        23.503,
        27.353,
        27.114,
        28.089
    ],
    "mse": [
        24.88821314798726,
        30.145670431508833,
        50.87614634617241,
        67.69398590597548,
        43.401003957911
    ],
    "mse_mean": 43.401003957911,
    "weight_results": [
        35.756,
        23.441,
        27.693,
        27.632,
        29.271
    ],
    "theta_results": [
        -6.217,
        -13.799,
        -13.853,
        -14.637
    ],
    "iterations": "60"
}