{
    "clk_freq": 1536000,
    "input_freq0": 140,
    "freq0": 140.1731608882748,
    "lf": 4,
    "lp": 108,
    "chosen_bias": [
        -5.971,
        -13.571,
        -13.627,
        -14.023
    ],
    "chosen_weights": [
        35.002,
        23.503,
        27.353,
        27.114,
        28.089
    ],
    "mse": [
        52.867004493737454,
        31.427096280715173,
        24.55282531790802,
        16.92303279472225,
        31.442489721770723
    ],
    "mse_mean": 31.44248972177072,
    "weight_results": [
        35.002,
        23.503,
        27.353,
        27.114,
        28.089
    ],
    "theta_results": [
        -5.971,
        -13.571,
        -13.627,
        -14.023
    ],
    "iterations": "2"
}