{
    "clk_freq": 1536000,
    "input_freq0": 145,
    "freq0": 145.51309082687573,
    "lf": 4,
    "lp": 104,
    "chosen_bias": [
        -6.217,
        -13.969,
        -13.999,
        -14.807
    ],
    "chosen_weights": [
        35.84,
        23.499,
        28.14,
        28.014,
        29.661
    ],
    "mse": [
        44.0797454509297,
        21.35338570150144,
        12.262503728746147,
        24.781246892711543,
        25.61922044347221
    ],
    "mse_mean": 25.61922044347221,
    "weight_results": [
        35.935,
        23.532,
        28.552,
        28.343,
        29.935
    ],
    "theta_results": [
        -6.217,
        -14.127,
        -14.131,
        -14.948
    ],
    "iterations": "19"
}