{
    "clk_freq": 1536000,
    "input_freq0": 155,
    "freq0": 155.90688302879545,
    "lf": 4,
    "lp": 97,
    "chosen_bias": [
        -6.44,
        -14.78,
        -15.27,
        -16.055
    ],
    "chosen_weights": [
        37.299,
        24.676,
        29.933,
        30.503,
        32.141
    ],
    "mse": [
        34.51560829591619,
        45.50833867864015,
        61.270686337395766,
        95.56724395980329,
        59.215469317938854
    ],
    "mse_mean": 59.215469317938854,
    "weight_results": [
        39.246,
        24.871,
        30.3,
        31.12,
        33.172
    ],
    "theta_results": [
        -7.291,
        -15.182,
        -15.591,
        -16.644
    ],
    "iterations": "575"
}