{
    "clk_freq": 1536000,
    "input_freq0": 156,
    "freq0": 157.51417048270056,
    "lf": 4,
    "lp": 96,
    "chosen_bias": [
        -7.291,
        -15.182,
        -15.591,
        -16.644
    ],
    "chosen_weights": [
        39.246,
        24.871,
        30.3,
        31.12,
        33.172
    ],
    "mse": [
        30.282827191181237,
        36.0237760726251,
        50.02636982600238,
        83.20242083648546,
        49.883848481573544
    ],
    "mse_mean": 49.883848481573544,
    "weight_results": [
        40.006,
        24.907,
        30.845,
        31.519,
        33.408
    ],
    "theta_results": [
        -7.673,
        -15.428,
        -15.791,
        -16.744
    ],
    "iterations": "235"
}