{
    "clk_freq": 1536000,
    "input_freq0": 152,
    "freq0": 152.7887453682195,
    "lf": 4,
    "lp": 99,
    "chosen_bias": [
        -6.44,
        -14.375,
        -14.949,
        -15.689
    ],
    "chosen_weights": [
        37.199,
        24.648,
        29.019,
        29.769,
        31.354
    ],
    "mse": [
        21.452119309262166,
        5.597906855049712,
        1.6970172684458398,
        32.11104133961277,
        15.214521193092622
    ],
    "mse_mean": 15.214521193092622,
    "weight_results": [
        37.265,
        24.669,
        29.473,
        30.137,
        31.749
    ],
    "theta_results": [
        -6.44,
        -14.567,
        -15.101,
        -15.866
    ],
    "iterations": "10"
}