{
    "clk_freq": 1536000,
    "input_freq0": 158,
    "freq0": 159.15494309189535,
    "lf": 4,
    "lp": 95,
    "chosen_bias": [
        -7.704,
        -15.43,
        -15.795,
        -16.745
    ],
    "chosen_weights": [
        40.048,
        24.872,
        30.845,
        31.534,
        33.39
    ],
    "mse": [
        59.31184440559441,
        42.52349213286713,
        25.542832167832167,
        46.31129807692308,
        43.4223666958042
    ],
    "mse_mean": 43.4223666958042,
    "weight_results": [
        40.072,
        24.908,
        30.894,
        31.573,
        33.425
    ],
    "theta_results": [
        -7.704,
        -15.43,
        -15.796,
        -16.745
    ],
    "iterations": "14"
}