{
    "clk_freq": 1536000,
    "input_freq0": 150,
    "freq0": 151.27598551308864,
    "lf": 4,
    "lp": 100,
    "chosen_bias": [
        -6.44,
        -14.186,
        -14.797,
        -15.521
    ],
    "chosen_weights": [
        37.125,
        24.591,
        28.557,
        29.356,
        30.899
    ],
    "mse": [
        33.23480062143967,
        19.124598653547384,
        8.364474365613672,
        16.753599171413775,
        19.369368203003624
    ],
    "mse_mean": 19.369368203003624,
    "weight_results": [
        37.199,
        24.648,
        29.019,
        29.769,
        31.354
    ],
    "theta_results": [
        -6.44,
        -14.375,
        -14.949,
        -15.689
    ],
    "iterations": "14"
}