{
    "clk_freq": 1536000,
    "input_freq0": 166,
    "freq0": 166.07472322632557,
    "lf": 4,
    "lp": 91,
    "chosen_bias": [
        -7.84,
        -15.746,
        -16.414,
        -17.085
    ],
    "chosen_weights": [
        43.017,
        27.487,
        31.616,
        32.608,
        34.029
    ],
    "mse": [
        48.145828571428574,
        36.73394285714286,
        21.03017142857143,
        31.445028571428573,
        34.338742857142854
    ],
    "mse_mean": 34.338742857142854,
    "weight_results": [
        43.017,
        27.487,
        31.616,
        32.608,
        34.029
    ],
    "theta_results": [
        -7.84,
        -15.746,
        -16.414,
        -17.085
    ],
    "iterations": "3"
}