{
    "clk_freq": 1536000,
    "input_freq0": 175,
    "freq0": 175.61924754967762,
    "lf": 4,
    "lp": 86,
    "chosen_bias": [
        -8.304,
        -16.621,
        -17.339,
        -18.416
    ],
    "chosen_weights": [
        46.045,
        29.702,
        33.312,
        34.499,
        36.775
    ],
    "mse": [
        31.23714839961203,
        41.65046071774976,
        57.674102812803106,
        80.319592628516,
        52.72032613967023
    ],
    "mse_mean": 52.72032613967023,
    "weight_results": [
        45.344,
        28.481,
        34.117,
        34.962,
        36.843
    ],
    "theta_results": [
        -8.546,
        -17.094,
        -17.517,
        -18.475
    ],
    "iterations": "366"
}