{
    "clk_freq": 1536000,
    "input_freq0": 184,
    "freq0": 184.08282574484278,
    "lf": 4,
    "lp": 82,
    "chosen_bias": [
        -8.972,
        -17.587,
        -18.02,
        -18.659
    ],
    "chosen_weights": [
        48.708,
        30.861,
        35.326,
        35.858,
        37.195
    ],
    "mse": [
        51.19971960234514,
        37.570481774152434,
        23.99158807035432,
        32.70915115982666,
        36.367735151669635
    ],
    "mse_mean": 36.367735151669635,
    "weight_results": [
        48.709,
        30.862,
        35.323,
        35.86,
        37.193
    ],
    "theta_results": [
        -8.972,
        -17.587,
        -18.021,
        -18.659
    ],
    "iterations": "4"
}