{
    "clk_freq": 1536000,
    "input_freq0": 180,
    "freq0": 181.89136353359467,
    "lf": 4,
    "lp": 83,
    "chosen_bias": [
        -8.974,
        -17.393,
        -17.77,
        -18.632
    ],
    "chosen_weights": [
        46.254,
        28.584,
        34.858,
        35.554,
        37.23
    ],
    "mse": [
        58.37377296753083,
        43.805310848225524,
        29.02970047822804,
        42.237226277372265,
        43.36150264283916
    ],
    "mse_mean": 43.36150264283916,
    "weight_results": [
        47.219,
        29.472,
        35.363,
        35.749,
        37.139
    ],
    "theta_results": [
        -8.973,
        -17.548,
        -17.978,
        -18.641
    ],
    "iterations": "123"
}