{
    "clk_freq": 1536000,
    "input_freq0": 190,
    "freq0": 190.9859317102744,
    "lf": 4,
    "lp": 79,
    "chosen_bias": [
        -8.972,
        -17.666,
        -18.537,
        -19.149
    ],
    "chosen_weights": [
        51.554,
        33.657,
        35.506,
        36.884,
        38.168
    ],
    "mse": [
        59.477995758218455,
        36.80010604453871,
        22.203738069989395,
        19.543080593849417,
        34.50623011664899
    ],
    "mse_mean": 34.50623011664899,
    "weight_results": [
        51.585,
        33.682,
        35.487,
        36.9,
        38.183
    ],
    "theta_results": [
        -8.972,
        -17.668,
        -18.54,
        -19.15
    ],
    "iterations": "18"
}