{
    "clk_freq": 1536000,
    "input_freq0": 194,
    "freq0": 195.88300688233272,
    "lf": 4,
    "lp": 77,
    "chosen_bias": [
        -9.273,
        -18.287,
        -18.91,
        -19.973
    ],
    "chosen_weights": [
        51.944,
        33.55,
        36.525,
        37.789,
        39.855
    ],
    "mse": [
        54.20550183848563,
        35.17363475418766,
        22.347269508375323,
        24.170638703527167,
        33.974261201143946
    ],
    "mse_mean": 33.974261201143946,
    "weight_results": [
        52.038,
        33.575,
        36.716,
        37.897,
        39.905
    ],
    "theta_results": [
        -9.273,
        -18.289,
        -18.914,
        -19.975
    ],
    "iterations": "34"
}