{
    "clk_freq": 1536000,
    "input_freq0": 204,
    "freq0": 206.47127752462097,
    "lf": 4,
    "lp": 73,
    "chosen_bias": [
        -9.273,
        -18.558,
        -19.688,
        -20.534
    ],
    "chosen_weights": [
        54.884,
        36.44,
        37.318,
        39.155,
        40.952
    ],
    "mse": [
        65.08903616193632,
        54.20760697305864,
        34.282091917591124,
        18.96369399222014,
        43.13560726120155
    ],
    "mse_mean": 43.13560726120155,
    "weight_results": [
        55.484,
        37.04,
        37.602,
        39.922,
        41.299
    ],
    "theta_results": [
        -9.273,
        -18.696,
        -20.098,
        -20.721
    ],
    "iterations": "133"
}