{
    "clk_freq": 1536000,
    "input_freq0": 200,
    "freq0": 201.03782285292044,
    "lf": 4,
    "lp": 75,
    "chosen_bias": [
        -9.273,
        -18.529,
        -19.298,
        -20.335
    ],
    "chosen_weights": [
        54.133,
        35.56,
        37.27,
        38.427,
        40.525
    ],
    "mse": [
        61.86082329879586,
        44.31559787174461,
        28.537244469336322,
        18.85242229067488,
        38.39152198263791
    ],
    "mse_mean": 38.39152198263791,
    "weight_results": [
        54.158,
        35.585,
        37.265,
        38.424,
        40.526
    ],
    "theta_results": [
        -9.273,
        -18.53,
        -19.3,
        -20.336
    ],
    "iterations": "11"
}