{
    "clk_freq": 1536000,
    "input_freq0": 205,
    "freq0": 206.47127752462097,
    "lf": 4,
    "lp": 73,
    "chosen_bias": [
        -9.273,
        -18.696,
        -20.098,
        -20.721
    ],
    "chosen_weights": [
        55.484,
        37.04,
        37.602,
        39.922,
        41.299
    ],
    "mse": [
        51.406281515631754,
        35.100273735772944,
        19.61532920328483,
        11.708255294626134,
        29.457534937328916
    ],
    "mse_mean": 29.457534937328916,
    "weight_results": [
        55.521,
        37.064,
        37.609,
        39.966,
        41.339
    ],
    "theta_results": [
        -9.273,
        -18.699,
        -20.101,
        -20.722
    ],
    "iterations": "20"
}