{
    "clk_freq": 1536000,
    "input_freq0": 203,
    "freq0": 203.71832715762605,
    "lf": 4,
    "lp": 74,
    "chosen_bias": [
        -9.273,
        -18.557,
        -19.687,
        -20.533
    ],
    "chosen_weights": [
        54.873,
        36.44,
        37.314,
        39.143,
        40.942
    ],
    "mse": [
        56.12114756426644,
        37.75571651754012,
        23.204374378639397,
        13.909671921602046,
        32.747727595512
    ],
    "mse_mean": 32.747727595512,
    "weight_results": [
        54.884,
        36.44,
        37.318,
        39.155,
        40.952
    ],
    "theta_results": [
        -9.273,
        -18.558,
        -19.688,
        -20.534
    ],
    "iterations": "10"
}