{
    "clk_freq": 1536000,
    "input_freq0": 218,
    "freq0": 218.26963624031362,
    "lf": 4,
    "lp": 69,
    "chosen_bias": [
        -10.36,
        -20.534,
        -20.998,
        -21.071
    ],
    "chosen_weights": [
        60.384,
        39.664,
        41.106,
        41.876,
        42.088
    ],
    "mse": [
        66.92613549472397,
        37.328337666309835,
        23.162410154457866,
        15.06973543355253,
        35.62165468726105
    ],
    "mse_mean": 35.62165468726105,
    "weight_results": [
        60.39,
        39.674,
        41.117,
        41.89,
        42.097
    ],
    "theta_results": [
        -10.36,
        -20.536,
        -21.001,
        -21.072
    ],
    "iterations": "17"
}