{
    "clk_freq": 1536000,
    "input_freq0": 215,
    "freq0": 215.19541601157678,
    "lf": 4,
    "lp": 70,
    "chosen_bias": [
        -11.005,
        -20.445,
        -20.879,
        -20.879
    ],
    "chosen_weights": [
        60.139,
        38.181,
        40.914,
        41.642,
        41.679
    ],
    "mse": [
        73.24190390118994,
        46.53577345985841,
        34.74951046844404,
        27.776924235577646,
        45.57602801626751
    ],
    "mse_mean": 45.57602801626751,
    "weight_results": [
        60.143,
        38.202,
        40.911,
        41.641,
        41.688
    ],
    "theta_results": [
        -11.005,
        -20.446,
        -20.881,
        -20.88
    ],
    "iterations": "10"
}