{
    "clk_freq": 1536000,
    "input_freq0": 216,
    "freq0": 218.26963624031362,
    "lf": 4,
    "lp": 69,
    "chosen_bias": [
        -11.005,
        -20.446,
        -20.881,
        -20.88
    ],
    "chosen_weights": [
        60.143,
        38.202,
        40.911,
        41.641,
        41.688
    ],
    "mse": [
        70.89203242085946,
        42.22021715858694,
        27.21945251567518,
        17.36871081205077,
        39.42510322679309
    ],
    "mse_mean": 39.42510322679309,
    "weight_results": [
        60.701,
        39.679,
        41.089,
        41.855,
        42.067
    ],
    "theta_results": [
        -10.508,
        -20.525,
        -20.985,
        -21.065
    ],
    "iterations": "508"
}