{
    "clk_freq": 1536000,
    "input_freq0": 214,
    "freq0": 215.19541601157678,
    "lf": 4,
    "lp": 70,
    "chosen_bias": [
        -11.005,
        -20.444,
        -20.877,
        -20.878
    ],
    "chosen_weights": [
        60.143,
        38.154,
        40.917,
        41.633,
        41.674
    ],
    "mse": [
        74.80795300497063,
        47.491790932369334,
        35.39313149570719,
        28.472209670131043,
        46.54127127579455
    ],
    "mse_mean": 46.54127127579455,
    "weight_results": [
        60.139,
        38.181,
        40.914,
        41.642,
        41.679
    ],
    "theta_results": [
        -11.005,
        -20.445,
        -20.879,
        -20.879
    ],
    "iterations": "13"
}