{
    "clk_freq": 1536000,
    "input_freq0": 210,
    "freq0": 212.2065907891938,
    "lf": 4,
    "lp": 71,
    "chosen_bias": [
        -12.107,
        -20.922,
        -21.683,
        -21.746
    ],
    "chosen_weights": [
        56.029,
        32.103,
        41.846,
        43.256,
        43.366
    ],
    "mse": [
        118.70919881305637,
        73.8526706231454,
        28.89228486646884,
        15.506973293768546,
        59.240281899109796
    ],
    "mse_mean": 59.2402818991098,
    "weight_results": [
        56.389,
        32.463,
        42.702,
        43.734,
        43.7
    ],
    "theta_results": [
        -12.287,
        -21.35,
        -21.922,
        -21.913
    ],
    "iterations": "3"
}