{
    "clk_freq": 1536000,
    "input_freq0": 224,
    "freq0": 224.68933142385222,
    "lf": 4,
    "lp": 67,
    "chosen_bias": [
        -10.196,
        -20.669,
        -21.173,
        -21.726
    ],
    "chosen_weights": [
        62.928,
        42.452,
        41.429,
        42.245,
        43.348
    ],
    "mse": [
        79.99684443041969,
        45.95171978542127,
        30.35926159671821,
        17.736983275481226,
        43.511202272010095
    ],
    "mse_mean": 43.511202272010095,
    "weight_results": [
        62.922,
        42.454,
        41.425,
        42.245,
        43.343
    ],
    "theta_results": [
        -10.196,
        -20.67,
        -21.175,
        -21.727
    ],
    "iterations": "8"
}