{
    "clk_freq": 1536000,
    "input_freq0": 221,
    "freq0": 221.43296430176744,
    "lf": 4,
    "lp": 68,
    "chosen_bias": [
        -10.36,
        -20.593,
        -21.075,
        -21.41
    ],
    "chosen_weights": [
        61.729,
        40.966,
        41.282,
        42.017,
        42.751
    ],
    "mse": [
        74.08061509785648,
        44.06026716371544,
        27.45013979496738,
        16.21745883814849,
        40.45212022367195
    ],
    "mse_mean": 40.45212022367195,
    "weight_results": [
        61.73,
        40.97,
        41.285,
        42.02,
        42.756
    ],
    "theta_results": [
        -10.36,
        -20.593,
        -21.076,
        -21.41
    ],
    "iterations": "3"
}