{
    "clk_freq": 1536000,
    "input_freq0": 227,
    "freq0": 228.042903534656,
    "lf": 4,
    "lp": 66,
    "chosen_bias": [
        -9.848,
        -20.76,
        -21.292,
        -22.058
    ],
    "chosen_weights": [
        63.726,
        43.926,
        41.628,
        42.469,
        44.016
    ],
    "mse": [
        73.35962802629469,
        40.3068783068783,
        28.531665864999198,
        17.331409331409333,
        39.88239538239538
    ],
    "mse_mean": 39.88239538239538,
    "weight_results": [
        63.37,
        43.867,
        41.633,
        42.496,
        44.04
    ],
    "theta_results": [
        -9.69,
        -20.768,
        -21.303,
        -22.064
    ],
    "iterations": "52"
}