{
    "clk_freq": 1536000,
    "input_freq0": 233,
    "freq0": 235.05960825879927,
    "lf": 4,
    "lp": 64,
    "chosen_bias": [
        -9.69,
        -20.883,
        -21.738,
        -22.791
    ],
    "chosen_weights": [
        66.136,
        46.601,
        41.976,
        43.288,
        45.506
    ],
    "mse": [
        80.6974817760106,
        43.71752816434725,
        35.94019218025182,
        23.921802518223988,
        46.069251159708415
    ],
    "mse_mean": 46.069251159708415,
    "weight_results": [
        66.16,
        46.611,
        41.976,
        43.299,
        45.513
    ],
    "theta_results": [
        -9.69,
        -20.886,
        -21.742,
        -22.793
    ],
    "iterations": "17"
}