{
    "clk_freq": 1536000,
    "input_freq0": 232,
    "freq0": 235.05960825879927,
    "lf": 4,
    "lp": 64,
    "chosen_bias": [
        -9.69,
        -20.821,
        -21.519,
        -22.434
    ],
    "chosen_weights": [
        64.708,
        45.187,
        41.822,
        42.86,
        44.787
    ],
    "mse": [
        79.83167660702452,
        45.37226640159046,
        39.328860172299535,
        27.112160371106693,
        47.911240888005295
    ],
    "mse_mean": 47.911240888005295,
    "weight_results": [
        66.136,
        46.601,
        41.976,
        43.288,
        45.506
    ],
    "theta_results": [
        -9.69,
        -20.883,
        -21.738,
        -22.791
    ],
    "iterations": "289"
}