{
    "clk_freq": 1536000,
    "input_freq0": 238,
    "freq0": 238.73241463784302,
    "lf": 4,
    "lp": 63,
    "chosen_bias": [
        -9.193,
        -20.969,
        -22.259,
        -23.333
    ],
    "chosen_weights": [
        66.283,
        47.383,
        41.992,
        44.262,
        46.541
    ],
    "mse": [
        74.10951979780961,
        41.70412805391744,
        37.59005897219882,
        23.60994102780118,
        44.25341196293176
    ],
    "mse_mean": 44.25341196293176,
    "weight_results": [
        66.16,
        47.55,
        41.952,
        44.284,
        46.559
    ],
    "theta_results": [
        -9.194,
        -20.976,
        -22.267,
        -23.337
    ],
    "iterations": "35"
}