{
    "clk_freq": 1536000,
    "input_freq0": 253,
    "freq0": 254.64790894703256,
    "lf": 4,
    "lp": 59,
    "chosen_bias": [
        -12.414,
        -23.687,
        -24.556,
        -24.647
    ],
    "chosen_weights": [
        71.349,
        46.473,
        47.445,
        48.947,
        49.192
    ],
    "mse": [
        76.62588107717332,
        44.178564973793605,
        29.209651183806255,
        18.697090186155794,
        42.177796855232245
    ],
    "mse_mean": 42.177796855232245,
    "weight_results": [
        71.348,
        46.499,
        47.441,
        48.95,
        49.201
    ],
    "theta_results": [
        -12.414,
        -23.689,
        -24.559,
        -24.648
    ],
    "iterations": "13"
}