{
    "clk_freq": 1536000,
    "input_freq0": 252,
    "freq0": 254.64790894703256,
    "lf": 4,
    "lp": 59,
    "chosen_bias": [
        -12.414,
        -23.676,
        -24.54,
        -24.64
    ],
    "chosen_weights": [
        71.393,
        46.232,
        47.424,
        48.94,
        49.184
    ],
    "mse": [
        75.387131754925,
        44.29893367070306,
        29.531718778239654,
        18.382432676667268,
        41.90005422013374
    ],
    "mse_mean": 41.90005422013374,
    "weight_results": [
        71.349,
        46.473,
        47.445,
        48.947,
        49.192
    ],
    "theta_results": [
        -12.414,
        -23.687,
        -24.556,
        -24.647
    ],
    "iterations": "61"
}