{
    "clk_freq": 1536000,
    "input_freq0": 262,
    "freq0": 263.4288713245164,
    "lf": 4,
    "lp": 57,
    "chosen_bias": [
        -11.443,
        -23.999,
        -24.965,
        -25.393
    ],
    "chosen_weights": [
        73.213,
        50.223,
        48.062,
        49.805,
        50.699
    ],
    "mse": [
        65.8797824456114,
        29.296511627906977,
        17.217929482370593,
        8.79463615903976,
        30.29721492873218
    ],
    "mse_mean": 30.29721492873218,
    "weight_results": [
        73.209,
        50.241,
        48.065,
        49.806,
        50.712
    ],
    "theta_results": [
        -11.443,
        -24.001,
        -24.969,
        -25.395
    ],
    "iterations": "15"
}