{
    "clk_freq": 1536000,
    "input_freq0": 273,
    "freq0": 277.7977188513082,
    "lf": 4,
    "lp": 54,
    "chosen_bias": [
        -11.287,
        -24.231,
        -25.69,
        -26.273
    ],
    "chosen_weights": [
        76.404,
        53.698,
        48.576,
        51.117,
        52.544
    ],
    "mse": [
        77.14052872192407,
        45.863247863247864,
        37.40628105744385,
        25.069767441860463,
        46.369956271119065
    ],
    "mse_mean": 46.369956271119065,
    "weight_results": [
        78.062,
        55.402,
        48.87,
        51.52,
        53.906
    ],
    "theta_results": [
        -11.288,
        -24.333,
        -25.961,
        -27.032
    ],
    "iterations": "365"
}