{
    "clk_freq": 1536000,
    "input_freq0": 286,
    "freq0": 288.28065163815006,
    "lf": 4,
    "lp": 52,
    "chosen_bias": [
        -12.275,
        -25.202,
        -27.558,
        -28.456
    ],
    "chosen_weights": [
        80.228,
        55.54,
        50.507,
        54.935,
        56.737
    ],
    "mse": [
        66.09875776397516,
        31.251552795031056,
        20.48902691511387,
        8.447412008281573,
        31.571687370600415
    ],
    "mse_mean": 31.571687370600415,
    "weight_results": [
        80.221,
        55.549,
        50.51,
        54.94,
        56.74
    ],
    "theta_results": [
        -12.275,
        -25.204,
        -27.56,
        -28.457
    ],
    "iterations": "8"
}