{
    "clk_freq": 1536000,
    "input_freq0": 287,
    "freq0": 288.28065163815006,
    "lf": 4,
    "lp": 52,
    "chosen_bias": [
        -12.275,
        -25.204,
        -27.56,
        -28.457
    ],
    "chosen_weights": [
        80.221,
        55.549,
        50.51,
        54.94,
        56.74
    ],
    "mse": [
        64.94575569358177,
        33.512836438923394,
        22.574534161490682,
        9.742650103519669,
        32.69394409937888
    ],
    "mse_mean": 32.69394409937888,
    "weight_results": [
        80.219,
        55.559,
        50.51,
        54.941,
        56.744
    ],
    "theta_results": [
        -12.275,
        -25.205,
        -27.562,
        -28.458
    ],
    "iterations": "7"
}