{
    "clk_freq": 1536000,
    "input_freq0": 294,
    "freq0": 299.585775231803,
    "lf": 4,
    "lp": 50,
    "chosen_bias": [
        -12.136,
        -25.34,
        -28.253,
        -28.898
    ],
    "chosen_weights": [
        81.507,
        57.226,
        50.929,
        56.151,
        57.719
    ],
    "mse": [
        79.12076042341758,
        88.29228775113415,
        55.99697558868006,
        33.28688701663426,
        64.1742276949665
    ],
    "mse_mean": 64.1742276949665,
    "weight_results": [
        83.366,
        58.701,
        51.422,
        57.378,
        58.56
    ],
    "theta_results": [
        -12.137,
        -25.453,
        -29.005,
        -29.472
    ],
    "iterations": "359"
}