{
    "clk_freq": 1536000,
    "input_freq0": 299,
    "freq0": 299.585775231803,
    "lf": 4,
    "lp": 50,
    "chosen_bias": [
        -12.137,
        -25.469,
        -29.076,
        -29.476
    ],
    "chosen_weights": [
        83.224,
        58.867,
        51.251,
        57.494,
        58.663
    ],
    "mse": [
        74.33225318643335,
        68.85331605098294,
        41.3400302441132,
        24.590192266148197,
        52.27894793691942
    ],
    "mse_mean": 52.278947936919415,
    "weight_results": [
        83.216,
        58.872,
        51.244,
        57.496,
        58.671
    ],
    "theta_results": [
        -12.137,
        -25.47,
        -29.077,
        -29.476
    ],
    "iterations": "4"
}