{
    "clk_freq": 1536000,
    "input_freq0": 298,
    "freq0": 299.585775231803,
    "lf": 4,
    "lp": 50,
    "chosen_bias": [
        -12.137,
        -25.468,
        -29.075,
        -29.476
    ],
    "chosen_weights": [
        83.237,
        58.853,
        51.263,
        57.493,
        58.651
    ],
    "mse": [
        72.29034348671419,
        69.46640743141067,
        42.01144955713977,
        25.85201987470296,
        52.405055087491895
    ],
    "mse_mean": 52.405055087491895,
    "weight_results": [
        83.224,
        58.867,
        51.251,
        57.494,
        58.663
    ],
    "theta_results": [
        -12.137,
        -25.469,
        -29.076,
        -29.476
    ],
    "iterations": "4"
}