{
    "clk_freq": 1536000,
    "input_freq0": 306,
    "freq0": 311.8137660575909,
    "lf": 4,
    "lp": 48,
    "chosen_bias": [
        -12.14,
        -25.719,
        -29.69,
        -29.977
    ],
    "chosen_weights": [
        85.091,
        60.723,
        51.673,
        58.822,
        59.767
    ],
    "mse": [
        50.80126467931346,
        40.239837398373986,
        49.91644083107498,
        82.03184281842819,
        55.74734643179765
    ],
    "mse_mean": 55.74734643179765,
    "weight_results": [
        91.82,
        46.913,
        62.243,
        66.604,
        64.093
    ],
    "theta_results": [
        -22.867,
        -31.24,
        -33.422,
        -32.076
    ],
    "iterations": "338"
}