{
    "clk_freq": 1536000,
    "input_freq0": 304,
    "freq0": 305.577490736439,
    "lf": 4,
    "lp": 49,
    "chosen_bias": [
        -12.139,
        -25.687,
        -29.452,
        -29.961
    ],
    "chosen_weights": [
        85.029,
        60.466,
        52.206,
        58.474,
        59.772
    ],
    "mse": [
        69.7173144876325,
        56.52451413427562,
        34.87588339222615,
        21.14399293286219,
        45.56542623674912
    ],
    "mse_mean": 45.56542623674912,
    "weight_results": [
        85.091,
        60.723,
        51.673,
        58.822,
        59.767
    ],
    "theta_results": [
        -12.14,
        -25.718,
        -29.689,
        -29.977
    ],
    "iterations": "89"
}