{
    "clk_freq": 1536000,
    "input_freq0": 308,
    "freq0": 311.8137660575909,
    "lf": 4,
    "lp": 48,
    "chosen_bias": [
        -23.363,
        -31.3,
        -33.565,
        -31.478
    ],
    "chosen_weights": [
        93.577,
        47.408,
        62.579,
        66.801,
        62.77
    ],
    "mse": [
        40.02326106594399,
        29.399728997289973,
        47.4516711833785,
        72.42728093947606,
        47.32548554652213
    ],
    "mse_mean": 47.32548554652213,
    "weight_results": [
        93.444,
        47.368,
        62.5,
        67.229,
        62.396
    ],
    "theta_results": [
        -23.403,
        -31.375,
        -33.735,
        -31.21
    ],
    "iterations": "179"
}