{
    "clk_freq": 1536000,
    "input_freq0": 310,
    "freq0": 311.8137660575909,
    "lf": 4,
    "lp": 48,
    "chosen_bias": [
        -23.438,
        -31.375,
        -33.736,
        -31.21
    ],
    "chosen_weights": [
        93.516,
        47.439,
        62.511,
        67.238,
        62.408
    ],
    "mse": [
        38.672764227642276,
        29.001129177958447,
        54.48351400180668,
        77.33175248419151,
        49.87228997289973
    ],
    "mse_mean": 49.87228997289973,
    "weight_results": [
        93.791,
        47.549,
        62.601,
        67.499,
        61.89
    ],
    "theta_results": [
        -23.51,
        -31.434,
        -33.873,
        -30.942
    ],
    "iterations": "4"
}