{
    "clk_freq": 1536000,
    "input_freq0": 314,
    "freq0": 318.3098861837907,
    "lf": 4,
    "lp": 47,
    "chosen_bias": [
        -11.542,
        -26.14,
        -30.352,
        -31.344
    ],
    "chosen_weights": [
        90.36,
        66.539,
        52.378,
        59.859,
        62.258
    ],
    "mse": [
        110.04229258146522,
        76.52761728680379,
        50.269470764964176,
        32.73145366304599,
        67.3927085740698
    ],
    "mse_mean": 67.3927085740698,
    "weight_results": [
        90.36,
        66.539,
        52.378,
        59.859,
        62.258
    ],
    "theta_results": [
        -11.542,
        -26.141,
        -30.353,
        -31.344
    ],
    "iterations": "2"
}