{
    "clk_freq": 1536000,
    "input_freq0": 321,
    "freq0": 325.08243695365854,
    "lf": 4,
    "lp": 46,
    "chosen_bias": [
        -11.335,
        -26.359,
        -30.877,
        -31.863
    ],
    "chosen_weights": [
        90.094,
        66.933,
        53.61,
        61.831,
        63.974
    ],
    "mse": [
        67.40227165168008,
        33.14718409843824,
        30.150023663038333,
        32.11003312825367,
        40.702378135352575
    ],
    "mse_mean": 40.702378135352575,
    "weight_results": [
        90.094,
        66.933,
        53.61,
        61.831,
        63.974
    ],
    "theta_results": [
        -11.335,
        -26.359,
        -30.878,
        -31.864
    ],
    "iterations": "2"
}