{
    "clk_freq": 1536000,
    "input_freq0": 330,
    "freq0": 332.14944645265115,
    "lf": 4,
    "lp": 45,
    "chosen_bias": [
        -10.734,
        -26.595,
        -32.267,
        -32.724
    ],
    "chosen_weights": [
        92.43,
        69.612,
        53.577,
        63.593,
        64.847
    ],
    "mse": [
        91.82331555986427,
        111.64735821619001,
        66.56228793019874,
        46.381968007755695,
        79.10373242850218
    ],
    "mse_mean": 79.10373242850218,
    "weight_results": [
        92.418,
        69.629,
        53.56,
        63.585,
        64.955
    ],
    "theta_results": [
        -10.734,
        -26.597,
        -32.269,
        -32.781
    ],
    "iterations": "4"
}