{
    "clk_freq": 1536000,
    "input_freq0": 335,
    "freq0": 339.53054526271006,
    "lf": 4,
    "lp": 44,
    "chosen_bias": [
        -10.741,
        -26.859,
        -32.743,
        -33.45
    ],
    "chosen_weights": [
        92.476,
        70.636,
        54.724,
        65.382,
        67.125
    ],
    "mse": [
        62.615403726708074,
        38.13739130434782,
        29.56944099378882,
        29.772173913043478,
        40.02360248447205
    ],
    "mse_mean": 40.02360248447205,
    "weight_results": [
        92.476,
        70.636,
        54.804,
        65.382,
        67.125
    ],
    "theta_results": [
        -10.741,
        -26.899,
        -32.744,
        -33.451
    ],
    "iterations": "2"
}